record_id,device_id,timestamp,red_value,green_value,blue_value,temperature,humidity,exposure_time,sensor_response,exposure_level,risk_class
1,WB-107,2026-09-15 18:30:26,197,201,156,43.5,71.2,7.38,0.168,5.46,Low Risk
2,WB-106,2026-09-09 05:51:26,197,191,156,28.0,40.4,7.54,0.1848,10.23,Low Risk
3,WB-109,2026-09-12 17:09:26,110,103,80,40.8,67.6,5.68,0.5467,32.98,Moderate Risk
4,WB-108,2026-10-03 06:29:26,161,144,129,42.3,38.1,8.12,0.3519,18.2,Low Risk
5,WB-108,2026-10-02 20:32:26,230,212,166,20.9,23.2,4.24,0.0773,9.5,Low Risk
6,WB-103,2026-09-13 14:21:26,171,158,123,17.2,45.1,1.83,0.2965,75.51,High Risk
7,WB-108,2026-09-12 10:00:26,116,121,92,41.6,53.1,1.88,0.5092,84.45,Hazardous
8,WB-104,2026-09-20 08:38:26,101,100,76,42.2,37.5,5.22,0.5663,49.87,Moderate Risk
9,WB-104,2026-10-04 14:56:26,200,200,167,31.2,76.5,10.81,0.1471,3.85,Safe
10,WB-108,2026-09-28 22:41:26,231,217,186,20.0,35.3,6.92,0.0352,2.27,Safe
11,WB-108,2026-09-24 01:23:26,201,183,145,23.0,88.4,5.23,0.2112,12.08,Low Risk
12,WB-108,2026-09-13 14:43:26,152,158,117,36.8,45.7,7.77,0.3504,18.75,Low Risk
13,WB-103,2026-09-28 22:29:26,164,165,133,39.3,44.4,1.61,0.3171,60.84,High Risk
14,WB-107,2026-09-26 09:00:26,57,58,37,44.5,56.2,3.5,0.771,97.75,Hazardous
15,WB-103,2026-09-07 22:14:26,209,192,145,41.6,74.6,7.88,0.1707,5.66,Low Risk
16,WB-109,2026-09-24 16:38:26,95,88,68,36.4,36.6,4.24,0.6284,77.23,High Risk
17,WB-107,2026-09-16 21:44:26,60,59,45,22.3,88.1,5.02,0.7555,76.02,High Risk
18,WB-103,2026-10-02 21:22:26,33,31,26,20.3,85.8,11.47,0.8639,59.06,High Risk
19,WB-105,2026-09-29 14:58:26,185,171,129,40.5,42.2,2.45,0.2608,32.77,Moderate Risk
20,WB-101,2026-10-02 19:23:26,82,82,59,36.1,45.2,3.88,0.6723,87.66,Hazardous
21,WB-101,2026-09-13 03:54:26,144,133,102,36.1,75.7,10.74,0.41,13.15,Low Risk
22,WB-106,2026-09-26 08:19:26,191,181,151,16.1,77.6,4.64,0.2129,18.28,Low Risk
23,WB-107,2026-09-09 17:14:26,108,104,73,36.8,88.3,6.44,0.5573,27.83,Moderate Risk
24,WB-101,2026-09-10 05:20:26,173,162,133,17.8,32.8,11.25,0.3025,18.08,Low Risk
25,WB-103,2026-09-14 00:39:26,244,215,161,18.6,43.9,1.56,0.0454,10.9,Low Risk
26,WB-105,2026-09-23 07:21:26,244,231,187,16.4,86.4,10.7,0.0154,0.54,Safe
27,WB-107,2026-09-26 07:32:26,176,166,133,15.8,61.0,11.31,0.2865,13.59,Low Risk
28,WB-101,2026-09-24 18:36:26,194,196,157,24.6,79.1,0.77,0.1758,53.32,High Risk
29,WB-105,2026-09-21 03:43:26,40,36,30,23.5,32.4,9.13,0.8408,99.38,Hazardous
30,WB-107,2026-09-06 19:49:26,89,79,57,18.1,83.2,6.31,0.6554,55.8,High Risk
31,WB-104,2026-09-08 14:41:26,232,222,160,17.5,26.4,7.43,0.0793,7.45,Low Risk
32,WB-101,2026-09-12 19:11:26,165,163,123,40.2,49.8,3.06,0.3038,31.22,Moderate Risk
33,WB-106,2026-10-03 14:14:26,133,124,101,22.1,83.5,7.31,0.4618,24.79,Moderate Risk
34,WB-102,2026-09-11 08:30:26,20,15,12,32.1,71.9,9.32,0.9284,83.37,Hazardous
35,WB-101,2026-10-01 01:12:26,155,155,126,28.1,76.1,11.75,0.3556,11.29,Low Risk
36,WB-101,2026-10-04 05:11:26,20,15,11,35.9,46.9,8.98,0.928,97.32,Hazardous
37,WB-104,2026-09-30 03:22:26,150,141,108,25.6,60.9,1.39,0.397,99.1,Hazardous
38,WB-102,2026-09-04 19:24:26,234,220,163,43.0,80.6,1.02,0.0797,13.18,Low Risk
39,WB-106,2026-09-09 15:25:26,186,188,149,40.3,78.7,5.89,0.2219,9.57,Low Risk
40,WB-101,2026-09-16 16:15:26,176,177,143,21.2,81.5,9.21,0.2395,9.4,Low Risk
41,WB-101,2026-09-10 15:42:26,243,229,182,31.8,81.4,5.14,0.0336,1.01,Safe
42,WB-103,2026-09-11 21:24:26,148,140,102,25.4,56.0,9.51,0.4183,21.77,Moderate Risk
43,WB-104,2026-09-30 10:47:26,201,193,151,44.4,54.5,4.28,0.1398,8.41,Low Risk
44,WB-103,2026-09-28 00:29:26,228,213,162,35.0,32.1,2.71,0.0544,5.91,Low Risk
45,WB-110,2026-09-24 00:48:26,132,115,101,25.9,55.2,8.44,0.4773,27.98,Moderate Risk
46,WB-108,2026-09-10 20:32:26,126,131,105,33.5,45.8,5.82,0.4635,37.38,Moderate Risk
47,WB-102,2026-10-02 21:16:26,186,187,132,25.6,47.8,1.71,0.2348,46.85,Moderate Risk
48,WB-110,2026-09-10 12:53:26,42,46,34,34.5,53.6,7.22,0.8158,71.25,High Risk
49,WB-102,2026-09-11 20:42:26,194,188,156,29.9,43.1,11.24,0.197,7.89,Low Risk
50,WB-106,2026-09-13 23:49:26,108,111,84,39.6,70.3,6.65,0.5509,29.35,Moderate Risk
51,WB-101,2026-10-01 21:16:26,105,98,76,38.0,26.1,6.32,0.5771,55.84,High Risk
52,WB-104,2026-09-10 17:07:26,229,204,184,19.2,20.2,1.84,0.0778,21.21,Moderate Risk
53,WB-105,2026-09-10 18:02:26,66,67,52,44.7,34.4,4.86,0.724,81.9,Hazardous
54,WB-103,2026-09-21 10:05:26,158,154,132,34.0,83.6,4.14,0.346,23.9,Moderate Risk
55,WB-101,2026-09-18 01:31:26,216,203,161,25.7,47.4,6.62,0.1167,8.02,Low Risk
56,WB-104,2026-09-12 07:04:26,193,180,147,37.6,69.5,9.45,0.2288,7.16,Low Risk
57,WB-104,2026-09-09 05:14:26,188,163,140,33.1,55.2,6.71,0.2546,14.31,Low Risk
58,WB-110,2026-09-12 07:04:26,172,162,132,21.8,49.7,3.81,0.2696,31.91,Moderate Risk
59,WB-104,2026-09-15 10:58:26,117,111,93,35.9,84.6,8.63,0.5208,20.17,Moderate Risk
60,WB-108,2026-09-06 16:23:26,109,103,90,26.4,72.1,2.86,0.5449,74.24,High Risk
61,WB-102,2026-09-30 01:23:26,149,142,112,32.6,22.3,11.0,0.3688,20.22,Moderate Risk
62,WB-101,2026-09-08 05:39:26,139,132,100,43.8,30.4,5.27,0.4309,34.89,Moderate Risk
63,WB-103,2026-09-24 05:20:26,218,230,177,21.2,33.3,0.92,0.052,19.77,Low Risk
64,WB-104,2026-09-13 08:57:26,188,183,157,43.4,46.1,3.61,0.1888,14.31,Low Risk
65,WB-107,2026-09-26 02:33:26,201,178,139,35.2,21.4,1.7,0.1994,46.61,Moderate Risk
66,WB-104,2026-10-03 08:39:26,199,192,140,19.2,48.4,4.23,0.201,22.16,Moderate Risk
67,WB-102,2026-09-10 20:20:26,77,83,59,42.3,63.7,4.36,0.6666,58.6,High Risk
68,WB-110,2026-09-17 03:26:26,48,48,36,19.2,80.8,6.11,0.7944,86.99,Hazardous
69,WB-107,2026-09-21 07:07:26,198,178,163,19.2,78.4,11.82,0.1813,6.01,Low Risk
70,WB-109,2026-09-13 17:50:26,162,154,125,21.2,20.8,2.07,0.3437,91.8,Hazardous
71,WB-110,2026-09-30 01:52:26,177,164,130,16.4,31.6,8.99,0.2735,21.11,Moderate Risk
72,WB-102,2026-09-20 21:05:26,166,171,145,43.6,29.5,6.06,0.2856,18.89,Low Risk
73,WB-109,2026-09-15 06:03:26,165,154,121,25.5,48.9,8.61,0.3,16.09,Low Risk
74,WB-101,2026-09-19 00:46:26,21,15,13,31.3,81.1,8.92,0.9266,77.82,High Risk
75,WB-110,2026-09-22 04:59:26,86,90,61,43.3,22.8,8.61,0.6411,46.74,Moderate Risk
76,WB-104,2026-09-22 12:25:26,184,166,149,28.7,56.6,7.91,0.2605,12.76,Low Risk
77,WB-107,2026-09-13 14:06:26,124,113,100,32.2,76.3,6.69,0.4988,25.82,Moderate Risk
78,WB-103,2026-09-26 01:01:26,144,142,122,44.9,44.5,9.32,0.4078,16.8,Low Risk
79,WB-107,2026-09-13 14:31:26,164,153,116,37.0,20.2,5.87,0.3463,29.85,Moderate Risk
80,WB-106,2026-09-05 08:41:26,217,194,171,41.4,86.1,5.88,0.1427,5.85,Low Risk
81,WB-110,2026-10-02 14:37:26,164,167,139,20.3,35.4,2.64,0.3057,57.76,High Risk
82,WB-108,2026-09-21 20:53:26,202,178,158,39.5,35.7,3.07,0.1912,20.75,Moderate Risk
83,WB-109,2026-09-17 00:37:26,104,96,76,43.7,80.3,9.81,0.5742,19.28,Low Risk
84,WB-105,2026-09-19 16:47:26,127,126,97,40.5,54.7,6.03,0.4744,28.86,Moderate Risk
85,WB-103,2026-09-18 10:18:26,242,212,182,22.4,31.0,2.34,0.0468,8.35,Low Risk
86,WB-107,2026-09-13 15:08:26,148,138,95,18.9,43.5,9.05,0.4179,28.63,Moderate Risk
87,WB-101,2026-09-28 23:47:26,220,205,169,18.5,46.4,0.6,0.0778,43.35,Moderate Risk
88,WB-106,2026-09-14 04:22:26,106,105,72,20.2,74.0,11.39,0.5664,26.98,Moderate Risk
89,WB-104,2026-09-29 05:51:26,141,127,104,26.5,24.6,9.95,0.414,28.66,Moderate Risk
90,WB-104,2026-09-14 00:16:26,123,114,94,21.9,29.2,10.48,0.519,37.03,Moderate Risk
91,WB-110,2026-09-18 16:17:26,34,30,24,37.4,34.0,10.48,0.8652,71.58,High Risk
92,WB-105,2026-09-08 17:30:26,204,203,153,42.6,63.2,9.66,0.1484,4.11,Safe
93,WB-106,2026-09-08 08:24:26,119,115,89,24.8,61.3,5.48,0.5129,44.72,Moderate Risk
94,WB-109,2026-10-02 05:34:26,158,137,114,44.6,30.0,6.24,0.3671,24.59,Moderate Risk
95,WB-101,2026-09-20 20:31:26,221,196,158,17.4,47.8,2.03,0.1168,24.13,Moderate Risk
96,WB-108,2026-09-30 06:34:26,118,113,88,36.4,76.1,4.4,0.5316,40.21,Moderate Risk
97,WB-109,2026-09-25 07:40:26,165,152,120,28.2,70.7,7.32,0.3375,16.77,Low Risk
98,WB-102,2026-09-11 20:56:26,22,25,15,36.6,36.0,11.96,0.9043,77.27,High Risk
99,WB-110,2026-09-05 11:11:26,24,22,22,40.4,64.0,8.96,0.898,67.81,High Risk
100,WB-104,2026-09-13 06:36:26,197,177,144,44.8,39.9,4.63,0.2279,16.3,Low Risk
101,WB-110,2026-10-03 21:34:26,191,183,148,26.2,55.9,5.25,0.2029,15.3,Low Risk
102,WB-109,2026-09-23 06:51:26,226,211,168,27.0,80.1,0.6,0.0633,20.95,Moderate Risk
103,WB-110,2026-09-08 18:39:26,164,153,117,25.1,78.0,5.46,0.3306,21.6,Moderate Risk
104,WB-106,2026-09-05 05:34:26,196,195,144,31.2,22.4,11.85,0.1754,8.09,Low Risk
105,WB-110,2026-10-03 10:30:26,189,168,138,44.6,87.6,0.56,0.2603,76.54,High Risk
106,WB-110,2026-09-16 19:10:26,218,196,172,35.2,87.9,1.58,0.1222,15.53,Low Risk
107,WB-101,2026-09-21 12:44:26,178,155,134,41.1,59.9,0.85,0.2964,79.82,High Risk
108,WB-102,2026-09-16 16:02:26,59,54,46,16.4,88.4,5.18,0.7666,85.86,Hazardous
109,WB-106,2026-09-07 15:49:26,76,74,61,39.2,73.4,9.67,0.6709,28.62,Moderate Risk
110,WB-109,2026-09-17 04:19:26,206,200,153,22.1,46.1,3.11,0.1629,21.12,Moderate Risk
111,WB-102,2026-09-23 05:18:26,200,192,158,15.8,43.9,4.87,0.1838,20.31,Moderate Risk
112,WB-109,2026-09-10 23:41:26,228,215,177,26.4,33.8,6.01,0.0754,5.82,Low Risk
113,WB-108,2026-10-04 09:56:26,218,204,148,27.0,88.4,9.97,0.1463,4.31,Safe
114,WB-106,2026-10-04 05:23:26,212,201,169,26.2,56.9,1.79,0.1364,22.33,Moderate Risk
115,WB-109,2026-09-11 15:27:26,183,177,137,42.2,73.9,6.9,0.2703,10.57,Low Risk
116,WB-105,2026-09-22 23:15:26,242,230,180,37.1,80.4,2.99,0.026,0.83,Safe
117,WB-109,2026-09-09 22:56:26,195,187,130,19.3,39.2,7.37,0.2153,15.5,Low Risk
118,WB-107,2026-10-02 06:07:26,200,186,142,17.4,26.0,10.78,0.1756,11.32,Low Risk
119,WB-105,2026-09-06 12:30:26,151,140,114,22.0,57.8,10.62,0.3863,18.65,Low Risk
120,WB-110,2026-10-04 13:03:26,213,187,153,34.0,72.8,2.46,0.1499,14.79,Low Risk
121,WB-107,2026-09-30 15:26:26,80,72,57,44.2,21.4,8.98,0.6777,50.84,High Risk
122,WB-104,2026-09-18 02:44:26,229,207,173,16.9,28.2,3.11,0.0677,13.33,Low Risk
123,WB-110,2026-09-29 19:50:26,151,141,110,41.2,31.3,9.54,0.3884,19.83,Low Risk
124,WB-106,2026-09-24 14:10:26,227,226,175,21.4,77.3,4.21,0.0635,5.38,Low Risk
125,WB-106,2026-09-25 14:59:26,67,64,49,42.7,54.1,7.47,0.7228,46.36,Moderate Risk
126,WB-104,2026-09-29 06:57:26,213,215,164,34.2,35.1,7.63,0.1024,5.32,Low Risk
127,WB-109,2026-10-01 02:01:26,241,220,183,22.2,30.0,1.9,0.0178,3.54,Safe
128,WB-107,2026-09-15 12:17:26,158,139,110,38.8,48.3,8.02,0.3745,18.39,Low Risk
129,WB-106,2026-09-10 04:33:26,218,206,155,32.5,67.7,2.68,0.1272,11.32,Low Risk
130,WB-107,2026-09-25 03:35:26,127,115,92,29.6,30.5,4.23,0.491,65.94,High Risk
131,WB-109,2026-09-26 06:26:26,206,175,159,38.6,42.1,8.41,0.1938,8.91,Low Risk
132,WB-108,2026-09-21 02:27:26,167,161,115,33.4,24.7,6.46,0.3221,25.81,Moderate Risk
133,WB-103,2026-09-21 11:49:26,185,183,147,15.4,87.0,8.98,0.2327,10.38,Low Risk
134,WB-108,2026-09-08 13:54:26,72,75,58,27.7,25.8,6.42,0.6958,85.86,Hazardous
135,WB-109,2026-09-19 03:44:26,234,236,177,41.9,42.6,1.94,0.0391,3.99,Safe
136,WB-108,2026-10-01 16:29:26,191,180,130,31.5,47.2,2.38,0.2308,32.49,Moderate Risk
137,WB-109,2026-09-29 01:59:26,20,15,10,37.7,52.2,10.18,0.9317,85.47,Hazardous
138,WB-103,2026-09-19 02:02:26,43,42,31,25.3,48.9,9.22,0.817,74.78,High Risk
139,WB-105,2026-09-25 12:01:26,23,27,23,19.8,59.1,9.84,0.8897,92.29,Hazardous
140,WB-102,2026-09-26 18:51:26,47,41,37,26.3,57.7,6.53,0.8119,89.6,Hazardous
141,WB-103,2026-09-21 16:01:26,135,130,100,24.2,81.4,11.96,0.4628,15.7,Low Risk
142,WB-109,2026-10-01 01:19:26,241,230,182,17.8,61.2,6.03,0.0217,2.27,Safe
143,WB-102,2026-09-14 16:21:26,232,233,180,23.1,77.8,6.23,0.0409,2.05,Safe
144,WB-107,2026-09-09 03:31:26,210,206,154,28.0,26.2,3.04,0.171,25.75,Moderate Risk
145,WB-106,2026-09-25 19:29:26,208,191,147,40.2,46.9,7.08,0.1487,6.46,Low Risk
146,WB-110,2026-09-22 05:57:26,91,87,64,27.9,81.1,10.18,0.6278,28.09,Moderate Risk
147,WB-102,2026-09-25 03:47:26,236,236,178,38.4,20.5,1.16,0.0301,4.6,Safe
148,WB-109,2026-09-27 16:47:26,155,148,117,23.0,30.9,10.31,0.3581,21.69,Moderate Risk
149,WB-102,2026-09-10 07:22:26,125,121,90,31.4,29.0,10.64,0.4994,28.98,Moderate Risk
150,WB-105,2026-09-24 23:30:26,192,197,147,44.0,32.8,0.75,0.1882,62.17,High Risk
151,WB-107,2026-09-19 09:23:26,218,201,150,33.4,35.8,10.24,0.12,4.93,Safe
152,WB-108,2026-09-26 02:06:26,171,157,127,25.7,88.5,9.63,0.3297,11.89,Low Risk
153,WB-104,2026-09-15 04:14:26,43,37,32,22.7,86.3,6.94,0.8274,71.27,High Risk
154,WB-107,2026-09-20 20:43:26,222,209,175,26.9,26.5,5.57,0.0798,6.54,Low Risk
155,WB-109,2026-09-19 09:53:26,164,156,120,20.9,82.8,6.48,0.3278,19.52,Low Risk
156,WB-105,2026-09-06 09:42:26,74,77,56,39.0,87.7,10.35,0.6914,25.89,Moderate Risk
157,WB-102,2026-09-05 16:38:26,89,81,75,44.9,88.6,8.05,0.6244,24.04,Moderate Risk
158,WB-106,2026-09-26 06:45:26,143,140,118,37.8,89.2,10.86,0.4076,10.99,Low Risk
159,WB-108,2026-09-22 17:32:26,233,217,175,18.0,36.8,2.13,0.0739,15.76,Low Risk
160,WB-103,2026-09-13 12:51:26,231,232,173,18.8,67.3,4.24,0.0315,2.44,Safe
161,WB-103,2026-09-27 20:44:26,227,223,175,30.4,41.4,2.95,0.0911,10.64,Low Risk
162,WB-101,2026-09-19 11:20:26,225,205,160,35.1,59.2,1.78,0.1159,16.11,Low Risk
163,WB-108,2026-09-07 18:04:26,32,34,25,44.0,28.9,8.64,0.868,88.69,Hazardous
164,WB-103,2026-09-07 22:08:26,250,227,197,21.6,28.4,1.29,0.0,1.61,Safe
165,WB-104,2026-09-15 02:44:26,217,220,152,35.0,61.5,10.76,0.0948,2.76,Safe
166,WB-109,2026-09-18 14:55:26,211,185,167,16.0,80.8,1.24,0.1575,36.63,Moderate Risk
167,WB-103,2026-09-23 07:24:26,143,133,98,19.9,31.9,11.4,0.4322,27.61,Moderate Risk
168,WB-109,2026-10-04 11:47:26,234,228,167,23.1,48.5,10.75,0.0569,1.39,Safe
169,WB-101,2026-09-25 07:33:26,195,178,145,20.9,62.8,3.73,0.1802,18.08,Low Risk
170,WB-106,2026-09-23 13:20:26,107,92,68,23.3,77.2,3.77,0.5941,69.55,High Risk
171,WB-101,2026-09-10 12:05:26,180,173,137,27.3,83.5,8.71,0.2898,10.83,Low Risk
172,WB-101,2026-09-22 03:50:26,150,147,127,26.1,28.5,5.32,0.3612,39.62,Moderate Risk
173,WB-102,2026-09-28 20:05:26,70,69,50,32.8,20.7,7.82,0.7154,74.82,High Risk
174,WB-103,2026-09-06 09:17:26,222,220,176,29.6,60.4,1.0,0.0771,19.55,Low Risk
175,WB-102,2026-09-29 09:41:26,200,192,154,17.3,58.0,10.41,0.1744,7.92,Low Risk
176,WB-101,2026-10-04 14:18:26,164,155,119,26.2,31.7,5.45,0.3119,31.15,Moderate Risk
177,WB-101,2026-09-12 12:35:26,131,128,96,35.3,62.4,4.69,0.4584,34.58,Moderate Risk
178,WB-104,2026-10-04 01:33:26,195,189,145,21.3,84.8,5.26,0.1786,10.96,Low Risk
179,WB-105,2026-09-26 20:53:26,35,26,25,41.7,62.2,10.01,0.8708,53.75,High Risk
180,WB-102,2026-09-10 17:51:26,188,172,146,37.9,78.4,5.57,0.2101,9.08,Low Risk
181,WB-108,2026-09-15 21:51:26,123,119,92,28.3,63.8,6.12,0.5054,34.78,Moderate Risk
182,WB-101,2026-09-29 09:43:26,26,25,19,31.3,35.9,11.59,0.8942,81.94,Hazardous
183,WB-101,2026-09-05 15:22:26,139,134,108,23.3,81.4,11.36,0.4418,16.19,Low Risk
184,WB-108,2026-09-06 12:09:26,146,134,116,26.6,55.8,6.16,0.4173,30.3,Moderate Risk
185,WB-103,2026-09-18 08:18:26,236,220,179,44.9,24.2,0.54,0.0159,10.45,Low Risk
186,WB-105,2026-09-17 00:46:26,179,167,137,39.1,39.5,2.92,0.2967,35.58,Moderate Risk
187,WB-101,2026-09-19 02:55:26,20,15,10,37.6,73.8,8.07,0.9312,89.98,Hazardous
188,WB-103,2026-09-21 16:37:26,228,213,158,34.0,60.4,8.52,0.0963,3.53,Safe
189,WB-106,2026-10-02 15:58:26,127,116,85,19.4,69.7,8.17,0.4914,30.22,Moderate Risk
190,WB-105,2026-09-21 08:59:26,57,46,46,37.8,33.1,8.78,0.7791,64.51,High Risk
191,WB-104,2026-09-10 12:39:26,126,119,91,39.1,58.7,6.48,0.4842,27.14,Moderate Risk
192,WB-106,2026-09-23 11:52:26,109,113,87,41.9,60.8,5.87,0.542,32.92,Moderate Risk
193,WB-102,2026-09-30 16:46:26,145,134,97,32.2,83.5,11.34,0.4338,13.21,Low Risk
194,WB-105,2026-09-13 06:15:26,193,171,137,41.3,32.8,3.7,0.2465,23.66,Moderate Risk
195,WB-107,2026-09-17 23:26:26,185,199,140,41.0,53.3,1.78,0.1965,26.98,Moderate Risk
196,WB-106,2026-09-25 17:49:26,70,67,47,36.9,65.3,9.66,0.7212,37.34,Moderate Risk
197,WB-106,2026-09-10 17:42:26,81,72,63,17.6,23.0,8.17,0.6722,85.83,Hazardous
198,WB-110,2026-09-16 15:33:26,244,239,187,29.8,48.3,6.61,0.0058,0.35,Safe
199,WB-101,2026-10-04 17:46:26,179,165,135,18.9,80.0,7.12,0.263,13.39,Low Risk
200,WB-109,2026-09-18 18:08:26,113,101,89,32.1,59.8,8.12,0.5525,30.77,Moderate Risk
201,WB-106,2026-09-22 00:05:26,232,215,190,36.3,85.6,7.44,0.0669,2.09,Safe
202,WB-106,2026-09-16 08:11:26,36,33,27,21.1,70.8,7.63,0.8562,90.07,Hazardous
203,WB-101,2026-09-28 07:15:26,230,223,186,43.4,43.6,8.84,0.0657,2.12,Safe
204,WB-106,2026-09-18 02:42:26,205,193,154,30.0,67.6,1.38,0.1647,28.24,Moderate Risk
205,WB-101,2026-09-21 15:47:26,49,56,50,44.4,75.5,10.32,0.7729,33.62,Moderate Risk
206,WB-107,2026-09-26 05:48:26,134,140,111,15.4,78.1,8.92,0.4386,24.44,Moderate Risk
207,WB-104,2026-09-21 00:35:26,20,15,10,28.7,74.7,11.54,0.934,90.59,Hazardous
208,WB-107,2026-09-11 03:30:26,224,210,167,17.9,50.0,0.84,0.0704,23.19,Moderate Risk
209,WB-105,2026-10-04 09:04:26,90,92,70,42.6,86.6,7.14,0.6152,27.56,Moderate Risk
210,WB-109,2026-09-19 02:19:26,224,217,172,21.9,86.9,2.2,0.083,7.87,Low Risk
211,WB-103,2026-09-05 14:07:26,25,19,16,25.6,82.6,11.38,0.9101,62.26,High Risk
212,WB-107,2026-09-14 10:24:26,195,198,156,21.2,25.0,1.29,0.1909,67.95,High Risk
213,WB-108,2026-09-12 06:50:26,191,166,133,34.6,30.6,10.57,0.2323,9.89,Low Risk
214,WB-104,2026-10-01 11:17:26,199,189,157,41.5,23.6,2.7,0.1878,25.61,Moderate Risk
215,WB-105,2026-09-20 19:39:26,199,188,157,22.6,39.0,1.94,0.1776,34.98,Moderate Risk
216,WB-110,2026-09-07 01:48:26,182,172,152,15.6,38.8,6.45,0.2472,22.0,Moderate Risk
217,WB-105,2026-09-26 22:00:26,113,107,82,38.4,69.6,2.48,0.5249,64.17,High Risk
218,WB-109,2026-09-17 22:23:26,234,217,172,19.3,34.9,8.15,0.0703,4.16,Safe
219,WB-110,2026-09-18 09:10:26,123,127,109,38.6,71.4,4.92,0.4657,29.36,Moderate Risk
220,WB-109,2026-09-16 20:51:26,52,48,38,44.0,23.6,6.31,0.7925,91.07,Hazardous
221,WB-110,2026-09-07 09:26:26,76,78,65,35.3,63.8,4.14,0.6693,67.6,High Risk
222,WB-105,2026-09-23 04:55:26,99,106,74,25.6,63.5,4.34,0.5737,61.29,High Risk
223,WB-105,2026-09-22 21:24:26,29,28,24,21.2,46.7,11.79,0.8792,82.68,Hazardous
224,WB-102,2026-09-16 12:56:26,134,132,103,31.4,88.5,6.89,0.4273,20.38,Moderate Risk
225,WB-103,2026-10-03 09:22:26,139,135,95,33.9,58.5,8.43,0.4355,20.84,Moderate Risk
226,WB-102,2026-09-25 17:04:26,184,180,135,34.2,69.3,4.79,0.2539,15.77,Low Risk
227,WB-106,2026-09-06 21:09:26,44,37,34,41.5,34.2,7.26,0.8234,79.21,High Risk
228,WB-110,2026-09-21 17:06:26,93,81,71,21.4,66.5,6.23,0.6338,56.26,High Risk
229,WB-109,2026-09-21 19:08:26,141,139,114,44.9,36.0,6.79,0.4119,24.53,Moderate Risk
230,WB-102,2026-09-23 23:01:26,202,184,144,21.5,61.8,7.34,0.2055,11.66,Low Risk
231,WB-103,2026-09-28 22:36:26,117,105,94,30.4,37.7,11.86,0.5232,26.98,Moderate Risk
232,WB-106,2026-09-17 14:20:26,148,146,111,30.0,57.5,2.16,0.3979,62.26,High Risk
233,WB-107,2026-09-30 02:07:26,198,191,169,29.1,22.0,2.92,0.1586,24.95,Moderate Risk
234,WB-104,2026-09-15 21:09:26,211,195,154,18.3,40.2,4.06,0.1454,18.03,Low Risk
235,WB-107,2026-09-06 14:26:26,177,162,145,39.3,75.0,7.77,0.2719,9.5,Low Risk
236,WB-107,2026-09-21 20:02:26,134,133,103,37.5,50.7,7.52,0.4332,23.58,Moderate Risk
237,WB-106,2026-09-13 20:40:26,198,178,137,17.5,21.3,2.41,0.2002,50.7,High Risk
238,WB-108,2026-10-01 11:11:26,153,144,114,27.4,72.8,10.52,0.3725,14.42,Low Risk
239,WB-101,2026-09-24 21:11:26,226,233,169,18.5,43.6,2.14,0.0504,7.22,Low Risk
240,WB-105,2026-09-26 02:53:26,210,197,164,35.7,37.7,0.61,0.1695,69.82,High Risk
241,WB-109,2026-09-25 13:29:26,54,52,46,28.5,32.8,10.33,0.7698,65.31,High Risk
242,WB-104,2026-09-22 09:02:26,98,104,74,31.4,88.7,5.68,0.5783,34.62,Moderate Risk
243,WB-108,2026-09-14 19:09:26,208,192,159,36.2,46.2,4.75,0.1755,12.25,Low Risk
244,WB-108,2026-09-13 20:01:26,189,183,154,16.5,60.7,5.4,0.2169,18.24,Low Risk
245,WB-109,2026-09-29 14:25:26,20,15,11,41.7,72.5,10.94,0.9321,73.82,High Risk
246,WB-106,2026-09-16 14:34:26,192,174,139,24.4,36.9,2.97,0.2136,31.77,Moderate Risk
247,WB-110,2026-09-08 04:41:26,217,202,152,34.8,75.7,3.63,0.147,9.24,Low Risk
248,WB-104,2026-09-23 22:01:26,25,19,14,22.9,66.3,9.87,0.911,84.46,Hazardous
249,WB-101,2026-09-07 09:43:26,167,165,125,22.8,22.4,10.61,0.2992,19.51,Low Risk
250,WB-106,2026-09-19 15:27:26,155,145,122,17.0,26.6,11.99,0.3906,26.19,Moderate Risk
251,WB-104,2026-09-12 05:33:26,144,130,115,25.8,74.9,7.01,0.4042,22.9,Moderate Risk
252,WB-105,2026-09-27 10:31:26,226,202,167,27.1,47.3,1.3,0.0976,25.66,Moderate Risk
253,WB-102,2026-09-09 13:13:26,176,160,136,33.6,64.3,5.9,0.3079,17.3,Low Risk
254,WB-106,2026-09-09 16:26:26,160,147,115,43.3,31.7,6.25,0.3503,24.4,Moderate Risk
255,WB-108,2026-09-11 16:56:26,113,102,85,32.4,51.7,11.41,0.5337,23.99,Moderate Risk
256,WB-110,2026-09-08 10:08:26,227,200,170,41.4,60.9,10.09,0.0955,2.75,Safe
257,WB-110,2026-09-08 06:56:26,182,177,138,42.5,63.1,3.33,0.2691,20.89,Moderate Risk
258,WB-101,2026-10-02 06:17:26,152,144,122,33.6,85.9,9.42,0.3702,12.16,Low Risk
259,WB-102,2026-09-20 09:24:26,149,145,115,27.5,31.8,5.96,0.374,32.98,Moderate Risk
260,WB-108,2026-10-03 23:58:26,140,140,112,39.8,45.6,4.57,0.4185,34.14,Moderate Risk
261,WB-107,2026-09-28 22:54:26,104,98,76,33.5,30.9,6.0,0.5633,54.74,High Risk
262,WB-107,2026-09-11 23:40:26,221,208,153,23.5,45.5,2.69,0.128,19.15,Low Risk
263,WB-108,2026-09-26 14:14:26,189,181,130,15.5,56.6,5.91,0.2409,19.59,Low Risk
264,WB-108,2026-09-28 21:35:26,39,32,28,41.7,77.2,6.37,0.8547,68.34,High Risk
265,WB-106,2026-09-07 01:37:26,235,214,184,32.1,33.0,3.7,0.0643,6.4,Low Risk
266,WB-103,2026-09-23 22:04:26,68,71,51,26.0,26.1,6.9,0.7086,86.74,Hazardous
267,WB-107,2026-09-19 06:57:26,65,59,51,22.9,20.0,10.51,0.7339,75.78,High Risk
268,WB-107,2026-09-13 02:24:26,248,235,190,33.3,84.7,9.54,0.0051,0.23,Safe
269,WB-107,2026-09-24 17:19:26,233,221,180,38.1,47.9,10.02,0.029,1.07,Safe
270,WB-107,2026-09-06 02:03:26,215,190,161,28.1,78.7,2.35,0.1329,15.72,Low Risk
271,WB-108,2026-09-17 08:29:26,138,141,101,20.2,46.6,9.72,0.4189,26.28,Moderate Risk
272,WB-102,2026-09-21 19:19:26,221,208,162,37.5,50.2,1.51,0.0879,14.65,Low Risk
273,WB-101,2026-09-11 04:56:26,20,19,10,35.4,42.2,10.25,0.9252,92.52,Hazardous
274,WB-108,2026-09-25 21:46:26,74,75,61,28.3,38.3,4.45,0.6846,95.81,Hazardous
275,WB-108,2026-10-04 05:13:26,171,163,132,44.0,51.3,6.27,0.3143,16.48,Low Risk
276,WB-101,2026-09-17 00:05:26,158,147,113,21.4,66.4,5.23,0.3808,30.96,Moderate Risk
277,WB-109,2026-09-22 23:32:26,140,135,100,20.5,43.9,5.44,0.4332,42.79,Moderate Risk
278,WB-105,2026-09-11 04:10:26,135,132,104,18.5,58.3,10.88,0.4593,25.66,Moderate Risk
279,WB-103,2026-09-12 00:12:26,119,109,84,24.8,20.8,10.01,0.5213,41.79,Moderate Risk
280,WB-107,2026-09-28 16:28:26,169,143,126,38.7,72.4,6.95,0.3415,14.82,Low Risk
281,WB-104,2026-10-04 08:46:26,216,213,168,30.7,35.3,11.88,0.1266,4.83,Safe
282,WB-101,2026-09-13 22:11:26,216,209,169,25.8,83.9,7.01,0.1252,4.89,Safe
283,WB-106,2026-09-14 00:24:26,99,96,75,17.3,49.5,7.42,0.5939,55.27,High Risk
284,WB-107,2026-09-10 01:21:26,164,154,132,33.4,85.7,8.11,0.3295,12.41,Low Risk
285,WB-101,2026-10-01 03:47:26,190,180,154,28.3,72.5,6.61,0.1978,9.73,Low Risk
286,WB-103,2026-09-24 19:22:26,80,73,63,30.1,71.2,11.52,0.685,31.02,Moderate Risk
287,WB-110,2026-09-24 03:52:26,42,46,35,30.9,67.4,5.43,0.815,88.59,Hazardous
288,WB-110,2026-09-18 09:56:26,147,140,117,22.5,58.3,3.66,0.4072,48.99,Moderate Risk
289,WB-104,2026-09-28 02:51:26,211,201,155,21.3,80.0,9.93,0.1432,4.63,Safe
290,WB-109,2026-09-06 01:29:26,147,136,110,17.0,82.1,5.33,0.4052,32.09,Moderate Risk
291,WB-110,2026-09-22 13:47:26,204,187,149,35.7,43.8,9.76,0.1571,5.59,Low Risk
292,WB-109,2026-09-22 13:08:26,241,217,191,16.5,22.8,7.1,0.0175,1.0,Safe
293,WB-104,2026-09-08 21:12:26,123,115,83,31.3,39.3,8.66,0.5044,31.65,Moderate Risk
294,WB-108,2026-09-17 10:46:26,228,192,157,39.5,85.1,1.6,0.1134,11.81,Low Risk
295,WB-103,2026-09-07 13:37:26,197,175,143,26.8,57.1,2.36,0.2059,28.19,Moderate Risk
296,WB-105,2026-10-03 21:44:26,160,161,131,16.0,47.4,8.52,0.3345,22.45,Moderate Risk
297,WB-103,2026-09-14 10:16:26,113,98,86,22.2,67.1,10.0,0.5493,28.85,Moderate Risk
298,WB-110,2026-10-02 06:35:26,20,21,10,19.7,89.2,11.74,0.9235,77.86,High Risk
299,WB-104,2026-09-05 14:36:26,110,100,83,27.8,43.1,6.99,0.5726,48.1,Moderate Risk
300,WB-102,2026-09-25 20:28:26,151,143,119,41.0,27.2,1.95,0.3839,78.8,High Risk
301,WB-102,2026-09-15 05:44:26,141,135,110,27.9,39.3,9.34,0.4219,24.23,Moderate Risk
302,WB-110,2026-09-08 15:38:26,83,78,66,18.8,21.9,7.66,0.6633,89.73,Hazardous
303,WB-102,2026-09-23 01:05:26,198,192,156,39.2,47.9,9.77,0.1612,5.81,Low Risk
304,WB-104,2026-09-09 19:04:26,20,16,10,30.8,68.8,10.85,0.9315,78.96,High Risk
305,WB-108,2026-09-08 16:16:26,53,52,39,28.3,23.0,8.37,0.7802,89.42,Hazardous
306,WB-104,2026-09-21 00:57:26,192,183,135,36.9,74.6,1.86,0.2017,24.92,Moderate Risk
307,WB-104,2026-09-16 09:44:26,66,64,47,39.4,46.9,8.16,0.7272,49.67,Moderate Risk
308,WB-110,2026-09-21 11:03:26,192,192,140,24.2,48.2,8.23,0.1905,11.03,Low Risk
309,WB-104,2026-09-29 17:47:26,94,87,63,39.1,49.8,11.94,0.6341,27.31,Moderate Risk
310,WB-108,2026-10-03 02:20:26,181,176,147,30.7,39.8,3.93,0.2676,27.0,Moderate Risk
311,WB-110,2026-09-15 19:57:26,206,200,162,16.2,54.9,8.43,0.1696,10.77,Low Risk
312,WB-104,2026-10-04 14:19:26,65,65,57,36.0,73.9,4.38,0.7298,69.43,High Risk
313,WB-104,2026-09-15 21:44:26,154,157,115,33.8,85.1,8.28,0.3597,12.95,Low Risk
314,WB-101,2026-09-23 20:00:26,170,148,131,19.9,66.1,11.97,0.3222,12.42,Low Risk
315,WB-105,2026-09-09 11:14:26,157,144,113,28.7,47.8,5.74,0.3512,25.57,Moderate Risk
316,WB-102,2026-09-05 20:54:26,230,215,168,37.0,34.6,1.17,0.0813,20.83,Moderate Risk
317,WB-109,2026-09-05 03:42:26,106,102,84,41.4,59.1,10.5,0.5559,21.5,Moderate Risk
318,WB-104,2026-09-25 19:00:26,130,125,106,24.2,33.7,8.3,0.4526,34.57,Moderate Risk
319,WB-102,2026-09-12 08:01:26,115,113,94,44.9,20.7,10.79,0.5209,27.51,Moderate Risk
320,WB-106,2026-09-22 01:24:26,170,169,143,33.0,83.2,4.91,0.282,15.49,Low Risk
321,WB-108,2026-09-17 04:52:26,154,137,109,39.8,64.2,9.52,0.4081,14.49,Low Risk
322,WB-105,2026-09-18 02:33:26,170,149,121,38.6,39.8,10.13,0.3148,13.08,Low Risk
323,WB-103,2026-09-12 23:36:26,33,31,24,26.6,79.8,11.45,0.8627,52.59,High Risk
324,WB-109,2026-09-09 07:12:26,237,226,164,43.8,23.4,1.63,0.0403,6.48,Low Risk
325,WB-109,2026-09-24 07:47:26,234,219,162,38.9,73.0,8.33,0.066,2.07,Safe
326,WB-109,2026-09-26 07:06:26,219,203,170,34.6,60.6,0.76,0.1383,37.69,Moderate Risk
327,WB-105,2026-09-05 14:16:26,204,186,155,33.5,34.5,7.26,0.187,11.62,Low Risk
328,WB-106,2026-09-15 03:27:26,133,128,99,21.7,48.0,5.21,0.4637,46.76,Moderate Risk
329,WB-103,2026-09-14 10:06:26,235,226,177,39.1,80.6,1.19,0.032,4.9,Safe
330,WB-108,2026-10-04 06:17:26,21,18,15,43.5,81.6,10.93,0.9186,48.54,Moderate Risk
331,WB-102,2026-09-08 22:49:26,218,223,162,22.3,65.9,2.79,0.079,7.86,Low Risk
332,WB-105,2026-09-29 01:19:26,194,190,138,27.4,33.7,6.4,0.2042,15.42,Low Risk
333,WB-110,2026-10-04 07:16:26,201,195,160,27.5,83.6,3.29,0.1413,11.15,Low Risk
334,WB-101,2026-09-20 10:14:26,230,221,173,23.3,54.6,1.9,0.0771,11.06,Low Risk
335,WB-110,2026-09-30 17:39:26,211,194,159,23.1,33.9,3.34,0.153,19.43,Low Risk
336,WB-104,2026-09-30 15:59:26,148,130,106,39.4,21.0,7.97,0.4081,27.95,Moderate Risk
337,WB-104,2026-10-01 21:05:26,20,15,10,34.9,67.5,11.22,0.9312,81.81,Hazardous
338,WB-110,2026-09-13 18:55:26,62,60,52,35.2,36.7,9.22,0.7394,55.32,High Risk
339,WB-110,2026-09-04 22:13:26,238,242,177,41.6,30.6,2.25,0.013,1.91,Safe
340,WB-106,2026-09-15 08:22:26,224,219,163,37.4,36.3,5.16,0.1016,6.95,Low Risk
341,WB-107,2026-09-14 22:40:26,238,213,170,20.5,86.9,4.83,0.0371,2.19,Safe
342,WB-107,2026-09-26 22:53:26,99,87,74,38.6,39.2,10.99,0.6018,29.87,Moderate Risk
343,WB-102,2026-10-04 03:42:26,133,130,107,39.1,80.3,2.08,0.457,56.37,High Risk
344,WB-108,2026-09-10 11:36:26,195,191,142,22.6,81.1,2.44,0.2087,25.11,Moderate Risk
345,WB-105,2026-09-10 23:16:26,174,162,138,27.1,60.4,4.04,0.3189,27.76,Moderate Risk
346,WB-101,2026-10-01 16:52:26,167,152,120,27.2,82.0,1.04,0.3265,79.15,High Risk
347,WB-108,2026-09-20 01:46:26,220,216,168,26.8,29.7,0.62,0.0731,34.15,Moderate Risk
348,WB-109,2026-09-19 09:44:26,167,156,124,16.9,47.8,5.95,0.3223,30.42,Moderate Risk
349,WB-101,2026-10-03 13:16:26,72,58,50,16.4,85.2,8.1,0.7224,55.25,High Risk
350,WB-102,2026-09-21 18:21:26,199,199,167,42.5,79.1,9.04,0.1596,4.21,Safe
351,WB-104,2026-09-11 23:59:26,104,107,77,25.5,46.2,7.65,0.562,42.19,Moderate Risk
352,WB-105,2026-09-21 23:41:26,80,73,62,35.3,55.6,10.41,0.6846,35.64,Moderate Risk
353,WB-108,2026-09-30 17:28:26,68,71,51,38.5,82.1,5.08,0.7151,52.36,High Risk
354,WB-103,2026-09-25 02:40:26,156,158,110,26.3,81.3,10.91,0.3505,11.56,Low Risk
355,WB-107,2026-09-05 15:45:26,238,214,184,38.5,28.6,7.8,0.0544,2.47,Safe
356,WB-106,2026-09-20 19:40:26,20,15,10,30.4,73.9,11.25,0.9314,88.28,Hazardous
357,WB-104,2026-09-19 21:04:26,195,194,153,31.3,31.2,8.45,0.1996,10.86,Low Risk
358,WB-102,2026-09-16 19:20:26,111,102,80,27.4,22.8,3.65,0.5411,96.99,Hazardous
359,WB-102,2026-09-14 15:56:26,98,91,65,18.3,88.7,4.89,0.6073,57.27,High Risk
360,WB-106,2026-09-07 00:09:26,182,188,144,33.6,77.7,8.42,0.2413,8.46,Low Risk
361,WB-109,2026-09-20 11:14:26,178,160,143,25.9,77.7,2.85,0.2688,28.03,Moderate Risk
362,WB-105,2026-09-19 07:41:26,187,190,141,17.6,34.2,6.77,0.2184,19.04,Low Risk
363,WB-104,2026-09-15 16:51:26,99,93,72,18.3,59.9,7.19,0.5897,50.61,High Risk
364,WB-101,2026-09-29 16:48:26,20,15,15,37.8,43.7,11.45,0.9233,73.83,High Risk
365,WB-103,2026-09-14 16:54:26,161,161,130,29.6,68.4,3.51,0.3237,29.03,Moderate Risk
366,WB-101,2026-09-25 02:33:26,144,131,115,40.0,89.0,9.6,0.4084,11.87,Low Risk
367,WB-106,2026-09-17 22:10:26,182,173,128,26.6,60.8,5.84,0.2536,16.81,Low Risk
368,WB-103,2026-09-08 15:50:26,78,75,62,30.9,47.7,7.55,0.682,54.48,High Risk
369,WB-105,2026-09-09 17:02:26,241,217,186,27.9,23.8,0.75,0.0218,11.68,Low Risk
370,WB-103,2026-09-13 00:14:26,194,182,138,34.5,24.8,10.82,0.2306,11.47,Low Risk
371,WB-106,2026-09-29 00:54:26,85,75,61,41.1,26.2,9.43,0.6646,46.82,Moderate Risk
372,WB-105,2026-09-05 14:47:26,22,23,14,40.1,69.3,11.18,0.9097,54.91,High Risk
373,WB-110,2026-09-06 03:31:26,178,171,137,18.6,41.2,6.62,0.2595,21.02,Moderate Risk
374,WB-103,2026-09-23 21:53:26,195,175,143,22.5,48.6,3.72,0.2354,25.48,Moderate Risk
375,WB-106,2026-09-21 03:03:26,182,183,149,39.2,29.6,1.3,0.2374,60.21,High Risk
376,WB-106,2026-09-11 03:06:26,210,200,172,24.7,67.1,4.38,0.1307,9.85,Low Risk
377,WB-110,2026-09-16 21:15:26,230,234,168,38.1,24.3,7.13,0.0284,1.28,Safe
378,WB-101,2026-09-21 07:32:26,197,192,142,33.5,80.3,4.48,0.2032,12.26,Low Risk
379,WB-101,2026-09-28 05:05:26,183,171,131,23.5,56.2,10.25,0.2431,10.15,Low Risk
380,WB-106,2026-09-15 11:27:26,173,164,129,24.5,35.4,6.43,0.3124,26.31,Moderate Risk
381,WB-105,2026-09-08 23:37:26,190,190,146,43.0,60.3,1.95,0.2203,26.82,Moderate Risk
382,WB-110,2026-09-16 16:58:26,197,183,141,42.3,73.2,8.28,0.2091,6.44,Low Risk
383,WB-105,2026-09-20 18:58:26,106,111,80,22.6,51.0,10.24,0.5643,33.32,Moderate Risk
384,WB-104,2026-09-13 02:32:26,163,164,112,33.6,28.5,11.74,0.3329,15.58,Low Risk
385,WB-107,2026-09-13 00:26:26,162,153,123,33.8,84.7,11.97,0.3245,8.25,Low Risk
386,WB-109,2026-10-04 04:07:26,177,173,138,20.4,86.3,3.02,0.2622,26.47,Moderate Risk
387,WB-104,2026-09-12 16:07:26,133,118,99,23.7,45.9,8.13,0.483,33.39,Moderate Risk
388,WB-108,2026-09-06 11:44:26,170,161,127,16.2,45.8,11.76,0.3251,17.57,Low Risk
389,WB-104,2026-09-15 18:58:26,225,216,157,29.3,47.0,11.62,0.0889,2.91,Safe
390,WB-107,2026-09-07 02:32:26,192,189,140,31.7,23.8,11.68,0.2165,10.18,Low Risk
391,WB-104,2026-09-14 08:54:26,217,198,173,38.4,53.0,3.12,0.1379,11.65,Low Risk
392,WB-106,2026-09-10 11:09:26,181,164,129,44.5,23.5,1.61,0.248,53.32,High Risk
393,WB-104,2026-09-07 05:51:26,235,220,182,43.1,52.0,3.84,0.0565,3.92,Safe
394,WB-108,2026-09-11 04:09:26,167,166,135,16.5,58.3,10.74,0.3118,16.53,Low Risk
395,WB-110,2026-09-19 05:11:26,228,210,182,26.8,51.3,8.9,0.0541,2.24,Safe
396,WB-101,2026-09-15 21:13:26,109,110,86,38.8,63.8,11.28,0.5544,19.96,Low Risk
397,WB-104,2026-09-22 22:43:26,83,77,60,21.4,80.7,11.49,0.652,30.89,Moderate Risk
398,WB-110,2026-09-19 18:35:26,104,92,73,35.0,29.3,10.3,0.5867,35.89,Moderate Risk
399,WB-103,2026-09-29 21:55:26,223,216,184,20.6,72.5,3.21,0.0657,6.49,Low Risk
400,WB-102,2026-09-22 23:38:26,182,178,129,32.5,70.3,4.78,0.2612,16.03,Low Risk
401,WB-104,2026-09-09 04:25:26,161,159,111,44.0,51.0,4.19,0.3374,24.07,Moderate Risk
402,WB-110,2026-10-01 21:59:26,139,135,114,36.3,20.5,9.28,0.4252,27.28,Moderate Risk
403,WB-107,2026-09-27 15:21:26,179,171,129,15.2,54.4,11.84,0.2868,13.84,Low Risk
404,WB-101,2026-09-11 09:19:26,227,217,160,31.3,28.8,3.83,0.0812,7.47,Low Risk
405,WB-104,2026-09-16 06:50:26,200,193,164,43.6,76.0,3.28,0.1641,11.09,Low Risk
406,WB-108,2026-09-27 19:17:26,195,182,137,34.1,89.5,9.44,0.2183,6.16,Low Risk
407,WB-108,2026-09-14 19:34:26,221,204,163,40.6,23.7,1.7,0.105,18.6,Low Risk
408,WB-110,2026-09-30 07:08:26,245,214,180,36.4,51.1,0.81,0.0409,10.38,Low Risk
409,WB-107,2026-10-03 03:43:26,91,87,69,24.1,63.5,3.97,0.6198,75.85,High Risk
410,WB-102,2026-09-08 11:20:26,207,206,146,17.6,80.6,6.24,0.1597,9.28,Low Risk
411,WB-102,2026-09-24 11:10:26,104,98,80,30.7,66.7,3.57,0.5762,63.32,High Risk
412,WB-105,2026-09-18 10:37:26,22,22,22,26.6,86.0,7.52,0.8991,81.17,Hazardous
413,WB-104,2026-09-09 18:45:26,76,72,63,38.7,62.2,8.02,0.6754,39.87,Moderate Risk
414,WB-107,2026-09-29 14:27:26,220,200,144,42.4,50.7,0.96,0.1352,28.92,Moderate Risk
415,WB-110,2026-09-29 18:28:26,191,178,144,24.3,56.8,1.26,0.2273,58.4,High Risk
416,WB-101,2026-09-07 09:22:26,121,123,98,32.9,80.9,10.74,0.488,16.08,Low Risk
417,WB-109,2026-09-07 23:06:26,191,185,132,22.3,58.5,2.71,0.2325,31.89,Moderate Risk
418,WB-110,2026-09-22 20:28:26,237,237,166,32.5,33.1,2.66,0.0278,2.0,Safe
419,WB-105,2026-09-12 01:39:26,39,38,27,31.2,39.9,11.94,0.8454,63.65,High Risk
420,WB-110,2026-09-18 21:04:26,160,151,120,24.2,73.1,7.63,0.3451,17.95,Low Risk
421,WB-110,2026-09-14 02:28:26,76,69,62,40.0,23.9,9.1,0.6931,53.6,High Risk
422,WB-108,2026-09-08 07:52:26,160,141,114,33.6,23.4,6.06,0.3677,32.24,Moderate Risk
423,WB-109,2026-09-30 09:08:26,204,175,142,32.8,72.8,4.06,0.2116,14.19,Low Risk
424,WB-107,2026-09-29 00:19:26,95,83,77,41.9,27.2,8.05,0.6272,45.97,Moderate Risk
425,WB-108,2026-09-27 22:29:26,230,208,164,24.1,26.5,2.15,0.0715,14.8,Low Risk
426,WB-106,2026-09-29 00:36:26,231,234,177,35.3,67.8,7.73,0.0467,1.37,Safe
427,WB-101,2026-09-19 19:17:26,212,206,157,21.8,29.2,10.7,0.1494,7.83,Low Risk
428,WB-110,2026-09-16 23:08:26,99,96,70,28.5,85.8,11.46,0.6012,21.84,Moderate Risk
429,WB-110,2026-09-14 23:45:26,165,155,124,26.3,63.9,2.18,0.3334,50.28,High Risk
430,WB-101,2026-10-04 00:30:26,133,120,107,22.1,25.9,9.36,0.4508,34.6,Moderate Risk
431,WB-103,2026-09-19 08:28:26,114,109,95,26.3,26.2,4.44,0.5233,75.93,High Risk
432,WB-102,2026-10-01 01:56:26,206,206,157,24.2,53.8,1.23,0.1457,34.43,Moderate Risk
433,WB-103,2026-09-30 16:15:26,183,172,138,16.0,64.4,10.38,0.2799,13.66,Low Risk
434,WB-104,2026-10-01 12:00:26,221,220,178,34.3,39.4,5.67,0.1006,6.05,Low Risk
435,WB-103,2026-09-19 13:27:26,77,74,51,25.3,21.3,8.43,0.6906,76.09,High Risk
436,WB-108,2026-10-04 17:48:26,127,121,92,33.8,78.1,5.28,0.4881,30.35,Moderate Risk
437,WB-107,2026-09-18 05:55:26,36,39,26,29.4,54.0,7.01,0.8492,87.05,Hazardous
438,WB-106,2026-09-14 20:40:26,92,81,74,28.9,54.1,11.25,0.629,31.45,Moderate Risk
439,WB-107,2026-09-22 22:35:26,51,52,42,19.9,48.4,11.16,0.7826,62.23,High Risk
440,WB-107,2026-09-05 00:43:26,105,98,81,20.2,65.4,3.32,0.5827,85.49,Hazardous
441,WB-108,2026-09-07 00:05:26,20,15,10,31.0,89.7,9.71,0.9317,76.29,High Risk
442,WB-108,2026-09-25 07:00:26,187,162,137,35.4,77.8,2.19,0.2604,27.65,Moderate Risk
443,WB-107,2026-09-25 12:39:26,96,95,78,39.3,48.0,11.39,0.6069,27.01,Moderate Risk
444,WB-105,2026-09-16 22:47:26,214,191,172,43.6,23.5,2.22,0.1351,20.15,Moderate Risk
445,WB-103,2026-09-28 03:53:26,20,21,17,33.0,43.9,11.46,0.9124,81.39,Hazardous
446,WB-101,2026-09-28 03:01:26,152,145,109,40.8,34.9,7.49,0.3875,22.51,Moderate Risk
447,WB-105,2026-09-07 06:18:26,108,102,74,37.1,80.7,6.49,0.5546,28.53,Moderate Risk
448,WB-107,2026-09-12 09:24:26,131,128,108,33.7,44.9,9.57,0.4553,22.37,Moderate Risk
449,WB-103,2026-09-11 04:50:26,225,212,173,18.5,51.7,10.31,0.0638,2.76,Safe
450,WB-108,2026-10-02 05:35:26,231,216,181,39.2,43.7,1.14,0.089,20.58,Moderate Risk
451,WB-102,2026-09-05 05:10:26,89,85,63,31.7,88.5,9.39,0.6331,27.24,Moderate Risk
452,WB-103,2026-09-24 12:35:26,194,190,141,35.2,43.0,3.7,0.1937,17.41,Low Risk
453,WB-104,2026-09-09 00:40:26,24,21,14,23.6,70.6,11.37,0.9126,72.92,High Risk
454,WB-110,2026-10-04 11:14:26,218,193,171,20.4,54.5,1.44,0.1462,33.03,Moderate Risk
455,WB-110,2026-09-20 14:29:26,212,224,173,44.7,38.6,8.23,0.0966,3.98,Safe
456,WB-105,2026-09-29 07:13:26,185,161,152,41.4,33.6,4.1,0.2537,22.34,Moderate Risk
457,WB-102,2026-09-10 13:49:26,235,240,171,37.2,28.3,9.2,0.0259,0.96,Safe
458,WB-107,2026-09-27 09:31:26,160,145,112,37.3,70.6,2.06,0.3569,45.06,Moderate Risk
459,WB-109,2026-09-27 06:51:26,209,210,158,44.6,23.9,2.14,0.1289,21.9,Moderate Risk
460,WB-102,2026-09-17 04:01:26,202,196,148,32.8,34.7,1.84,0.1847,36.43,Moderate Risk
461,WB-102,2026-09-10 06:02:26,172,157,134,43.1,68.4,2.29,0.29,29.48,Moderate Risk
462,WB-110,2026-09-12 04:13:26,239,224,191,25.1,48.2,1.09,0.0165,4.32,Safe
463,WB-107,2026-09-26 04:17:26,93,90,75,26.2,30.6,9.68,0.6054,47.37,Moderate Risk
464,WB-103,2026-09-13 22:38:26,153,147,117,20.2,46.5,10.2,0.3976,22.78,Moderate Risk
465,WB-110,2026-09-06 14:03:26,103,92,78,37.7,62.5,2.42,0.5758,81.81,Hazardous
466,WB-101,2026-09-20 06:56:26,147,131,114,30.6,33.3,5.81,0.4216,38.31,Moderate Risk
467,WB-102,2026-09-16 08:03:26,101,95,76,40.1,87.3,9.41,0.5998,21.24,Moderate Risk
468,WB-105,2026-09-13 21:07:26,181,167,146,28.0,87.7,5.7,0.2715,13.63,Low Risk
469,WB-107,2026-09-29 15:12:26,155,142,119,36.7,41.8,9.5,0.3729,16.98,Low Risk
470,WB-101,2026-09-07 01:07:26,160,150,120,30.7,67.0,3.6,0.3614,32.67,Moderate Risk
471,WB-109,2026-09-25 21:03:26,206,203,146,31.4,45.2,1.44,0.1414,33.28,Moderate Risk
472,WB-108,2026-09-20 17:07:26,195,190,144,20.7,52.2,3.79,0.2118,22.58,Moderate Risk
473,WB-108,2026-09-23 02:11:26,234,217,179,23.0,90.0,2.52,0.0528,5.21,Low Risk
474,WB-102,2026-09-24 21:50:26,114,103,91,39.0,64.2,6.29,0.5336,32.06,Moderate Risk
475,WB-107,2026-09-23 08:23:26,240,232,189,32.4,86.3,1.12,0.0304,6.08,Low Risk
476,WB-108,2026-09-16 22:14:26,118,111,94,37.5,68.5,11.89,0.5167,17.44,Low Risk
477,WB-102,2026-10-01 20:06:26,160,158,117,43.8,66.2,6.51,0.3368,14.48,Low Risk
478,WB-109,2026-09-24 01:45:26,220,215,157,37.9,55.4,11.87,0.0834,2.04,Safe
479,WB-106,2026-09-20 17:37:26,23,25,19,43.2,81.7,6.42,0.8958,71.54,High Risk
480,WB-102,2026-09-10 14:28:26,212,189,154,44.1,53.9,1.23,0.1658,29.44,Moderate Risk
481,WB-106,2026-09-21 07:18:26,94,84,69,25.4,38.6,8.39,0.6251,52.42,High Risk
482,WB-109,2026-09-16 15:45:26,240,225,181,42.7,56.2,1.85,0.0323,4.44,Safe
483,WB-107,2026-10-04 07:30:26,224,199,160,36.4,62.3,3.94,0.115,7.62,Low Risk
484,WB-109,2026-09-15 11:26:26,197,178,156,34.8,40.1,6.94,0.2132,12.21,Low Risk
485,WB-102,2026-09-22 19:53:26,182,165,152,44.4,30.9,3.1,0.2444,27.74,Moderate Risk
486,WB-108,2026-09-16 13:51:26,232,214,187,21.6,84.8,10.48,0.0746,2.15,Safe
487,WB-107,2026-10-01 04:49:26,66,59,51,35.2,36.8,9.05,0.7291,55.62,High Risk
488,WB-102,2026-09-08 16:57:26,140,132,105,35.3,33.3,9.92,0.4348,22.96,Moderate Risk
489,WB-101,2026-09-28 07:12:26,180,171,134,36.2,84.4,3.61,0.2954,19.91,Low Risk
490,WB-101,2026-09-25 05:16:26,204,197,172,22.5,44.9,2.54,0.1469,21.57,Moderate Risk
491,WB-105,2026-09-16 05:15:26,208,202,162,43.3,34.9,6.48,0.1678,9.04,Low Risk
492,WB-109,2026-09-30 02:34:26,212,199,160,32.7,49.6,2.81,0.161,18.36,Low Risk
493,WB-102,2026-09-16 13:29:26,21,18,15,28.1,77.2,6.82,0.9177,96.61,Hazardous
494,WB-106,2026-09-12 20:21:26,165,144,110,17.7,54.8,3.53,0.3647,47.32,Moderate Risk
495,WB-102,2026-09-20 08:10:26,201,183,155,32.6,56.5,2.22,0.1948,25.53,Moderate Risk
496,WB-106,2026-09-18 14:14:26,150,139,126,19.6,29.1,4.47,0.3667,51.01,High Risk
497,WB-110,2026-09-25 04:52:26,129,107,94,30.8,65.9,3.18,0.4927,55.11,High Risk
498,WB-110,2026-09-28 13:22:26,182,175,137,36.6,45.1,7.52,0.2189,10.66,Low Risk
499,WB-101,2026-09-20 20:27:26,210,199,158,23.0,37.1,3.11,0.1184,17.44,Low Risk
500,WB-103,2026-09-05 03:21:26,174,178,144,39.8,49.9,7.35,0.2652,11.81,Low Risk
501,WB-109,2026-09-26 18:34:26,121,112,96,19.7,66.5,8.65,0.5018,31.1,Moderate Risk
502,WB-110,2026-09-13 17:59:26,51,45,35,28.0,72.3,12.0,0.8001,42.42,Moderate Risk
503,WB-101,2026-09-20 07:17:26,152,141,113,33.1,24.5,11.68,0.3835,19.59,Low Risk
504,WB-106,2026-09-30 16:44:26,200,193,143,15.5,41.9,7.26,0.187,14.91,Low Risk
505,WB-102,2026-10-02 02:06:26,215,215,162,40.9,59.5,5.22,0.0922,4.37,Safe
506,WB-110,2026-10-01 02:10:26,44,44,41,28.9,50.3,9.7,0.8054,62.71,High Risk
507,WB-105,2026-09-07 00:38:26,20,19,14,31.1,85.5,7.37,0.9227,87.01,Hazardous
508,WB-108,2026-09-29 22:04:26,237,221,156,42.1,31.0,4.72,0.0866,5.58,Low Risk
509,WB-106,2026-09-16 01:20:26,159,157,132,40.7,50.2,4.94,0.3232,21.09,Moderate Risk
510,WB-110,2026-10-03 05:26:26,191,175,145,24.1,47.5,2.57,0.2207,33.53,Moderate Risk
511,WB-109,2026-09-14 04:56:26,135,130,105,20.7,73.8,3.55,0.4489,48.38,Moderate Risk
512,WB-103,2026-09-26 07:13:26,201,189,157,37.7,53.8,1.78,0.1812,28.05,Moderate Risk
513,WB-103,2026-10-03 05:53:26,115,114,101,25.7,39.2,9.71,0.4967,31.62,Moderate Risk
514,WB-108,2026-09-19 18:25:26,79,75,53,39.4,80.6,2.48,0.6882,92.06,Hazardous
515,WB-110,2026-09-24 10:16:26,202,206,159,34.6,55.8,2.33,0.13,15.6,Low Risk
516,WB-104,2026-09-09 21:05:26,183,179,138,32.0,73.4,2.07,0.2406,30.89,Moderate Risk
517,WB-104,2026-09-26 20:34:26,191,196,158,34.2,49.0,3.87,0.2027,17.81,Low Risk
518,WB-107,2026-09-19 22:09:26,225,220,176,21.0,62.1,1.2,0.0831,19.13,Low Risk
519,WB-108,2026-09-14 19:23:26,213,220,161,40.3,41.2,5.44,0.0952,5.51,Low Risk
520,WB-109,2026-09-09 11:17:26,199,196,147,36.2,77.5,3.22,0.1803,13.72,Low Risk
521,WB-107,2026-09-13 09:18:26,234,209,159,35.3,37.4,0.68,0.0606,21.23,Moderate Risk
522,WB-103,2026-09-05 06:07:26,188,189,143,33.1,54.5,0.96,0.204,59.93,High Risk
523,WB-102,2026-10-01 10:54:26,192,198,138,19.6,80.4,3.56,0.189,17.7,Low Risk
524,WB-108,2026-09-25 07:03:26,227,209,178,30.8,85.1,6.06,0.0893,4.19,Safe
525,WB-108,2026-10-02 06:09:26,221,209,173,33.0,22.4,6.22,0.0889,6.4,Low Risk
526,WB-101,2026-09-27 10:59:26,208,189,165,32.1,20.6,3.46,0.1347,16.1,Low Risk
527,WB-110,2026-10-02 17:47:26,226,218,184,44.8,53.7,9.19,0.0547,1.51,Safe
528,WB-107,2026-09-29 17:32:26,38,38,32,34.9,57.0,11.65,0.8336,48.78,Moderate Risk
529,WB-109,2026-09-25 07:40:26,133,118,105,36.0,27.9,9.39,0.462,27.45,Moderate Risk
530,WB-102,2026-09-27 06:20:26,94,100,80,31.6,56.9,9.29,0.5945,32.12,Moderate Risk
531,WB-105,2026-09-13 13:53:26,58,58,47,22.9,85.4,8.78,0.7576,49.24,Moderate Risk
532,WB-106,2026-09-21 01:11:26,174,161,122,37.1,24.9,10.44,0.3042,15.35,Low Risk
533,WB-103,2026-09-22 09:57:26,146,133,101,39.2,44.9,1.66,0.4188,77.42,High Risk
534,WB-102,2026-09-18 08:59:26,155,162,123,30.1,62.4,6.94,0.3384,17.67,Low Risk
535,WB-108,2026-09-15 10:36:26,154,151,115,41.2,25.8,11.02,0.3688,17.17,Low Risk
536,WB-110,2026-09-18 13:12:26,188,171,147,22.7,80.1,6.78,0.2345,12.01,Low Risk
537,WB-109,2026-09-18 05:12:26,28,26,20,41.1,66.3,5.49,0.886,93.86,Hazardous
538,WB-108,2026-09-08 00:06:26,90,79,66,40.6,84.0,3.55,0.632,55.84,High Risk
539,WB-106,2026-09-08 02:00:26,235,221,193,27.3,42.9,9.07,0.0342,1.7,Safe
540,WB-101,2026-09-27 09:39:26,234,223,171,32.1,23.8,2.12,0.0444,7.27,Low Risk
541,WB-109,2026-09-04 23:31:26,222,198,162,19.8,88.5,2.32,0.11,12.74,Low Risk
542,WB-104,2026-09-16 20:35:26,186,189,138,15.9,87.7,6.56,0.2135,12.69,Low Risk
543,WB-108,2026-10-01 06:06:26,198,201,142,31.0,53.8,8.58,0.172,6.78,Low Risk
544,WB-110,2026-09-25 03:53:26,143,133,106,42.7,33.7,11.55,0.4239,17.82,Low Risk
545,WB-103,2026-09-22 23:03:26,192,177,152,34.4,20.9,2.36,0.2159,39.94,Moderate Risk
546,WB-105,2026-09-10 09:55:26,223,207,161,37.0,30.8,10.34,0.1056,3.7,Safe
547,WB-101,2026-09-28 23:05:26,204,198,160,19.9,45.4,3.39,0.1732,23.94,Moderate Risk
548,WB-101,2026-09-05 08:00:26,188,174,139,27.7,65.5,0.78,0.2135,69.88,High Risk
549,WB-101,2026-09-05 09:15:26,190,184,153,17.0,68.3,7.08,0.2195,12.73,Low Risk
550,WB-101,2026-09-06 14:15:26,188,193,147,24.1,68.2,10.44,0.1952,6.75,Low Risk
551,WB-104,2026-09-05 13:09:26,109,95,75,31.6,56.9,8.94,0.5707,31.08,Moderate Risk
552,WB-103,2026-09-14 02:46:26,221,216,165,18.8,64.7,1.36,0.0964,22.57,Moderate Risk
553,WB-105,2026-09-12 19:40:26,39,33,30,28.1,38.8,7.45,0.844,99.93,Hazardous
554,WB-101,2026-09-19 06:07:26,156,152,112,41.1,78.4,10.08,0.3438,10.2,Low Risk
555,WB-104,2026-10-01 21:00:26,213,214,157,31.3,20.6,1.59,0.1043,25.39,Moderate Risk
556,WB-102,2026-09-17 07:30:26,169,165,116,17.4,25.1,10.28,0.3186,23.41,Moderate Risk
557,WB-110,2026-09-12 12:51:26,50,41,29,27.4,42.9,7.48,0.8151,89.4,Hazardous
558,WB-110,2026-09-29 13:31:26,169,172,134,16.7,45.9,6.32,0.2857,25.5,Moderate Risk
559,WB-107,2026-09-30 02:58:26,204,196,151,17.5,28.3,3.08,0.1767,29.42,Moderate Risk
560,WB-110,2026-09-06 00:31:26,111,106,81,16.4,74.6,3.4,0.5579,80.76,Hazardous
561,WB-109,2026-09-14 00:35:26,123,115,90,31.3,36.3,7.1,0.4993,36.86,Moderate Risk
562,WB-106,2026-09-18 15:32:26,184,180,147,26.0,58.0,2.2,0.2308,35.54,Moderate Risk
563,WB-103,2026-09-29 10:31:26,158,157,122,36.6,67.3,8.62,0.3461,13.4,Low Risk
564,WB-110,2026-09-09 19:07:26,159,150,121,37.0,41.3,2.52,0.3766,55.32,High Risk
565,WB-109,2026-09-13 05:04:26,202,190,160,24.4,32.5,10.87,0.1691,8.58,Low Risk
566,WB-109,2026-10-03 01:41:26,50,40,37,35.7,55.9,7.98,0.8123,63.63,High Risk
567,WB-103,2026-09-28 17:20:26,205,200,143,41.5,84.5,1.7,0.1804,19.5,Low Risk
568,WB-106,2026-09-18 17:42:26,98,92,75,29.5,68.0,9.46,0.6108,31.17,Moderate Risk
569,WB-109,2026-09-20 08:29:26,159,144,121,40.5,70.8,10.18,0.3586,11.08,Low Risk
570,WB-108,2026-09-04 22:44:26,78,78,66,30.5,60.5,9.12,0.6664,39.78,Moderate Risk
571,WB-107,2026-09-28 03:32:26,150,135,115,37.4,41.8,4.02,0.4001,39.7,Moderate Risk
572,WB-104,2026-09-07 23:31:26,158,150,130,23.3,89.8,9.13,0.3192,12.44,Low Risk
573,WB-109,2026-10-03 23:51:26,231,232,167,24.8,50.6,3.71,0.0301,1.94,Safe
574,WB-106,2026-09-07 13:06:26,203,194,143,42.1,29.8,1.61,0.1734,32.68,Moderate Risk
575,WB-105,2026-09-14 10:37:26,238,233,172,36.8,60.6,2.37,0.0505,4.67,Safe
576,WB-104,2026-09-22 18:09:26,129,116,96,27.8,37.3,9.11,0.4881,30.86,Moderate Risk
577,WB-109,2026-09-18 02:17:26,168,163,124,33.7,39.8,4.85,0.3109,25.17,Moderate Risk
578,WB-110,2026-09-10 08:42:26,212,192,158,23.6,64.7,3.8,0.1673,13.99,Low Risk
579,WB-101,2026-09-30 13:58:26,166,154,116,33.1,85.4,2.84,0.3306,29.95,Moderate Risk
580,WB-105,2026-09-20 04:49:26,211,196,157,36.6,79.8,3.45,0.121,7.81,Low Risk
581,WB-102,2026-09-07 04:19:26,66,63,53,34.6,24.9,7.76,0.7319,70.16,High Risk
582,WB-104,2026-09-17 00:08:26,89,82,66,30.8,66.3,2.89,0.6364,89.51,Hazardous
583,WB-108,2026-09-16 16:15:26,238,229,186,33.4,78.3,6.18,0.0286,0.48,Safe
584,WB-108,2026-09-14 15:39:26,178,172,131,41.5,48.7,3.83,0.2576,20.12,Moderate Risk
585,WB-109,2026-09-15 04:36:26,39,39,29,40.2,22.2,11.31,0.8388,69.81,High Risk
586,WB-101,2026-09-05 13:50:26,99,95,79,31.9,54.6,8.92,0.5948,33.07,Moderate Risk
587,WB-106,2026-09-18 13:29:26,95,88,76,36.2,54.3,3.46,0.6077,72.51,High Risk
588,WB-108,2026-09-29 17:12:26,113,113,90,37.0,50.3,8.32,0.5249,26.91,Moderate Risk
589,WB-106,2026-09-27 14:43:26,55,53,43,22.8,79.7,10.43,0.7775,45.97,Moderate Risk
590,WB-106,2026-09-13 02:57:26,90,86,72,29.3,45.4,7.87,0.6213,45.65,Moderate Risk
591,WB-102,2026-09-06 16:38:26,71,64,50,20.1,25.5,8.47,0.7339,88.72,Hazardous
592,WB-107,2026-09-08 05:26:26,239,209,157,41.9,29.0,0.8,0.0722,21.14,Moderate Risk
593,WB-109,2026-09-06 11:24:26,51,52,36,23.1,76.3,7.58,0.7871,64.07,High Risk
594,WB-106,2026-09-05 06:15:26,235,236,169,23.2,42.0,1.84,0.0302,7.33,Low Risk
595,WB-101,2026-09-30 09:30:26,124,132,102,32.1,45.5,9.2,0.4578,24.27,Moderate Risk
596,WB-102,2026-09-20 19:45:26,221,207,172,23.2,70.6,2.87,0.1051,11.78,Low Risk
597,WB-102,2026-09-12 01:57:26,210,193,168,22.4,27.6,9.64,0.1602,9.5,Low Risk
598,WB-101,2026-10-04 06:13:26,175,173,128,25.1,36.4,6.03,0.2776,22.11,Moderate Risk
599,WB-101,2026-09-10 00:22:26,63,63,45,32.1,50.5,5.27,0.7433,79.58,High Risk
600,WB-101,2026-09-07 14:22:26,149,132,120,21.4,27.4,8.36,0.3992,33.27,Moderate Risk
601,WB-106,2026-09-09 07:09:26,108,107,83,24.6,83.9,5.21,0.5572,42.38,Moderate Risk
602,WB-110,2026-09-18 04:04:26,159,158,114,30.0,41.4,11.7,0.3431,14.29,Low Risk
603,WB-102,2026-09-24 06:49:26,239,241,196,33.9,28.3,8.03,0.0013,0.01,Safe
604,WB-105,2026-09-14 01:06:26,202,184,144,19.0,41.7,7.58,0.203,14.15,Low Risk
605,WB-105,2026-09-08 14:52:26,212,190,170,18.4,41.4,9.48,0.1466,8.46,Low Risk
606,WB-106,2026-09-28 12:32:26,202,189,147,38.5,87.4,1.96,0.1635,16.83,Low Risk
607,WB-101,2026-09-30 19:18:26,186,163,128,34.5,33.9,3.26,0.2702,31.84,Moderate Risk
608,WB-101,2026-10-04 14:55:26,173,163,132,30.6,45.5,10.54,0.2779,11.73,Low Risk
609,WB-108,2026-09-18 20:29:26,182,165,140,35.5,20.2,11.21,0.2835,14.22,Low Risk
610,WB-110,2026-10-04 00:50:26,20,15,10,35.7,88.5,8.86,0.9302,87.28,Hazardous
611,WB-106,2026-09-08 04:13:26,83,84,67,30.8,34.2,5.7,0.6464,73.38,High Risk
612,WB-102,2026-09-09 21:46:26,227,228,179,15.7,48.8,4.33,0.0725,7.56,Low Risk
613,WB-108,2026-09-23 00:41:26,191,202,144,33.4,75.5,1.48,0.1691,26.54,Moderate Risk
614,WB-106,2026-09-24 05:36:26,209,194,163,29.8,29.4,10.69,0.1258,5.72,Low Risk
615,WB-107,2026-09-20 04:34:26,79,72,55,36.7,76.7,9.66,0.6945,31.62,Moderate Risk
616,WB-110,2026-09-15 08:37:26,191,182,138,43.7,68.9,2.89,0.2078,16.78,Low Risk
617,WB-103,2026-10-04 12:05:26,21,22,19,37.7,75.6,7.59,0.9106,76.6,High Risk
618,WB-105,2026-09-19 23:51:26,37,43,32,39.8,28.8,10.89,0.8352,65.2,High Risk
619,WB-104,2026-09-10 21:30:26,217,201,154,20.1,43.5,7.49,0.09,5.73,Low Risk
620,WB-104,2026-09-24 14:03:26,83,80,72,29.7,73.4,10.08,0.6532,31.23,Moderate Risk
621,WB-106,2026-09-06 08:55:26,20,23,10,36.1,65.6,11.63,0.9196,64.17,High Risk
622,WB-108,2026-09-06 09:09:26,245,226,188,19.8,43.8,4.23,0.0248,2.33,Safe
623,WB-103,2026-09-29 03:28:26,31,27,24,33.2,26.3,11.53,0.8771,86.23,Hazardous
624,WB-107,2026-10-03 17:03:26,230,222,165,21.3,20.3,3.28,0.0777,13.3,Low Risk
625,WB-104,2026-09-15 15:26:26,180,180,134,24.5,31.6,9.08,0.2658,16.56,Low Risk
626,WB-103,2026-10-02 06:26:26,187,174,144,36.8,66.8,1.33,0.2348,38.45,Moderate Risk
627,WB-102,2026-10-01 22:01:26,20,15,10,41.9,64.5,8.9,0.9328,94.27,Hazardous
628,WB-106,2026-09-30 05:36:26,196,183,147,44.9,37.7,5.52,0.1772,10.32,Low Risk
629,WB-108,2026-09-21 02:37:26,124,120,104,36.1,26.0,7.98,0.472,33.47,Moderate Risk
630,WB-105,2026-09-10 19:55:26,186,164,146,21.9,32.7,9.82,0.2682,16.4,Low Risk
631,WB-107,2026-10-04 06:27:26,163,162,113,24.5,49.7,4.06,0.3224,34.03,Moderate Risk
632,WB-102,2026-09-08 02:21:26,141,125,106,36.4,68.2,4.17,0.4532,33.46,Moderate Risk
633,WB-105,2026-09-17 04:57:26,98,93,60,31.1,21.6,5.61,0.6203,79.2,High Risk
634,WB-104,2026-09-29 08:36:26,22,17,13,41.3,61.0,8.25,0.9224,77.85,High Risk
635,WB-101,2026-09-09 23:19:26,188,190,144,20.0,89.5,6.97,0.2083,10.09,Low Risk
636,WB-105,2026-09-20 22:54:26,167,169,125,26.8,47.1,3.8,0.2892,30.14,Moderate Risk
637,WB-110,2026-09-25 03:00:26,199,187,144,38.1,82.0,3.05,0.2171,16.46,Low Risk
638,WB-105,2026-09-22 17:07:26,145,133,103,25.4,56.4,8.04,0.4224,25.0,Moderate Risk
639,WB-109,2026-09-08 03:06:26,28,24,21,34.2,81.4,5.31,0.8896,99.56,Hazardous
640,WB-109,2026-09-14 22:45:26,106,102,84,29.0,36.8,10.79,0.5728,34.25,Moderate Risk
641,WB-110,2026-10-03 18:37:26,180,174,134,26.4,49.3,6.79,0.2738,17.37,Low Risk
642,WB-109,2026-09-23 04:38:26,178,180,142,21.1,30.9,10.62,0.2364,14.42,Low Risk
643,WB-107,2026-09-22 00:20:26,217,214,158,39.3,86.3,2.06,0.0777,7.5,Low Risk
644,WB-101,2026-09-28 05:12:26,146,128,109,35.6,49.2,7.96,0.4195,21.22,Moderate Risk
645,WB-109,2026-10-01 15:40:26,20,19,12,33.8,74.9,7.95,0.9234,93.89,Hazardous
646,WB-103,2026-09-19 15:08:26,230,216,173,40.4,24.5,0.86,0.0891,31.52,Moderate Risk
647,WB-103,2026-09-11 23:55:26,223,203,175,35.0,35.0,8.06,0.1203,5.35,Low Risk
648,WB-105,2026-09-09 12:01:26,179,161,128,33.0,49.3,5.47,0.271,18.08,Low Risk
649,WB-106,2026-09-14 23:44:26,182,181,132,40.0,45.3,2.95,0.2445,25.89,Moderate Risk
650,WB-105,2026-09-25 04:23:26,228,218,185,18.8,47.9,2.46,0.065,9.21,Low Risk
651,WB-110,2026-09-05 16:00:26,164,158,113,40.7,41.6,8.08,0.3367,16.51,Low Risk
652,WB-108,2026-09-15 23:00:26,144,127,110,30.0,53.9,2.32,0.4157,67.02,High Risk
653,WB-105,2026-09-28 22:03:26,201,203,157,16.2,28.6,2.84,0.1621,29.6,Moderate Risk
654,WB-108,2026-09-23 02:00:26,160,150,127,24.0,87.8,8.58,0.349,14.58,Low Risk
655,WB-108,2026-09-13 08:29:26,203,188,145,15.2,74.6,8.17,0.2013,10.24,Low Risk
656,WB-110,2026-09-09 14:44:26,211,214,163,44.8,65.7,1.2,0.1146,17.38,Low Risk
657,WB-107,2026-10-02 08:28:26,20,15,10,40.1,74.9,9.98,0.9319,89.12,Hazardous
658,WB-107,2026-09-24 04:12:26,231,219,159,18.4,26.6,4.33,0.0613,7.5,Low Risk
659,WB-110,2026-10-03 12:10:26,215,203,158,36.7,68.9,4.08,0.1541,9.54,Low Risk
660,WB-104,2026-09-20 03:34:26,212,210,159,25.9,57.2,10.53,0.0986,3.91,Safe
661,WB-109,2026-10-04 17:37:26,100,96,72,40.2,65.7,6.28,0.5992,35.39,Moderate Risk
662,WB-106,2026-10-02 10:42:26,236,232,161,19.4,75.8,1.22,0.0579,12.83,Low Risk
663,WB-107,2026-09-11 07:49:26,211,184,161,38.4,85.2,3.33,0.1557,9.61,Low Risk
664,WB-102,2026-09-09 18:20:26,245,235,190,40.6,38.5,6.47,0.0006,0.41,Safe
665,WB-107,2026-09-21 19:31:26,219,209,172,35.4,62.5,5.03,0.1119,5.89,Low Risk
666,WB-110,2026-09-24 17:17:26,36,34,31,33.4,46.1,8.57,0.8483,79.74,High Risk
667,WB-105,2026-09-09 11:59:26,29,27,24,44.3,27.6,11.22,0.8805,69.15,High Risk
668,WB-107,2026-10-01 12:56:26,84,75,55,42.8,52.1,8.08,0.6824,40.86,Moderate Risk
669,WB-103,2026-10-02 22:13:26,179,159,123,18.4,57.3,1.66,0.2952,68.0,High Risk
670,WB-102,2026-09-07 06:10:26,72,68,60,32.3,69.2,7.79,0.6955,43.99,Moderate Risk
671,WB-105,2026-09-06 02:40:26,216,208,150,28.0,89.4,11.17,0.1503,3.91,Safe
672,WB-103,2026-09-06 03:29:26,169,160,122,40.6,74.2,5.02,0.2993,16.25,Low Risk
673,WB-106,2026-09-29 22:45:26,24,18,14,26.1,71.9,9.52,0.9141,81.97,Hazardous
674,WB-106,2026-09-05 02:38:26,189,176,149,21.8,62.9,5.48,0.2419,17.08,Low Risk
675,WB-107,2026-09-26 10:46:26,226,221,184,38.1,56.6,2.32,0.0711,6.59,Low Risk
676,WB-107,2026-09-18 06:29:26,164,156,123,16.3,63.7,6.97,0.3228,22.54,Moderate Risk
677,WB-101,2026-09-07 18:55:26,56,49,42,36.6,60.9,8.43,0.7817,51.25,High Risk
678,WB-102,2026-10-01 08:42:26,133,124,91,27.1,33.9,11.56,0.4681,25.69,Moderate Risk
679,WB-101,2026-09-21 02:20:26,240,220,181,29.9,29.4,6.2,0.0554,4.41,Safe
680,WB-108,2026-09-24 04:35:26,159,146,126,43.8,77.4,10.32,0.3501,9.48,Low Risk
681,WB-110,2026-09-05 00:21:26,233,235,183,43.0,20.6,1.05,0.0124,5.86,Low Risk
682,WB-109,2026-09-30 03:26:26,149,148,115,31.1,30.7,6.31,0.3802,30.69,Moderate Risk
683,WB-103,2026-09-10 01:04:26,164,161,134,42.8,46.3,3.28,0.3032,27.87,Moderate Risk
684,WB-110,2026-09-15 00:05:26,161,152,120,26.8,40.4,9.96,0.3382,17.55,Low Risk
685,WB-103,2026-09-20 09:16:26,219,201,177,38.9,30.8,7.69,0.0939,4.43,Safe
686,WB-105,2026-10-03 01:59:26,33,35,28,31.0,78.3,5.12,0.8572,91.98,Hazardous
687,WB-103,2026-09-22 13:06:26,44,49,41,38.0,75.0,7.02,0.7997,55.68,High Risk
688,WB-109,2026-09-18 07:40:26,132,124,102,40.2,65.1,7.51,0.4729,21.93,Moderate Risk
689,WB-106,2026-09-30 16:59:26,247,227,177,33.9,21.2,6.72,0.0099,0.92,Safe
690,WB-104,2026-09-17 08:02:26,51,44,37,25.4,69.9,6.88,0.8067,74.14,High Risk
691,WB-106,2026-09-10 16:18:26,112,107,93,33.5,50.0,2.6,0.5286,84.08,Hazardous
692,WB-109,2026-09-25 22:31:26,151,144,122,21.3,64.3,11.72,0.3843,16.13,Low Risk
693,WB-103,2026-09-10 17:54:26,133,130,96,31.8,36.0,9.96,0.4522,24.69,Moderate Risk
694,WB-105,2026-10-01 13:46:26,112,107,91,16.5,24.9,9.73,0.5355,50.94,High Risk
695,WB-103,2026-10-01 04:32:26,225,212,151,42.7,24.0,0.84,0.1038,34.53,Moderate Risk
696,WB-105,2026-09-06 08:23:26,236,211,163,32.4,70.4,1.58,0.0724,10.02,Low Risk
697,WB-103,2026-09-30 22:29:26,231,209,172,31.8,41.1,2.42,0.067,8.13,Low Risk
698,WB-103,2026-09-19 13:24:26,72,65,60,22.9,56.9,6.45,0.7082,70.69,High Risk
699,WB-110,2026-09-14 05:42:26,115,112,92,39.9,77.6,2.67,0.5168,53.89,High Risk
700,WB-107,2026-10-04 16:15:26,183,178,131,16.3,87.9,8.73,0.2477,11.15,Low Risk
701,WB-110,2026-09-25 16:59:26,113,102,81,39.8,41.3,11.89,0.5507,23.16,Moderate Risk
702,WB-107,2026-09-30 01:28:26,215,201,145,36.8,28.5,2.44,0.1371,20.79,Moderate Risk
703,WB-103,2026-10-02 15:22:26,221,223,175,19.8,20.5,9.16,0.0491,2.88,Safe
704,WB-105,2026-09-11 01:13:26,246,234,180,21.3,25.2,5.84,0.0363,3.33,Safe
705,WB-102,2026-09-16 02:09:26,213,200,167,39.7,35.3,3.29,0.1083,9.66,Low Risk
706,WB-102,2026-09-05 08:59:26,105,96,82,43.5,25.5,11.23,0.5734,29.56,Moderate Risk
707,WB-107,2026-09-26 09:29:26,228,231,165,38.6,31.2,1.01,0.0511,14.57,Low Risk
708,WB-105,2026-09-24 01:35:26,48,48,36,34.3,39.3,6.33,0.8011,92.31,Hazardous
709,WB-110,2026-09-09 08:28:26,211,193,158,41.7,54.7,9.98,0.1204,3.58,Safe
710,WB-106,2026-09-06 19:17:26,95,89,78,19.3,29.4,11.35,0.6065,46.74,Moderate Risk
711,WB-102,2026-09-25 07:15:26,225,232,170,36.2,30.7,11.02,0.0601,1.93,Safe
712,WB-102,2026-09-23 04:54:26,210,186,168,29.8,34.4,8.98,0.1646,8.62,Low Risk
713,WB-106,2026-09-22 07:23:26,149,146,123,42.6,49.6,3.71,0.377,32.12,Moderate Risk
714,WB-102,2026-09-24 09:19:26,169,162,130,23.6,33.9,11.27,0.2935,15.32,Low Risk
715,WB-106,2026-09-17 00:36:26,200,182,149,35.2,74.8,6.6,0.1732,7.02,Low Risk
716,WB-107,2026-09-16 21:58:26,177,180,141,22.9,22.7,4.01,0.2573,38.09,Moderate Risk
717,WB-110,2026-09-21 11:36:26,139,130,92,26.9,60.6,11.4,0.4403,17.76,Low Risk
718,WB-102,2026-09-28 05:36:26,209,203,151,22.7,20.7,3.66,0.1428,23.09,Moderate Risk
719,WB-103,2026-09-22 09:17:26,210,195,168,27.0,34.5,2.8,0.1632,23.52,Moderate Risk
720,WB-108,2026-09-08 06:39:26,167,150,128,29.4,21.2,8.94,0.3255,22.02,Moderate Risk
721,WB-105,2026-09-24 23:24:26,173,177,129,25.1,58.8,7.12,0.2751,16.01,Low Risk
722,WB-109,2026-09-08 15:01:26,199,192,158,34.1,20.7,0.88,0.1822,79.46,High Risk
723,WB-104,2026-09-05 05:56:26,229,203,171,29.8,73.8,3.05,0.096,8.5,Low Risk
724,WB-104,2026-09-16 10:13:26,175,164,124,29.3,77.6,3.62,0.2945,23.85,Moderate Risk
725,WB-104,2026-10-04 02:27:26,237,228,162,42.2,22.9,5.46,0.0433,3.34,Safe
726,WB-104,2026-10-02 01:02:26,33,35,28,42.8,65.2,5.27,0.8529,86.02,Hazardous
727,WB-107,2026-09-12 08:41:26,106,108,81,33.8,89.0,6.64,0.565,28.99,Moderate Risk
728,WB-104,2026-10-04 00:17:26,146,138,112,34.1,72.6,8.3,0.4079,17.29,Low Risk
729,WB-108,2026-10-03 14:31:26,215,210,173,44.9,28.3,0.67,0.1278,50.92,High Risk
730,WB-107,2026-09-06 00:53:26,166,156,129,15.2,23.0,10.9,0.3479,25.76,Moderate Risk
731,WB-107,2026-09-16 20:24:26,132,128,98,27.0,45.7,6.94,0.4622,34.24,Moderate Risk
732,WB-106,2026-09-30 21:24:26,78,70,59,22.8,54.7,5.31,0.6928,82.74,Hazardous
733,WB-104,2026-09-19 01:37:26,119,119,99,31.6,35.1,2.8,0.5108,87.11,Hazardous
734,WB-109,2026-09-22 16:49:26,96,87,69,29.2,48.8,11.19,0.6274,33.72,Moderate Risk
735,WB-106,2026-09-18 15:06:26,185,183,141,33.2,51.6,11.29,0.2106,7.42,Low Risk
736,WB-103,2026-09-15 02:58:26,20,15,10,28.4,90.0,10.11,0.9289,88.51,Hazardous
737,WB-109,2026-09-15 03:27:26,233,207,161,17.5,77.7,8.29,0.0703,2.79,Safe
738,WB-109,2026-09-28 08:17:26,76,74,61,42.8,57.1,4.57,0.6867,63.79,High Risk
739,WB-110,2026-09-24 01:08:26,218,206,162,15.0,45.4,8.98,0.1074,6.22,Low Risk
740,WB-106,2026-09-18 03:45:26,193,185,135,33.5,28.7,7.16,0.2296,15.36,Low Risk
741,WB-107,2026-09-19 02:35:26,26,21,16,32.5,86.4,6.08,0.9044,89.28,Hazardous
742,WB-103,2026-10-01 05:21:26,156,146,114,24.5,85.8,4.74,0.3779,26.7,Moderate Risk
743,WB-108,2026-09-04 23:19:26,198,200,141,18.0,38.2,2.54,0.1684,31.83,Moderate Risk
744,WB-105,2026-09-14 13:10:26,207,197,159,31.9,27.0,11.1,0.1645,7.87,Low Risk
745,WB-105,2026-09-27 17:58:26,67,68,51,30.7,53.4,5.65,0.7089,69.24,High Risk
746,WB-106,2026-10-02 20:38:26,20,15,10,37.6,55.3,10.78,0.9333,87.48,Hazardous
747,WB-107,2026-09-09 12:21:26,227,211,157,22.8,83.6,0.74,0.0864,25.16,Moderate Risk
748,WB-107,2026-10-03 04:38:26,35,41,29,25.4,54.1,11.75,0.8374,62.06,High Risk
749,WB-108,2026-09-07 13:35:26,185,180,140,27.2,34.8,6.05,0.2443,18.96,Low Risk
750,WB-102,2026-09-11 01:13:26,61,58,45,35.1,72.3,11.03,0.7592,35.68,Moderate Risk
751,WB-108,2026-09-08 12:24:26,204,201,161,34.4,50.4,2.81,0.1403,15.4,Low Risk
752,WB-106,2026-09-30 11:54:26,24,24,20,42.7,47.8,7.69,0.8983,85.96,Hazardous
753,WB-106,2026-09-19 01:26:26,197,196,160,29.7,57.7,3.46,0.1663,15.2,Low Risk
754,WB-101,2026-09-19 18:30:26,234,227,181,27.1,51.2,10.55,0.0186,0.74,Safe
755,WB-107,2026-09-30 19:25:26,160,156,119,33.8,70.9,8.31,0.3443,13.58,Low Risk
756,WB-104,2026-09-08 04:04:26,20,15,10,41.7,35.9,11.19,0.9308,84.57,Hazardous
757,WB-110,2026-09-21 22:42:26,243,237,176,19.8,34.4,9.57,0.0237,1.0,Safe
758,WB-106,2026-09-29 11:51:26,229,224,170,20.0,69.4,3.85,0.088,8.34,Low Risk
759,WB-102,2026-09-30 06:27:26,114,103,87,22.9,55.9,4.3,0.5521,65.79,High Risk
760,WB-104,2026-09-08 02:29:26,87,92,67,23.0,87.7,2.34,0.6218,98.97,Hazardous
761,WB-109,2026-09-06 11:48:26,219,210,175,22.1,82.6,2.62,0.0922,9.49,Low Risk
762,WB-103,2026-09-30 17:00:26,144,136,105,17.7,84.6,6.02,0.4124,29.06,Moderate Risk
763,WB-104,2026-09-27 03:07:26,194,185,138,18.3,27.6,5.42,0.1936,21.67,Moderate Risk
764,WB-104,2026-09-28 13:07:26,45,47,34,25.8,23.2,10.22,0.8092,88.34,Hazardous
765,WB-110,2026-09-14 16:14:26,170,167,119,23.9,83.9,2.72,0.2983,32.91,Moderate Risk
766,WB-101,2026-09-17 03:20:26,209,195,152,21.0,37.0,5.26,0.1795,17.2,Low Risk
767,WB-109,2026-09-09 18:56:26,142,136,119,27.5,44.5,10.38,0.4098,19.8,Low Risk
768,WB-102,2026-09-16 18:58:26,148,149,110,32.3,68.2,1.73,0.3809,63.31,High Risk
769,WB-108,2026-09-06 03:33:26,220,211,161,43.7,80.7,0.52,0.1105,28.65,Moderate Risk
770,WB-103,2026-09-12 11:25:26,68,63,47,29.8,32.5,6.4,0.7328,85.5,Hazardous
771,WB-105,2026-09-11 08:23:26,92,78,58,41.0,82.5,10.69,0.6543,22.62,Moderate Risk
772,WB-101,2026-09-30 18:02:26,74,69,59,27.0,65.2,5.05,0.6922,71.91,High Risk
773,WB-101,2026-09-06 09:26:26,232,214,162,23.9,33.5,6.87,0.0781,5.5,Low Risk
774,WB-104,2026-09-25 21:49:26,227,211,181,40.2,27.3,10.13,0.0855,2.9,Safe
775,WB-107,2026-09-08 04:54:26,20,20,10,25.3,68.6,9.23,0.9242,98.24,Hazardous
776,WB-106,2026-09-13 23:39:26,242,235,195,20.0,49.7,5.8,0.0133,0.59,Safe
777,WB-108,2026-10-02 18:29:26,161,149,123,21.3,52.3,10.97,0.3679,17.46,Low Risk
778,WB-108,2026-09-12 12:58:26,236,222,184,43.1,63.9,4.2,0.0146,0.32,Safe
779,WB-106,2026-09-25 18:18:26,186,190,150,33.0,75.3,2.98,0.2114,18.61,Low Risk
780,WB-109,2026-09-13 10:59:26,157,157,123,24.8,51.0,7.94,0.3531,21.71,Moderate Risk
781,WB-106,2026-09-19 21:01:26,122,110,93,18.8,77.9,10.44,0.5081,24.99,Moderate Risk
782,WB-105,2026-09-21 06:11:26,35,38,24,15.1,87.2,7.31,0.8484,88.64,Hazardous
783,WB-105,2026-09-24 15:07:26,193,187,146,23.9,31.1,5.51,0.2158,20.15,Moderate Risk
784,WB-109,2026-09-23 18:41:26,107,101,91,28.0,85.0,7.29,0.5517,29.59,Moderate Risk
785,WB-107,2026-09-17 23:06:26,241,230,161,29.2,58.8,6.59,0.0527,2.63,Safe
786,WB-106,2026-09-21 03:59:26,154,146,126,36.0,58.3,7.51,0.3485,16.59,Low Risk
787,WB-102,2026-09-19 01:17:26,21,15,14,34.5,81.0,9.11,0.9235,69.88,High Risk
788,WB-104,2026-10-04 17:20:26,25,30,21,23.7,63.0,10.88,0.885,77.48,High Risk
789,WB-105,2026-09-06 22:42:26,121,112,92,26.0,45.5,11.53,0.5104,26.43,Moderate Risk
790,WB-110,2026-09-19 13:05:26,145,145,119,41.8,54.8,7.4,0.3929,18.93,Low Risk
791,WB-102,2026-09-21 14:10:26,224,230,169,32.7,29.7,0.54,0.0505,24.66,Moderate Risk
792,WB-107,2026-09-11 12:24:26,98,90,70,29.3,86.8,3.34,0.5997,63.56,High Risk
793,WB-106,2026-09-17 11:56:26,113,113,82,18.8,35.7,9.83,0.5249,39.64,Moderate Risk
794,WB-103,2026-09-05 10:59:26,154,135,109,17.8,66.2,4.14,0.3966,43.86,Moderate Risk
795,WB-102,2026-09-16 18:24:26,123,124,96,24.9,26.6,11.96,0.4821,29.79,Moderate Risk
796,WB-107,2026-10-01 16:13:26,73,70,55,39.0,80.0,6.04,0.7014,44.43,Moderate Risk
797,WB-106,2026-09-14 23:10:26,152,145,110,40.0,32.2,6.43,0.3815,25.29,Moderate Risk
798,WB-107,2026-09-28 07:47:26,188,175,129,32.6,44.7,6.05,0.2499,16.54,Low Risk
799,WB-110,2026-09-06 06:08:26,20,15,10,43.8,55.2,11.05,0.9288,81.96,Hazardous
800,WB-105,2026-09-28 00:42:26,227,198,160,18.9,32.1,4.42,0.1045,12.2,Low Risk
801,WB-106,2026-09-11 15:35:26,183,166,139,24.6,44.9,3.45,0.2643,33.21,Moderate Risk
802,WB-104,2026-09-24 19:08:26,199,211,150,39.5,65.9,6.33,0.1481,6.45,Low Risk
803,WB-109,2026-09-11 17:21:26,176,164,131,32.0,47.9,9.38,0.2976,14.06,Low Risk
804,WB-108,2026-09-07 02:47:26,127,126,90,23.4,59.0,8.65,0.4889,28.49,Moderate Risk
805,WB-109,2026-09-16 12:37:26,126,125,96,21.2,65.2,10.23,0.4986,25.44,Moderate Risk
806,WB-104,2026-09-25 01:19:26,208,181,150,26.2,25.7,4.95,0.1693,17.98,Low Risk
807,WB-101,2026-09-24 12:35:26,34,34,29,29.8,29.2,11.49,0.8553,78.42,High Risk
808,WB-107,2026-09-30 08:42:26,228,227,176,23.8,37.8,7.63,0.0391,2.11,Safe
809,WB-104,2026-09-09 04:35:26,184,176,145,18.2,84.6,9.76,0.2238,8.96,Low Risk
810,WB-110,2026-09-07 22:26:26,114,106,80,15.1,37.0,4.22,0.5557,94.27,Hazardous
811,WB-109,2026-09-14 04:38:26,117,127,91,17.4,81.2,10.38,0.4977,24.58,Moderate Risk
812,WB-110,2026-09-20 10:40:26,215,223,151,17.8,70.5,2.12,0.0957,14.4,Low Risk
813,WB-104,2026-09-10 00:08:26,176,152,129,37.8,59.3,3.95,0.3113,24.15,Moderate Risk
814,WB-104,2026-09-15 21:31:26,77,73,59,40.1,72.9,9.16,0.6909,31.18,Moderate Risk
815,WB-110,2026-09-05 13:45:26,159,142,122,41.3,67.3,4.61,0.375,23.65,Moderate Risk
816,WB-107,2026-10-01 03:32:26,216,197,152,16.5,66.6,1.32,0.1391,37.21,Moderate Risk
817,WB-101,2026-09-09 13:41:26,28,26,20,27.5,71.0,9.69,0.8906,74.55,High Risk
818,WB-102,2026-09-22 10:17:26,220,210,172,36.4,22.8,4.94,0.0716,5.84,Low Risk
819,WB-107,2026-09-16 04:23:26,192,192,145,26.2,27.6,3.39,0.1848,25.22,Moderate Risk
820,WB-105,2026-09-23 14:30:26,84,86,55,44.0,87.4,5.6,0.6596,35.86,Moderate Risk
821,WB-107,2026-09-10 07:20:26,143,130,99,26.8,83.3,6.94,0.4407,22.63,Moderate Risk
822,WB-108,2026-09-24 11:44:26,235,213,171,16.8,89.5,1.33,0.0687,12.36,Low Risk
823,WB-102,2026-09-05 18:11:26,41,35,32,30.6,52.7,10.4,0.8366,62.52,High Risk
824,WB-110,2026-09-06 15:12:26,164,147,119,40.5,74.3,3.81,0.3381,23.76,Moderate Risk
825,WB-110,2026-09-15 13:45:26,232,217,188,18.5,34.3,1.47,0.023,5.16,Low Risk
826,WB-103,2026-10-03 02:26:26,115,110,92,33.6,32.5,9.2,0.5254,33.57,Moderate Risk
827,WB-106,2026-09-21 22:16:26,237,215,165,32.4,35.8,1.25,0.0549,14.59,Low Risk
828,WB-109,2026-10-03 09:53:26,190,181,150,24.8,34.0,7.79,0.2028,13.39,Low Risk
829,WB-110,2026-09-14 18:04:26,238,225,189,40.0,44.6,1.22,0.0389,6.6,Low Risk
830,WB-101,2026-09-24 17:37:26,137,125,104,28.1,37.9,1.88,0.4262,99.87,Hazardous
831,WB-101,2026-09-24 13:07:26,166,162,132,16.6,49.9,11.22,0.3033,14.95,Low Risk
832,WB-101,2026-09-07 22:59:26,222,201,153,18.3,63.9,2.65,0.1305,18.52,Low Risk
833,WB-103,2026-10-01 02:05:26,184,184,151,21.8,42.2,11.57,0.2486,12.13,Low Risk
834,WB-108,2026-10-02 05:27:26,208,193,153,16.0,77.5,6.78,0.15,8.78,Low Risk
835,WB-107,2026-09-26 07:13:26,92,81,67,37.8,73.4,8.14,0.6263,30.34,Moderate Risk
836,WB-110,2026-09-28 15:56:26,60,54,46,43.4,44.0,5.56,0.7602,73.2,High Risk
837,WB-109,2026-09-27 05:44:26,229,212,184,21.4,50.3,2.77,0.0463,4.06,Safe
838,WB-110,2026-09-30 14:21:26,170,155,125,43.3,74.6,7.42,0.3347,12.47,Low Risk
839,WB-107,2026-09-10 12:45:26,213,207,151,18.4,78.6,0.82,0.1425,44.12,Moderate Risk
840,WB-110,2026-09-13 21:00:26,119,104,85,20.1,46.8,10.52,0.5282,33.31,Moderate Risk
841,WB-101,2026-09-25 21:54:26,234,207,152,27.1,65.8,0.72,0.0925,27.37,Moderate Risk
842,WB-101,2026-09-19 18:04:26,236,221,193,21.6,60.4,1.25,0.0177,4.73,Safe
843,WB-102,2026-09-07 11:16:26,205,205,158,24.4,46.6,0.71,0.1385,57.74,High Risk
844,WB-107,2026-09-29 12:06:26,181,163,144,18.8,71.3,3.6,0.2824,30.91,Moderate Risk
845,WB-109,2026-09-10 09:45:26,114,101,81,40.4,40.8,9.6,0.5523,28.8,Moderate Risk
846,WB-105,2026-09-28 19:47:26,216,194,159,43.3,57.1,10.06,0.1285,3.51,Safe
847,WB-107,2026-09-09 17:56:26,158,142,105,43.9,64.4,10.7,0.376,11.63,Low Risk
848,WB-108,2026-09-17 11:17:26,193,183,137,26.8,77.8,3.57,0.2236,18.28,Low Risk
849,WB-101,2026-09-09 21:29:26,238,232,175,17.4,63.9,4.37,0.0095,1.12,Safe
850,WB-107,2026-09-10 14:22:26,150,136,108,24.4,78.0,7.44,0.3964,19.52,Low Risk
851,WB-104,2026-10-03 19:11:26,39,37,30,36.7,68.3,11.63,0.842,43.88,Moderate Risk
852,WB-106,2026-09-21 04:18:26,149,157,117,18.3,86.4,6.12,0.3583,21.74,Moderate Risk
853,WB-103,2026-09-28 06:01:26,78,77,65,39.1,76.0,11.26,0.6749,24.81,Moderate Risk
854,WB-101,2026-09-30 21:39:26,167,169,128,44.1,25.9,10.86,0.3175,13.75,Low Risk
855,WB-110,2026-09-11 09:31:26,190,188,145,18.6,76.7,6.03,0.2255,14.84,Low Risk
856,WB-105,2026-10-03 16:33:26,204,181,154,39.6,28.6,10.26,0.2044,8.88,Low Risk
857,WB-105,2026-09-11 16:16:26,211,208,172,23.3,51.1,1.5,0.1202,27.35,Moderate Risk
858,WB-107,2026-09-23 18:17:26,238,225,177,36.5,64.8,8.13,0.0474,1.56,Safe
859,WB-101,2026-09-25 19:51:26,203,184,155,41.2,75.8,6.42,0.1945,7.53,Low Risk
860,WB-103,2026-09-19 20:07:26,20,24,13,40.2,79.9,10.06,0.9139,58.54,High Risk
861,WB-107,2026-09-23 07:38:26,158,139,114,39.6,24.9,9.6,0.3725,20.05,Moderate Risk
862,WB-108,2026-09-29 13:33:26,137,125,106,36.0,21.6,10.35,0.4503,26.88,Moderate Risk
863,WB-108,2026-09-29 00:44:26,176,169,126,18.0,44.7,5.13,0.2742,28.52,Moderate Risk
864,WB-105,2026-09-19 14:22:26,123,114,83,33.9,75.7,9.49,0.5148,20.1,Moderate Risk
865,WB-101,2026-09-04 22:19:26,203,182,143,42.2,22.6,3.03,0.1827,21.59,Moderate Risk
866,WB-109,2026-09-19 07:07:26,181,164,128,24.9,65.7,3.72,0.2835,27.03,Moderate Risk
867,WB-105,2026-09-11 18:22:26,174,169,125,29.0,88.9,6.9,0.2796,11.65,Low Risk
868,WB-102,2026-09-19 12:31:26,196,205,158,27.1,25.3,8.5,0.1579,10.9,Low Risk
869,WB-105,2026-10-03 22:47:26,187,186,153,39.7,59.3,3.54,0.2239,17.38,Low Risk
870,WB-103,2026-09-09 17:12:26,237,219,184,44.5,77.0,2.39,0.0135,1.5,Safe
871,WB-101,2026-09-07 12:51:26,20,20,18,27.0,55.6,9.82,0.9116,94.13,Hazardous
872,WB-101,2026-09-14 22:44:26,235,222,197,16.6,20.7,0.75,0.0164,3.86,Safe
873,WB-105,2026-09-09 08:28:26,113,102,84,26.5,35.3,4.01,0.5494,80.79,Hazardous
874,WB-101,2026-09-23 17:55:26,110,112,98,35.1,71.3,7.25,0.5246,26.57,Moderate Risk
875,WB-108,2026-09-20 18:33:26,213,199,172,35.0,82.7,7.15,0.1485,5.61,Low Risk
876,WB-107,2026-09-12 04:58:26,169,170,124,25.3,74.1,7.06,0.3039,15.06,Low Risk
877,WB-108,2026-09-26 02:49:26,102,95,76,41.3,33.9,9.55,0.6023,34.97,Moderate Risk
878,WB-110,2026-10-02 19:46:26,157,162,133,28.0,49.9,6.56,0.3329,21.91,Moderate Risk
879,WB-110,2026-09-11 16:22:26,161,158,114,31.9,28.4,6.62,0.3473,27.73,Moderate Risk
880,WB-104,2026-09-13 18:58:26,43,36,33,26.9,43.2,7.68,0.833,95.89,Hazardous
881,WB-104,2026-09-23 05:58:26,227,217,178,15.0,70.3,1.78,0.0666,10.43,Low Risk
882,WB-104,2026-09-05 20:14:26,218,217,181,39.5,68.4,8.13,0.1031,3.36,Safe
883,WB-108,2026-09-18 06:55:26,20,18,12,33.1,34.2,11.08,0.9259,99.3,Hazardous
884,WB-104,2026-09-16 20:48:26,80,77,69,37.1,51.5,4.22,0.6669,73.58,High Risk
885,WB-105,2026-09-08 14:30:26,34,34,29,30.5,69.3,10.74,0.8525,53.05,High Risk
886,WB-108,2026-09-21 14:15:26,230,207,162,19.7,67.9,0.73,0.0824,29.55,Moderate Risk
887,WB-105,2026-09-18 23:03:26,40,34,28,19.1,61.2,10.83,0.846,70.52,High Risk
888,WB-103,2026-09-22 03:25:26,229,200,162,27.9,48.1,0.83,0.0839,28.26,Moderate Risk
889,WB-107,2026-09-20 18:16:26,233,220,168,36.7,48.8,0.72,0.0754,23.97,Moderate Risk
890,WB-104,2026-09-05 10:49:26,243,224,189,35.4,70.4,1.48,0.0353,4.46,Safe
891,WB-109,2026-09-27 08:45:26,72,64,60,21.2,38.5,10.96,0.7118,56.38,High Risk
892,WB-102,2026-09-13 10:41:26,227,227,182,43.7,22.1,11.52,0.0551,1.71,Safe
893,WB-105,2026-09-28 05:01:26,201,174,143,28.6,70.9,1.6,0.2073,34.41,Moderate Risk
894,WB-107,2026-10-03 21:36:26,194,179,147,39.3,50.6,1.92,0.2293,33.33,Moderate Risk
895,WB-103,2026-09-27 16:52:26,142,138,120,31.8,64.6,11.68,0.4025,14.63,Low Risk
896,WB-106,2026-10-03 20:57:26,165,165,128,31.6,44.3,2.82,0.2899,38.5,Moderate Risk
897,WB-103,2026-09-20 10:31:26,174,150,121,24.7,71.8,10.42,0.3204,11.9,Low Risk
898,WB-101,2026-10-01 02:29:26,195,191,132,27.8,33.0,1.78,0.2252,52.39,High Risk
899,WB-104,2026-09-08 01:17:26,86,80,61,28.6,61.6,11.7,0.6638,32.31,Moderate Risk
900,WB-108,2026-09-23 00:29:26,178,177,141,40.1,36.1,0.91,0.2431,75.01,High Risk
901,WB-103,2026-10-02 18:35:26,227,213,177,15.8,21.0,1.99,0.0629,15.03,Low Risk
902,WB-106,2026-09-19 23:48:26,194,181,141,33.8,58.3,3.16,0.2385,21.49,Moderate Risk
903,WB-108,2026-10-01 08:01:26,240,224,162,16.2,89.2,8.14,0.0405,1.33,Safe
904,WB-101,2026-09-22 15:01:26,163,142,130,36.4,69.2,7.56,0.3517,15.18,Low Risk
905,WB-108,2026-09-21 02:42:26,21,21,18,40.4,53.6,11.13,0.911,67.67,High Risk
906,WB-103,2026-09-06 17:57:26,197,183,142,40.9,54.4,1.97,0.1961,23.73,Moderate Risk
907,WB-108,2026-09-06 05:39:26,235,229,164,29.6,43.5,1.45,0.0557,9.49,Low Risk
908,WB-108,2026-09-16 05:32:26,126,109,97,43.1,26.7,8.25,0.4937,30.8,Moderate Risk
909,WB-105,2026-10-01 19:27:26,163,163,128,15.2,68.6,4.21,0.3271,33.49,Moderate Risk
910,WB-101,2026-09-26 08:35:26,223,214,152,20.1,75.4,7.96,0.1169,5.87,Low Risk
911,WB-108,2026-09-18 02:33:26,106,103,87,34.4,35.1,8.88,0.5566,34.5,Moderate Risk
912,WB-105,2026-09-09 20:18:26,142,131,119,29.1,37.9,10.75,0.4104,20.97,Moderate Risk
913,WB-106,2026-09-16 01:40:26,247,233,193,41.7,43.0,5.36,0.0234,0.6,Safe
914,WB-110,2026-09-16 21:27:26,41,41,31,42.2,82.6,11.61,0.8255,35.53,Moderate Risk
915,WB-105,2026-09-08 20:47:26,20,20,13,33.4,89.0,10.65,0.9181,57.27,High Risk
916,WB-103,2026-09-28 22:27:26,105,96,84,34.9,52.7,9.84,0.5621,27.65,Moderate Risk
917,WB-110,2026-09-10 20:49:26,160,144,121,21.3,76.8,9.4,0.3637,16.23,Low Risk
918,WB-109,2026-09-13 13:21:26,221,209,155,40.2,23.5,5.06,0.1189,9.97,Low Risk
919,WB-107,2026-09-26 05:56:26,219,197,172,32.2,55.1,6.13,0.1355,7.2,Low Risk
920,WB-109,2026-10-01 05:54:26,235,217,171,25.8,62.0,2.3,0.0637,8.06,Low Risk
921,WB-102,2026-10-03 22:43:26,127,110,83,18.0,27.9,7.09,0.5151,58.83,High Risk
922,WB-101,2026-09-10 06:49:26,95,79,73,23.0,65.2,11.84,0.632,31.03,Moderate Risk
923,WB-102,2026-09-25 04:48:26,74,66,54,22.3,78.3,7.57,0.6982,50.08,High Risk
924,WB-104,2026-09-28 00:38:26,232,222,175,21.8,52.8,5.39,0.0862,6.03,Low Risk
925,WB-106,2026-09-22 13:55:26,52,51,40,19.1,58.6,7.46,0.7832,79.21,High Risk
926,WB-102,2026-09-08 12:25:26,191,177,141,40.6,35.4,1.24,0.2063,48.75,Moderate Risk
927,WB-104,2026-09-25 06:28:26,138,128,110,17.8,63.5,11.04,0.4436,21.93,Moderate Risk
928,WB-107,2026-09-05 18:08:26,119,102,88,35.0,87.0,2.82,0.5348,55.89,High Risk
929,WB-105,2026-09-20 16:18:26,112,104,76,44.6,49.8,7.45,0.5498,29.48,Moderate Risk
930,WB-109,2026-09-18 01:51:26,219,200,150,16.6,41.9,2.22,0.1226,23.16,Moderate Risk
931,WB-106,2026-09-08 21:54:26,157,162,127,23.9,49.1,9.69,0.3204,16.45,Low Risk
932,WB-103,2026-09-23 20:20:26,51,43,34,26.5,48.8,8.24,0.811,78.35,High Risk
933,WB-101,2026-09-25 18:50:26,243,227,168,18.3,28.5,7.34,0.0163,1.22,Safe
934,WB-108,2026-09-13 18:34:26,198,198,151,31.0,66.7,3.19,0.1678,13.68,Low Risk
935,WB-107,2026-09-24 23:22:26,200,186,152,31.7,39.4,5.97,0.198,13.59,Low Risk
936,WB-108,2026-09-29 20:40:26,20,19,10,39.8,60.4,10.55,0.9265,76.79,High Risk
937,WB-105,2026-09-11 08:40:26,228,209,185,23.6,42.5,6.97,0.0546,3.35,Safe
938,WB-104,2026-09-18 22:34:26,235,237,184,19.8,23.6,3.27,0.0191,2.98,Safe
939,WB-109,2026-09-10 11:27:26,70,64,58,30.2,37.3,5.12,0.7156,91.94,Hazardous
940,WB-106,2026-09-12 05:15:26,151,138,122,16.5,43.6,9.16,0.3847,26.72,Moderate Risk
941,WB-106,2026-09-04 23:13:26,74,64,55,26.2,79.2,7.6,0.7139,48.91,Moderate Risk
942,WB-104,2026-09-15 03:54:26,155,141,121,43.1,29.6,6.11,0.3769,26.41,Moderate Risk
943,WB-106,2026-09-05 02:09:26,143,145,113,17.8,84.1,9.45,0.3979,18.38,Low Risk
944,WB-101,2026-09-21 19:42:26,193,184,140,24.8,35.3,5.0,0.2449,23.97,Moderate Risk
945,WB-101,2026-10-04 08:28:26,191,181,159,26.0,58.2,6.44,0.1862,11.26,Low Risk
946,WB-105,2026-10-02 00:54:26,132,124,96,35.1,66.7,6.41,0.4647,25.56,Moderate Risk
947,WB-102,2026-09-23 08:09:26,191,190,152,32.6,62.9,9.94,0.1993,6.78,Low Risk
948,WB-107,2026-09-25 04:54:26,190,181,151,15.5,47.3,8.45,0.2337,15.05,Low Risk
949,WB-107,2026-10-03 03:15:26,207,199,158,20.8,72.5,3.67,0.1387,13.12,Low Risk
950,WB-106,2026-09-24 19:09:26,202,192,143,29.4,61.8,3.8,0.1465,10.42,Low Risk
951,WB-106,2026-09-22 14:17:26,72,71,61,21.4,40.4,10.33,0.6936,55.68,High Risk
952,WB-103,2026-09-04 22:40:26,121,116,95,27.0,33.5,3.61,0.4903,72.16,High Risk
953,WB-105,2026-09-21 23:29:26,191,180,133,17.5,56.2,3.09,0.2248,30.69,Moderate Risk
954,WB-106,2026-09-18 09:30:26,124,114,96,44.2,74.7,2.11,0.5072,61.0,High Risk
955,WB-109,2026-09-16 22:59:26,127,115,90,20.1,87.6,6.56,0.4923,31.75,Moderate Risk
956,WB-109,2026-10-02 17:37:26,230,217,168,37.5,29.9,1.65,0.0741,14.4,Low Risk
957,WB-103,2026-09-27 16:49:26,180,164,136,25.0,43.7,2.76,0.2912,44.53,Moderate Risk
958,WB-109,2026-09-26 14:04:26,120,119,93,27.1,73.5,3.31,0.5115,59.43,High Risk
959,WB-105,2026-10-01 20:48:26,174,166,142,27.9,45.1,5.57,0.2879,22.12,Moderate Risk
960,WB-105,2026-09-19 07:52:26,33,29,24,16.9,57.1,10.87,0.8671,86.81,Hazardous
961,WB-108,2026-09-06 17:42:26,224,235,182,15.9,28.3,4.09,0.0327,4.22,Safe
962,WB-102,2026-09-22 13:57:26,48,52,38,44.1,81.8,11.37,0.7925,30.39,Moderate Risk
963,WB-104,2026-09-26 22:11:26,138,138,111,36.8,32.9,6.38,0.4333,32.23,Moderate Risk
964,WB-103,2026-09-24 17:39:26,40,41,30,26.5,85.8,8.47,0.8294,58.82,High Risk
965,WB-110,2026-09-15 01:36:26,185,175,136,35.7,88.6,11.6,0.2646,6.34,Low Risk
966,WB-105,2026-09-28 06:57:26,237,221,172,41.0,86.7,8.27,0.0101,0.12,Safe
967,WB-101,2026-09-24 21:22:26,236,221,189,27.6,26.9,0.99,0.0424,18.81,Low Risk
968,WB-109,2026-09-22 04:36:26,142,131,112,19.5,66.1,2.23,0.4042,71.73,High Risk
969,WB-104,2026-09-09 14:47:26,156,149,117,23.3,75.8,3.81,0.366,34.09,Moderate Risk
970,WB-109,2026-09-05 16:19:26,118,108,89,20.4,58.1,11.43,0.5417,28.59,Moderate Risk
971,WB-103,2026-09-20 03:00:26,178,166,144,44.1,68.6,5.12,0.2586,12.46,Low Risk
972,WB-102,2026-09-16 20:08:26,112,108,75,38.0,46.2,7.0,0.5568,36.18,Moderate Risk
973,WB-108,2026-09-17 04:34:26,193,172,142,36.9,59.7,2.76,0.2411,23.97,Moderate Risk
974,WB-102,2026-09-19 20:10:26,152,147,125,36.1,34.2,8.18,0.376,21.47,Moderate Risk
975,WB-104,2026-09-10 02:44:26,39,37,36,43.3,62.8,8.73,0.824,52.08,High Risk
976,WB-107,2026-09-28 15:49:26,243,227,179,18.0,42.3,1.09,0.0306,6.6,Low Risk
977,WB-108,2026-09-27 19:44:26,125,121,94,23.7,47.1,7.71,0.4807,33.64,Moderate Risk
978,WB-109,2026-09-21 17:12:26,42,42,32,17.2,59.8,6.92,0.8214,99.74,Hazardous
979,WB-106,2026-09-12 10:43:26,173,154,120,30.0,36.2,6.73,0.3141,22.75,Moderate Risk
980,WB-104,2026-09-28 05:41:26,215,190,152,43.2,73.3,8.51,0.1486,4.15,Safe
981,WB-110,2026-10-03 12:30:26,126,119,101,24.3,79.5,7.44,0.4753,25.43,Moderate Risk
982,WB-103,2026-09-25 15:12:26,180,176,143,19.4,69.1,8.85,0.241,11.76,Low Risk
983,WB-102,2026-09-30 01:21:26,226,221,177,17.8,44.3,0.92,0.0683,26.14,Moderate Risk
984,WB-109,2026-09-18 21:05:26,161,163,128,33.0,69.9,4.15,0.3333,24.18,Moderate Risk
985,WB-105,2026-09-18 18:30:26,155,152,112,31.7,87.0,10.61,0.3518,10.2,Low Risk
986,WB-109,2026-09-11 07:23:26,140,134,114,21.4,57.6,10.11,0.4352,22.18,Moderate Risk
987,WB-105,2026-09-16 14:42:26,241,231,186,18.5,35.9,1.64,0.0216,4.41,Safe
988,WB-110,2026-09-28 11:17:26,67,62,46,32.1,37.2,7.99,0.7333,64.86,High Risk
989,WB-102,2026-09-06 13:01:26,51,41,35,26.5,23.9,9.81,0.8044,88.56,Hazardous
990,WB-105,2026-09-05 00:22:26,165,153,123,18.1,29.2,8.28,0.3287,27.69,Moderate Risk
991,WB-104,2026-09-30 19:18:26,117,108,91,41.9,65.6,8.98,0.531,21.99,Moderate Risk
992,WB-107,2026-09-06 17:08:26,142,144,113,39.4,85.8,4.36,0.3859,23.04,Moderate Risk
993,WB-102,2026-09-19 06:25:26,210,205,144,24.9,36.2,10.72,0.1392,6.18,Low Risk
994,WB-109,2026-09-19 02:12:26,139,129,104,34.5,81.8,2.62,0.4137,42.9,Moderate Risk
995,WB-105,2026-09-20 14:53:26,30,33,23,43.8,81.5,9.18,0.8745,49.31,Moderate Risk
996,WB-109,2026-09-18 18:20:26,215,190,164,18.2,85.5,3.85,0.1582,13.7,Low Risk
997,WB-103,2026-09-12 09:56:26,74,69,61,37.4,83.9,9.18,0.6965,31.09,Moderate Risk
998,WB-102,2026-09-14 02:49:26,146,134,116,36.2,58.0,6.55,0.39,20.82,Moderate Risk
999,WB-102,2026-09-26 07:00:26,217,198,157,28.4,23.6,3.95,0.1416,16.3,Low Risk
1000,WB-102,2026-09-05 22:02:26,216,204,158,16.0,88.8,10.45,0.1018,3.9,Safe
1001,WB-105,2026-09-18 06:12:26,120,111,99,23.0,51.2,8.69,0.498,32.47,Moderate Risk
1002,WB-106,2026-09-05 02:17:26,20,15,12,32.8,54.6,11.38,0.9281,82.49,Hazardous
1003,WB-104,2026-09-04 20:34:26,137,123,103,22.3,29.0,10.36,0.4542,30.15,Moderate Risk
1004,WB-105,2026-09-19 07:16:26,209,221,174,26.7,46.7,3.52,0.0972,9.38,Low Risk
1005,WB-107,2026-09-06 05:41:26,143,125,95,42.0,44.4,1.78,0.4403,82.34,Hazardous
1006,WB-109,2026-09-13 22:15:26,38,41,31,37.1,42.1,6.06,0.8344,97.0,Hazardous
1007,WB-107,2026-09-25 06:21:26,234,214,171,23.6,65.7,8.04,0.0817,3.49,Safe
1008,WB-109,2026-09-20 04:59:26,39,43,35,19.8,22.0,10.95,0.8152,98.22,Hazardous
1009,WB-110,2026-09-27 18:16:26,137,125,98,32.1,27.9,10.95,0.4583,26.02,Moderate Risk
1010,WB-102,2026-09-10 15:59:26,238,221,197,37.4,27.7,5.38,0.0172,1.17,Safe
1011,WB-108,2026-09-28 20:16:26,90,84,69,29.9,22.8,10.77,0.6266,46.8,Moderate Risk
1012,WB-110,2026-09-25 20:15:26,170,158,133,35.6,55.9,5.97,0.3168,19.51,Low Risk
1013,WB-108,2026-09-16 04:46:26,195,186,141,19.3,81.1,3.77,0.2158,19.14,Low Risk
1014,WB-104,2026-09-24 03:56:26,127,113,85,29.1,81.3,5.6,0.4978,31.36,Moderate Risk
1015,WB-106,2026-09-22 11:08:26,125,122,94,26.2,82.2,5.71,0.4974,32.94,Moderate Risk
1016,WB-108,2026-09-11 12:33:26,157,160,117,29.7,22.8,9.27,0.3416,22.1,Moderate Risk
1017,WB-104,2026-09-07 15:09:26,222,208,182,36.4,71.9,6.24,0.0889,3.85,Safe
1018,WB-109,2026-09-12 20:19:26,115,107,95,21.8,42.2,2.96,0.5171,93.44,Hazardous
1019,WB-105,2026-09-23 20:32:26,235,217,162,27.5,35.3,8.79,0.0767,3.49,Safe
1020,WB-108,2026-09-05 15:32:26,102,97,71,34.7,75.0,6.82,0.5911,32.84,Moderate Risk
1021,WB-102,2026-09-08 12:51:26,223,221,179,24.5,30.2,11.48,0.082,3.35,Safe
1022,WB-105,2026-09-11 21:02:26,32,32,22,20.7,59.8,9.86,0.8732,87.19,Hazardous
1023,WB-102,2026-09-23 15:01:26,138,136,113,21.5,37.9,3.92,0.4382,62.79,High Risk
1024,WB-102,2026-09-25 06:28:26,110,107,83,41.8,20.8,11.61,0.5353,27.94,Moderate Risk
1025,WB-108,2026-09-10 06:10:26,228,220,184,15.3,41.9,2.51,0.0453,8.9,Low Risk
1026,WB-108,2026-09-27 20:52:26,225,232,189,29.7,25.2,0.9,0.0426,13.95,Low Risk
1027,WB-109,2026-09-21 03:01:26,73,77,66,21.6,22.0,11.77,0.6769,59.58,High Risk
1028,WB-109,2026-09-06 20:38:26,192,187,162,17.2,81.3,6.53,0.1866,10.84,Low Risk
1029,WB-105,2026-09-17 05:48:26,98,93,75,22.7,63.3,5.79,0.6042,55.1,High Risk
1030,WB-106,2026-09-17 13:57:26,203,194,136,29.6,52.6,8.03,0.1931,8.87,Low Risk
1031,WB-110,2026-09-05 15:59:26,111,100,91,40.2,40.5,11.21,0.5485,24.38,Moderate Risk
1032,WB-110,2026-10-03 09:46:26,134,119,88,30.7,56.1,8.45,0.4697,24.85,Moderate Risk
1033,WB-106,2026-09-09 08:19:26,225,217,179,37.1,84.8,5.64,0.045,1.67,Safe
1034,WB-103,2026-09-26 07:09:26,60,53,45,33.6,40.0,11.05,0.765,50.81,High Risk
1035,WB-104,2026-09-05 16:13:26,203,185,147,36.1,26.1,1.85,0.2038,39.86,Moderate Risk
1036,WB-110,2026-09-30 19:54:26,191,174,150,32.5,51.2,3.06,0.2271,24.0,Moderate Risk
1037,WB-102,2026-09-30 13:31:26,130,129,97,34.5,47.6,7.5,0.4438,26.67,Moderate Risk
1038,WB-107,2026-09-11 05:37:26,213,194,156,19.0,66.2,7.11,0.1242,7.05,Low Risk
1039,WB-109,2026-09-11 22:04:26,152,141,105,23.6,83.7,6.28,0.3698,20.95,Moderate Risk
1040,WB-109,2026-09-26 16:25:26,112,99,82,43.3,21.4,11.6,0.5463,28.68,Moderate Risk
1041,WB-107,2026-09-10 01:52:26,228,208,172,15.5,24.5,1.65,0.0872,28.52,Moderate Risk
1042,WB-105,2026-09-14 02:43:26,215,200,165,15.8,30.7,7.71,0.093,6.64,Low Risk
1043,WB-101,2026-09-27 13:55:26,180,185,134,21.0,21.4,6.96,0.2362,22.99,Moderate Risk
1044,WB-102,2026-09-16 14:18:26,231,214,158,20.5,51.2,3.31,0.0829,9.63,Low Risk
1045,WB-109,2026-09-23 05:10:26,99,97,77,24.8,59.4,2.65,0.5785,98.19,Hazardous
1046,WB-108,2026-09-28 14:11:26,26,27,23,27.6,87.8,8.49,0.8896,71.58,High Risk
1047,WB-104,2026-09-23 06:06:26,219,198,168,24.1,74.8,3.91,0.1255,8.73,Low Risk
1048,WB-103,2026-09-11 05:35:26,148,146,112,25.5,24.4,11.84,0.3842,23.19,Moderate Risk
1049,WB-110,2026-10-03 07:23:26,205,195,163,18.4,66.0,3.72,0.1553,14.52,Low Risk
1050,WB-104,2026-09-28 14:29:26,168,161,121,25.5,69.4,6.68,0.3212,17.9,Low Risk
1051,WB-103,2026-10-03 04:43:26,154,145,118,22.4,27.3,9.35,0.3852,29.42,Moderate Risk
1052,WB-102,2026-09-29 04:52:26,180,159,140,29.2,41.7,10.51,0.2758,12.34,Low Risk
1053,WB-105,2026-09-27 20:42:26,66,62,57,16.2,89.7,7.43,0.7266,58.73,High Risk
1054,WB-103,2026-09-15 14:38:26,168,161,132,19.6,73.5,8.83,0.3283,16.39,Low Risk
1055,WB-104,2026-09-28 12:32:26,216,204,161,27.1,69.1,0.95,0.1465,38.01,Moderate Risk
1056,WB-108,2026-09-21 11:31:26,77,70,61,27.3,78.7,11.78,0.6918,30.6,Moderate Risk
1057,WB-105,2026-09-10 10:19:26,85,90,72,32.8,42.1,4.52,0.6343,72.88,High Risk
1058,WB-104,2026-09-26 17:00:26,143,135,115,35.3,32.3,6.4,0.4183,31.17,Moderate Risk
1059,WB-106,2026-09-07 02:38:26,201,193,142,23.3,78.2,1.6,0.1885,31.55,Moderate Risk
1060,WB-110,2026-09-08 10:38:26,215,216,179,27.7,32.0,4.62,0.0826,7.14,Low Risk
1061,WB-103,2026-10-01 19:47:26,190,179,153,19.2,59.9,8.99,0.2403,12.43,Low Risk
1062,WB-102,2026-09-11 10:04:26,227,226,180,16.3,50.0,1.91,0.0711,15.19,Low Risk
1063,WB-109,2026-09-27 04:23:26,134,122,88,31.9,56.8,8.83,0.4809,24.16,Moderate Risk
1064,WB-107,2026-10-04 02:40:26,217,201,155,41.6,48.8,4.77,0.0969,5.33,Low Risk
1065,WB-106,2026-09-21 00:48:26,187,173,154,32.4,89.1,4.78,0.2219,11.36,Low Risk
1066,WB-102,2026-09-25 13:05:26,202,207,167,23.2,44.6,1.58,0.1514,34.41,Moderate Risk
1067,WB-106,2026-09-16 22:09:26,20,15,10,28.9,89.2,9.35,0.9341,85.68,Hazardous
1068,WB-104,2026-10-03 15:03:26,226,212,177,16.1,85.5,7.24,0.1047,5.22,Low Risk
1069,WB-106,2026-09-23 20:26:26,224,220,154,15.3,78.4,1.51,0.0935,17.64,Low Risk
1070,WB-102,2026-09-16 00:42:26,133,124,103,33.4,76.4,5.53,0.4556,27.99,Moderate Risk
1071,WB-110,2026-09-24 20:55:26,109,107,90,44.1,33.8,11.44,0.5361,23.52,Moderate Risk
1072,WB-103,2026-09-16 16:45:26,236,213,172,34.7,43.8,4.21,0.0624,5.09,Low Risk
1073,WB-107,2026-09-29 21:09:26,153,143,108,43.7,82.1,2.45,0.3761,34.0,Moderate Risk
1074,WB-102,2026-10-03 05:17:26,74,71,57,39.5,79.6,7.7,0.6933,37.32,Moderate Risk
1075,WB-103,2026-10-02 15:32:26,198,185,137,17.3,76.4,2.1,0.1965,30.85,Moderate Risk
1076,WB-105,2026-09-25 23:44:26,225,223,174,25.7,36.5,3.31,0.0872,11.15,Low Risk
1077,WB-102,2026-09-17 21:11:26,221,222,170,16.5,56.7,0.88,0.0911,30.98,Moderate Risk
1078,WB-101,2026-10-01 08:05:26,189,188,144,42.3,85.7,0.64,0.207,55.1,High Risk
1079,WB-106,2026-09-22 07:41:26,194,190,141,36.6,50.8,2.14,0.2038,27.05,Moderate Risk
1080,WB-107,2026-09-25 19:30:26,138,134,113,40.4,43.5,6.54,0.4253,26.41,Moderate Risk
1081,WB-110,2026-09-12 22:12:26,223,213,171,28.3,58.6,1.83,0.106,16.04,Low Risk
1082,WB-109,2026-09-25 03:07:26,115,109,98,27.3,32.9,11.33,0.5193,29.83,Moderate Risk
1083,WB-102,2026-09-06 09:56:26,170,174,125,29.5,23.0,5.82,0.2916,27.28,Moderate Risk
1084,WB-103,2026-09-07 18:57:26,44,41,27,40.1,85.5,11.88,0.8242,34.68,Moderate Risk
1085,WB-107,2026-09-28 18:16:26,163,140,113,43.9,60.5,6.5,0.3676,17.0,Low Risk
1086,WB-103,2026-09-27 12:26:26,143,124,109,25.0,39.4,8.04,0.4356,30.77,Moderate Risk
1087,WB-107,2026-09-14 10:01:26,129,119,101,27.3,68.9,7.85,0.4862,26.89,Moderate Risk
1088,WB-105,2026-09-30 16:34:26,79,66,59,43.5,28.1,4.48,0.6821,82.0,Hazardous
1089,WB-109,2026-09-14 23:31:26,212,214,174,44.6,39.0,6.14,0.1147,5.96,Low Risk
1090,WB-110,2026-09-10 10:23:26,75,77,58,20.6,73.6,5.16,0.6753,69.11,High Risk
1091,WB-106,2026-09-27 20:13:26,172,162,127,38.6,87.1,2.31,0.3066,29.54,Moderate Risk
1092,WB-109,2026-10-04 09:04:26,190,176,136,42.4,55.4,6.75,0.2131,9.41,Low Risk
1093,WB-102,2026-09-16 01:30:26,170,151,124,19.0,85.3,10.79,0.3157,12.02,Low Risk
1094,WB-110,2026-09-29 16:57:26,188,173,129,42.9,85.3,11.65,0.2492,5.62,Low Risk
1095,WB-101,2026-09-08 21:03:26,52,58,46,34.7,84.8,3.35,0.7746,94.83,Hazardous
1096,WB-104,2026-09-25 20:48:26,125,125,98,39.8,73.3,6.22,0.4662,23.72,Moderate Risk
1097,WB-102,2026-09-30 11:28:26,131,124,94,21.7,57.6,11.36,0.4906,23.79,Moderate Risk
1098,WB-108,2026-09-17 05:56:26,105,92,80,38.2,71.8,6.69,0.5816,32.41,Moderate Risk
1099,WB-104,2026-09-19 05:33:26,192,189,150,44.2,47.3,10.96,0.212,6.62,Low Risk
1100,WB-106,2026-09-20 15:12:26,129,135,97,18.8,24.3,11.95,0.4499,31.7,Moderate Risk
1101,WB-105,2026-09-13 06:48:26,135,142,109,39.7,34.8,6.05,0.4219,31.17,Moderate Risk
1102,WB-110,2026-09-14 21:25:26,229,221,185,20.2,43.7,3.08,0.0664,8.06,Low Risk
1103,WB-109,2026-09-05 20:37:26,118,112,95,36.1,44.8,10.77,0.5116,22.6,Moderate Risk
1104,WB-110,2026-09-15 22:12:26,108,109,81,22.0,84.7,9.02,0.5388,26.72,Moderate Risk
1105,WB-104,2026-09-26 11:45:26,194,200,154,15.4,71.3,7.36,0.1757,9.85,Low Risk
1106,WB-108,2026-10-03 20:46:26,205,206,153,29.5,82.7,2.66,0.1601,13.86,Low Risk
1107,WB-101,2026-09-05 21:33:26,225,202,183,34.6,22.0,3.86,0.0857,9.71,Low Risk
1108,WB-101,2026-09-08 13:54:26,149,143,117,24.7,55.6,8.25,0.3705,20.17,Moderate Risk
1109,WB-106,2026-09-20 21:51:26,153,151,110,30.1,59.3,4.38,0.3843,33.02,Moderate Risk
1110,WB-106,2026-09-25 10:30:26,208,192,160,44.9,23.4,5.57,0.1562,10.52,Low Risk
1111,WB-108,2026-09-16 20:07:26,156,153,122,19.0,76.8,8.25,0.3612,18.78,Low Risk
1112,WB-110,2026-09-06 07:51:26,49,42,35,22.5,82.2,9.19,0.8159,57.53,High Risk
1113,WB-107,2026-09-14 02:32:26,71,73,60,25.3,89.3,4.8,0.7001,64.43,High Risk
1114,WB-106,2026-09-13 12:53:26,153,157,122,16.3,75.8,5.06,0.3506,30.19,Moderate Risk
1115,WB-103,2026-09-30 13:12:26,217,210,171,30.1,34.2,1.28,0.1225,34.45,Moderate Risk
1116,WB-108,2026-09-05 19:11:26,220,218,166,20.4,84.7,1.69,0.0758,10.99,Low Risk
1117,WB-103,2026-09-13 20:13:26,140,127,98,42.6,62.6,9.78,0.4542,16.51,Low Risk
1118,WB-101,2026-09-07 09:13:26,83,77,61,25.7,54.7,10.51,0.6735,40.46,Moderate Risk
1119,WB-102,2026-10-03 13:16:26,245,218,186,15.5,30.6,1.56,0.0138,3.5,Safe
1120,WB-104,2026-09-08 10:02:26,104,99,74,42.0,31.8,10.65,0.5828,30.36,Moderate Risk
1121,WB-103,2026-09-22 12:04:26,167,151,135,32.1,62.4,4.7,0.3201,22.94,Moderate Risk
1122,WB-107,2026-09-21 05:39:26,94,102,83,19.4,73.6,9.06,0.5837,35.55,Moderate Risk
1123,WB-106,2026-09-14 21:33:26,193,192,145,30.4,62.7,2.7,0.2043,22.41,Moderate Risk
1124,WB-102,2026-09-29 19:43:26,105,103,83,44.4,69.8,5.31,0.576,34.98,Moderate Risk
1125,WB-110,2026-09-11 21:39:26,184,180,140,26.2,72.0,6.14,0.2569,14.24,Low Risk
1126,WB-103,2026-09-09 08:21:26,129,131,98,16.4,33.7,7.19,0.4535,46.0,Moderate Risk
1127,WB-105,2026-09-09 05:37:26,204,189,146,31.9,59.2,2.41,0.1557,18.25,Low Risk
1128,WB-106,2026-09-26 22:09:26,79,76,62,22.5,46.5,9.91,0.6749,48.14,Moderate Risk
1129,WB-104,2026-09-05 11:27:26,242,214,184,33.5,89.7,2.54,0.0551,4.19,Safe
1130,WB-104,2026-09-29 03:56:26,20,15,10,27.2,80.6,11.3,0.9287,97.35,Hazardous
1131,WB-103,2026-09-12 04:09:26,219,207,169,20.6,63.4,11.05,0.0997,3.62,Safe
1132,WB-101,2026-09-20 19:29:26,145,134,109,19.7,33.2,9.79,0.4001,27.97,Moderate Risk
1133,WB-105,2026-10-03 08:48:26,95,85,65,42.7,74.8,2.58,0.6378,76.71,High Risk
1134,WB-106,2026-09-26 22:54:26,44,44,33,38.9,48.7,5.05,0.8188,94.58,Hazardous
1135,WB-109,2026-09-26 11:56:26,180,180,140,23.9,63.1,4.82,0.2393,18.89,Low Risk
1136,WB-106,2026-09-13 16:38:26,241,222,184,41.8,79.3,3.28,0.0456,2.28,Safe
1137,WB-109,2026-09-23 22:59:26,180,167,136,41.3,31.2,6.8,0.2641,15.2,Low Risk
1138,WB-104,2026-09-11 20:37:26,183,168,152,15.9,46.7,5.19,0.2428,23.42,Moderate Risk
1139,WB-102,2026-09-27 05:15:26,91,85,66,43.1,61.0,8.54,0.6257,29.22,Moderate Risk
1140,WB-110,2026-10-01 02:31:26,140,139,115,40.0,47.7,6.99,0.4001,21.78,Moderate Risk
1141,WB-106,2026-09-21 04:24:26,119,116,88,32.9,84.9,5.08,0.4888,31.05,Moderate Risk
1142,WB-105,2026-09-26 23:45:26,105,104,90,34.3,47.8,5.37,0.563,49.16,Moderate Risk
1143,WB-106,2026-09-24 10:05:26,192,178,153,36.5,22.3,4.8,0.1973,18.28,Low Risk
1144,WB-103,2026-09-07 05:12:26,92,91,73,21.5,28.2,6.24,0.6157,77.43,High Risk
1145,WB-106,2026-09-15 22:01:26,148,143,114,31.7,81.8,4.03,0.3793,26.35,Moderate Risk
1146,WB-107,2026-09-07 08:54:26,213,188,167,33.6,31.5,1.38,0.1415,31.92,Moderate Risk
1147,WB-103,2026-09-18 23:22:26,122,107,84,42.0,52.9,8.5,0.5201,24.27,Moderate Risk
1148,WB-107,2026-09-06 22:09:26,140,130,112,21.9,33.3,3.12,0.4358,80.69,Hazardous
1149,WB-110,2026-09-18 19:05:26,26,25,17,26.0,62.8,10.96,0.8968,71.62,High Risk
1150,WB-109,2026-09-05 04:36:26,234,228,188,17.7,47.1,1.59,0.0046,0.25,Safe
1151,WB-109,2026-09-21 20:11:26,198,182,159,37.5,63.4,5.79,0.2012,10.62,Low Risk
1152,WB-101,2026-09-05 12:41:26,95,91,66,29.4,33.0,3.86,0.6145,93.11,Hazardous
1153,WB-104,2026-09-19 18:28:26,72,69,51,44.7,77.1,8.64,0.7083,31.65,Moderate Risk
1154,WB-104,2026-09-15 00:39:26,181,187,152,34.6,57.4,7.36,0.2203,10.5,Low Risk
1155,WB-102,2026-09-21 20:02:26,234,234,192,39.3,54.4,4.03,0.0289,2.2,Safe
1156,WB-109,2026-09-30 01:52:26,43,46,34,18.6,32.9,11.48,0.8142,82.74,Hazardous
1157,WB-108,2026-09-26 04:37:26,26,26,18,34.8,75.6,9.14,0.8917,60.89,High Risk
1158,WB-107,2026-09-25 10:54:26,213,196,175,34.7,62.7,8.65,0.1143,4.0,Safe
1159,WB-103,2026-09-08 10:52:26,226,227,168,18.4,25.9,1.01,0.0561,24.72,Moderate Risk
1160,WB-107,2026-09-08 03:24:26,118,107,82,27.9,57.2,3.65,0.5454,66.86,High Risk
1161,WB-106,2026-09-29 17:30:26,238,211,176,26.0,81.7,1.8,0.0638,6.8,Low Risk
1162,WB-101,2026-09-15 20:33:26,165,164,134,32.3,62.2,7.86,0.309,14.05,Low Risk
1163,WB-109,2026-09-08 04:09:26,230,218,179,44.5,37.1,4.83,0.0573,3.84,Safe
1164,WB-110,2026-09-28 20:05:26,193,174,132,26.8,48.2,7.98,0.2447,13.11,Low Risk
1165,WB-106,2026-10-04 04:24:26,176,158,134,37.8,75.2,11.2,0.2994,8.12,Low Risk
1166,WB-108,2026-09-15 20:13:26,240,223,189,31.5,20.8,6.26,0.0459,2.55,Safe
1167,WB-108,2026-10-04 02:15:26,176,177,128,22.0,22.4,9.62,0.2568,17.99,Low Risk
1168,WB-109,2026-09-08 16:01:26,234,213,166,40.7,39.0,9.19,0.0547,1.69,Safe
1169,WB-102,2026-10-01 17:11:26,206,197,153,22.7,72.6,4.41,0.185,14.13,Low Risk
1170,WB-110,2026-09-12 07:45:26,191,180,142,16.1,52.0,10.0,0.2501,13.45,Low Risk
1171,WB-107,2026-09-07 03:36:26,99,98,81,25.5,81.9,8.17,0.5868,31.37,Moderate Risk
1172,WB-107,2026-09-05 15:39:26,94,97,74,18.1,36.3,6.97,0.6015,68.3,High Risk
1173,WB-109,2026-09-16 21:14:26,204,189,137,25.2,37.9,10.61,0.2061,9.98,Low Risk
1174,WB-104,2026-09-11 09:35:26,248,243,168,33.6,77.5,2.55,0.0137,0.96,Safe
1175,WB-105,2026-09-22 15:45:26,33,23,22,34.9,82.9,8.86,0.8812,59.83,High Risk
1176,WB-108,2026-09-12 07:05:26,212,204,154,20.5,31.9,10.42,0.1618,8.61,Low Risk
1177,WB-103,2026-09-09 01:20:26,174,170,121,43.0,42.6,4.7,0.2989,20.62,Moderate Risk
1178,WB-108,2026-09-20 05:41:26,116,109,92,18.5,41.0,11.95,0.5253,32.78,Moderate Risk
1179,WB-105,2026-10-01 13:00:26,210,197,157,16.4,83.5,10.54,0.1484,5.71,Low Risk
1180,WB-103,2026-09-21 10:27:26,205,189,142,26.4,40.2,3.78,0.1645,17.27,Low Risk
1181,WB-108,2026-09-25 21:04:26,215,201,152,29.6,71.7,8.98,0.1252,4.36,Safe
1182,WB-101,2026-09-24 02:58:26,141,116,104,19.3,34.3,3.33,0.46,84.12,Hazardous
1183,WB-107,2026-10-01 03:43:26,230,208,170,33.6,63.4,0.93,0.0675,14.48,Low Risk
1184,WB-102,2026-09-17 20:37:26,195,185,141,37.3,68.2,4.37,0.1774,9.86,Low Risk
1185,WB-109,2026-09-25 14:29:26,235,224,179,39.3,73.2,6.07,0.0522,2.08,Safe
1186,WB-102,2026-09-22 10:37:26,202,186,145,22.1,60.9,4.95,0.1929,14.09,Low Risk
1187,WB-101,2026-09-06 18:48:26,47,44,32,25.6,36.8,11.5,0.8131,71.87,High Risk
1188,WB-110,2026-09-29 06:36:26,35,34,25,15.2,60.1,8.75,0.853,93.82,Hazardous
1189,WB-106,2026-09-18 21:52:26,151,145,115,16.3,43.5,5.0,0.3994,48.51,Moderate Risk
1190,WB-109,2026-10-04 15:16:26,230,203,168,34.8,65.7,2.38,0.0877,8.66,Low Risk
1191,WB-102,2026-09-20 14:10:26,224,208,175,44.2,47.1,4.06,0.0835,5.25,Low Risk
1192,WB-102,2026-09-17 22:59:26,222,222,159,16.5,70.8,0.77,0.0919,34.57,Moderate Risk
1193,WB-102,2026-09-19 23:32:26,238,226,185,21.1,26.5,1.23,0.0628,20.02,Moderate Risk
1194,WB-110,2026-09-28 09:33:26,26,27,18,22.3,89.4,9.2,0.8966,72.18,High Risk
1195,WB-108,2026-09-29 08:13:26,223,211,171,24.8,69.1,5.55,0.0936,5.33,Low Risk
1196,WB-108,2026-09-14 07:12:26,226,228,182,39.0,23.3,2.32,0.0667,8.05,Low Risk
1197,WB-109,2026-09-09 20:35:26,122,115,84,15.4,83.4,3.11,0.5136,70.95,High Risk
1198,WB-110,2026-09-25 12:49:26,237,229,172,34.2,86.1,1.79,0.0636,6.73,Low Risk
1199,WB-109,2026-09-10 23:52:26,119,110,88,44.0,31.0,2.64,0.5044,80.87,Hazardous
1200,WB-107,2026-09-21 01:06:26,216,208,161,19.8,20.9,9.95,0.1263,8.03,Low Risk
1201,WB-106,2026-09-23 03:55:26,40,38,25,32.5,69.6,10.39,0.8394,51.22,High Risk
1202,WB-102,2026-09-28 10:50:26,219,202,171,26.5,78.3,4.5,0.1405,9.6,Low Risk
1203,WB-101,2026-09-08 07:25:26,174,169,133,32.5,80.9,3.59,0.2696,19.56,Low Risk
1204,WB-106,2026-09-20 01:14:26,247,243,192,41.7,27.7,0.95,0.0,4.32,Safe
1205,WB-109,2026-09-17 14:26:26,156,154,124,28.0,44.0,11.46,0.3732,16.5,Low Risk
1206,WB-110,2026-10-02 00:38:26,192,189,143,28.6,71.4,6.26,0.2009,10.6,Low Risk
1207,WB-110,2026-09-11 07:57:26,190,174,127,27.4,26.8,3.21,0.2358,34.87,Moderate Risk
1208,WB-106,2026-09-08 09:04:26,70,67,50,31.9,24.5,10.57,0.72,57.52,High Risk
1209,WB-105,2026-09-24 03:25:26,26,25,19,41.5,58.6,7.59,0.8959,81.5,Hazardous
1210,WB-105,2026-09-06 19:46:26,157,149,121,40.3,38.1,4.24,0.3569,31.79,Moderate Risk
1211,WB-107,2026-09-30 01:47:26,201,191,167,34.0,61.4,3.88,0.1736,12.9,Low Risk
1212,WB-102,2026-09-07 15:29:26,20,15,10,32.8,81.9,10.97,0.9313,85.26,Hazardous
1213,WB-105,2026-10-03 12:59:26,41,40,36,33.0,41.2,10.73,0.8192,59.03,High Risk
1214,WB-104,2026-10-04 13:51:26,145,131,115,15.4,49.2,8.16,0.4155,31.17,Moderate Risk
1215,WB-106,2026-09-20 16:40:26,237,232,178,25.8,38.2,10.36,0.0149,0.59,Safe
1216,WB-110,2026-09-14 21:55:26,220,219,159,27.6,26.2,2.82,0.096,16.86,Low Risk
1217,WB-108,2026-09-21 11:56:26,181,166,147,37.0,58.7,3.32,0.2578,22.35,Moderate Risk
1218,WB-107,2026-10-04 10:36:26,244,227,171,26.6,69.1,0.61,0.0368,10.59,Low Risk
1219,WB-109,2026-09-17 08:17:26,161,143,117,34.6,69.6,9.45,0.3822,14.09,Low Risk
1220,WB-102,2026-09-06 07:52:26,197,182,156,30.6,67.8,3.6,0.1963,15.54,Low Risk
1221,WB-108,2026-09-26 11:27:26,157,148,116,34.8,68.7,8.6,0.3462,13.75,Low Risk
1222,WB-102,2026-09-27 14:17:26,173,158,130,15.6,74.9,1.36,0.3083,78.86,High Risk
1223,WB-107,2026-09-11 11:25:26,29,29,23,41.2,60.7,6.53,0.8769,83.71,Hazardous
1224,WB-106,2026-09-12 01:32:26,210,187,154,25.6,70.7,3.96,0.1634,13.29,Low Risk
1225,WB-108,2026-09-16 14:25:26,199,190,152,32.4,86.8,7.98,0.178,6.26,Low Risk
1226,WB-101,2026-09-25 09:50:26,184,174,135,17.1,58.7,7.12,0.2502,16.49,Low Risk
1227,WB-101,2026-09-29 03:40:26,231,210,168,18.7,22.6,4.19,0.0963,14.24,Low Risk
1228,WB-107,2026-09-20 03:33:26,217,193,159,26.8,47.6,5.38,0.1504,11.46,Low Risk
1229,WB-102,2026-09-08 04:59:26,209,185,153,30.7,28.0,2.0,0.1629,32.11,Moderate Risk
1230,WB-110,2026-09-13 07:57:26,115,115,90,28.5,30.9,8.99,0.5293,37.73,Moderate Risk
1231,WB-105,2026-10-02 13:47:26,206,183,155,30.7,38.8,10.04,0.1676,7.81,Low Risk
1232,WB-104,2026-09-30 19:35:26,109,95,69,34.6,56.5,7.49,0.5788,34.56,Moderate Risk
1233,WB-110,2026-09-20 13:15:26,203,193,143,33.1,89.9,2.81,0.1614,12.12,Low Risk
1234,WB-110,2026-09-28 04:29:26,73,73,61,43.5,60.7,9.87,0.6881,31.62,Moderate Risk
1235,WB-103,2026-09-08 09:31:26,216,193,172,21.8,45.3,0.75,0.1312,62.03,High Risk
1236,WB-109,2026-09-12 22:16:26,232,227,199,43.4,45.1,2.12,0.0083,1.07,Safe
1237,WB-110,2026-10-03 04:43:26,232,213,162,15.2,35.1,0.78,0.0877,44.47,Moderate Risk
1238,WB-106,2026-09-24 11:58:26,25,23,17,32.6,41.8,11.99,0.9014,74.93,High Risk
1239,WB-101,2026-09-17 00:13:26,219,210,155,44.5,70.3,1.47,0.1298,18.1,Low Risk
1240,WB-103,2026-09-13 22:21:26,235,211,164,34.9,67.8,6.04,0.0585,2.79,Safe
1241,WB-101,2026-09-28 16:44:26,92,89,76,42.6,88.2,7.47,0.6172,25.95,Moderate Risk
1242,WB-106,2026-09-29 00:06:26,20,26,20,26.2,63.4,9.27,0.8985,87.94,Hazardous
1243,WB-106,2026-09-20 11:37:26,145,150,106,21.9,32.8,9.45,0.3964,27.77,Moderate Risk
1244,WB-106,2026-09-09 01:17:26,214,192,160,26.2,72.1,6.13,0.1552,8.5,Low Risk
1245,WB-108,2026-09-28 01:52:26,132,121,94,28.2,44.8,9.18,0.4775,27.57,Moderate Risk
1246,WB-104,2026-10-02 06:05:26,222,203,172,25.9,69.3,2.56,0.0921,10.2,Low Risk
1247,WB-104,2026-09-15 18:30:26,237,212,172,17.3,51.4,1.59,0.0327,9.84,Low Risk
1248,WB-109,2026-09-12 05:18:26,113,111,83,28.2,86.5,8.82,0.5435,23.86,Moderate Risk
1249,WB-101,2026-09-17 15:20:26,159,146,129,16.9,56.5,9.9,0.3297,18.46,Low Risk
1250,WB-104,2026-09-29 14:05:26,189,191,156,40.2,70.6,2.01,0.2051,23.53,Moderate Risk
1251,WB-107,2026-09-08 06:39:26,132,137,108,39.2,66.4,4.27,0.4385,31.4,Moderate Risk
1252,WB-102,2026-09-28 23:48:26,198,196,159,26.4,64.3,9.85,0.1893,7.48,Low Risk
1253,WB-109,2026-09-27 02:58:26,20,15,10,35.1,85.7,11.86,0.9313,72.3,High Risk
1254,WB-110,2026-09-17 14:57:26,169,160,115,39.9,69.3,8.11,0.3411,12.67,Low Risk
1255,WB-102,2026-09-15 20:36:26,119,122,91,35.5,87.7,4.67,0.5041,31.42,Moderate Risk
1256,WB-106,2026-09-24 18:58:26,39,38,26,38.8,82.3,5.89,0.8463,68.01,High Risk
1257,WB-103,2026-09-17 20:08:26,229,211,171,16.2,31.7,5.71,0.0978,9.06,Low Risk
1258,WB-103,2026-09-28 19:05:26,178,177,151,41.1,85.8,1.41,0.2469,33.54,Moderate Risk
1259,WB-103,2026-09-13 11:05:26,20,15,10,42.4,62.6,9.31,0.9333,78.02,High Risk
1260,WB-106,2026-09-26 21:46:26,188,188,136,30.8,22.8,10.0,0.2228,12.13,Low Risk
1261,WB-105,2026-09-14 12:14:26,238,209,158,24.9,32.1,2.91,0.0636,8.61,Low Risk
1262,WB-107,2026-09-09 23:41:26,24,25,21,35.4,82.2,5.67,0.8957,91.28,Hazardous
1263,WB-103,2026-09-15 01:31:26,132,133,108,33.3,28.1,3.85,0.4404,55.76,High Risk
1264,WB-106,2026-09-06 19:47:26,172,162,129,24.5,79.8,9.73,0.2949,11.37,Low Risk
1265,WB-106,2026-10-02 00:20:26,146,150,109,31.3,70.2,10.63,0.3806,13.31,Low Risk
1266,WB-108,2026-09-29 09:50:26,154,148,109,34.4,31.3,11.2,0.3663,17.18,Low Risk
1267,WB-108,2026-09-11 04:35:26,168,150,119,28.1,21.7,11.13,0.3357,20.23,Moderate Risk
1268,WB-103,2026-09-08 16:22:26,180,172,137,24.1,50.6,1.26,0.2772,75.24,High Risk
1269,WB-105,2026-09-04 20:31:26,190,170,138,16.3,86.9,5.38,0.2592,18.61,Low Risk
1270,WB-104,2026-09-10 18:49:26,20,15,10,37.6,70.9,10.99,0.9327,88.87,Hazardous
1271,WB-104,2026-09-15 21:32:26,231,237,164,19.7,39.5,0.52,0.0415,26.28,Moderate Risk
1272,WB-104,2026-09-06 10:41:26,241,228,164,40.6,47.0,1.2,0.0449,7.26,Low Risk
1273,WB-106,2026-09-06 15:36:26,22,16,16,43.8,61.8,7.82,0.9178,78.54,High Risk
1274,WB-102,2026-09-25 04:25:26,189,185,138,26.0,35.9,1.67,0.1978,46.74,Moderate Risk
1275,WB-108,2026-09-23 12:28:26,103,97,75,20.2,59.9,4.6,0.5892,70.48,High Risk
1276,WB-103,2026-09-11 04:36:26,222,225,165,26.2,53.6,2.77,0.0693,7.75,Low Risk
1277,WB-103,2026-09-08 16:53:26,229,223,173,29.2,24.9,1.11,0.0325,10.35,Low Risk
1278,WB-103,2026-09-27 23:20:26,44,43,34,30.7,56.0,5.88,0.8173,89.11,Hazardous
1279,WB-103,2026-09-29 02:28:26,243,238,181,19.0,80.3,7.56,0.0217,1.08,Safe
1280,WB-108,2026-09-09 08:15:26,185,182,149,36.9,73.3,9.36,0.2424,7.55,Low Risk
1281,WB-109,2026-09-19 17:20:26,145,149,106,21.8,55.4,7.47,0.4038,27.31,Moderate Risk
1282,WB-105,2026-10-02 08:42:26,66,66,56,33.9,46.8,6.04,0.7229,67.44,High Risk
1283,WB-106,2026-09-27 11:30:26,195,187,151,29.8,79.9,6.52,0.2026,8.67,Low Risk
1284,WB-107,2026-09-24 05:42:26,143,138,114,24.7,55.1,7.67,0.4117,25.15,Moderate Risk
1285,WB-105,2026-09-09 07:30:26,205,191,149,39.5,29.0,4.73,0.1783,15.14,Low Risk
1286,WB-106,2026-09-27 05:34:26,151,153,110,34.5,48.9,7.03,0.3628,20.47,Moderate Risk
1287,WB-108,2026-09-17 02:33:26,136,124,105,31.5,38.9,9.54,0.4541,25.66,Moderate Risk
1288,WB-105,2026-09-15 12:27:26,126,116,83,28.2,68.8,7.79,0.5079,27.34,Moderate Risk
1289,WB-110,2026-09-30 15:35:26,208,184,157,21.8,76.4,7.84,0.183,7.91,Low Risk
1290,WB-102,2026-09-16 00:03:26,120,109,85,25.8,53.6,11.61,0.5247,25.24,Moderate Risk
1291,WB-104,2026-09-13 14:06:26,78,75,54,29.3,74.6,3.2,0.6931,91.25,Hazardous
1292,WB-106,2026-09-09 00:46:26,145,131,104,36.1,72.7,1.26,0.4246,85.36,Hazardous
1293,WB-108,2026-09-23 21:59:26,188,192,139,26.4,47.1,6.89,0.2243,13.55,Low Risk
1294,WB-106,2026-09-10 18:12:26,76,59,50,15.8,89.3,3.71,0.7111,99.73,Hazardous
1295,WB-103,2026-09-19 19:44:26,32,35,24,43.7,54.1,8.25,0.8634,66.17,High Risk
1296,WB-107,2026-10-01 21:10:26,173,157,128,31.2,26.9,4.16,0.2911,33.13,Moderate Risk
1297,WB-109,2026-09-27 03:30:26,125,128,99,28.9,62.7,5.35,0.4679,34.49,Moderate Risk
1298,WB-104,2026-09-24 11:35:26,166,147,119,37.4,63.1,10.55,0.352,11.59,Low Risk
1299,WB-108,2026-09-11 05:50:26,188,186,136,16.6,38.6,6.42,0.2333,21.16,Moderate Risk
1300,WB-110,2026-09-13 02:34:26,204,184,152,30.8,53.7,1.53,0.1725,31.58,Moderate Risk
1301,WB-103,2026-09-23 12:43:26,128,120,96,29.4,59.3,7.36,0.4821,29.35,Moderate Risk
1302,WB-101,2026-10-02 07:28:26,71,74,61,42.9,82.7,2.09,0.6919,96.64,Hazardous
1303,WB-106,2026-09-26 11:34:26,144,141,115,38.8,54.6,10.36,0.393,14.41,Low Risk
1304,WB-108,2026-09-12 00:22:26,132,129,108,34.2,63.2,6.87,0.4578,25.53,Moderate Risk
1305,WB-103,2026-09-11 09:30:26,185,178,133,44.7,60.7,1.75,0.2114,27.57,Moderate Risk
1306,WB-105,2026-09-20 22:24:26,85,83,66,33.5,80.7,2.38,0.6531,96.57,Hazardous
1307,WB-101,2026-09-23 13:26:26,40,44,30,15.9,45.4,9.88,0.8247,90.16,Hazardous
1308,WB-103,2026-09-28 03:17:26,170,164,116,37.7,45.8,8.72,0.3216,14.81,Low Risk
1309,WB-110,2026-09-16 12:23:26,150,154,121,44.7,53.9,5.88,0.3768,19.45,Low Risk
1310,WB-102,2026-10-02 02:29:26,143,128,96,15.5,32.2,6.12,0.433,53.12,High Risk
1311,WB-107,2026-09-14 07:57:26,111,104,91,24.1,36.7,7.03,0.5421,47.51,Moderate Risk
1312,WB-104,2026-09-11 17:55:26,145,134,110,30.9,56.0,7.05,0.4099,24.89,Moderate Risk
1313,WB-103,2026-09-07 06:28:26,57,55,49,33.8,39.7,6.33,0.7601,80.87,Hazardous
1314,WB-110,2026-09-08 20:43:26,104,95,71,15.5,81.5,9.8,0.5996,34.96,Moderate Risk
1315,WB-104,2026-10-01 04:57:26,199,184,158,43.3,43.9,2.26,0.1846,21.08,Moderate Risk
1316,WB-104,2026-10-01 20:53:26,228,213,155,38.2,81.6,3.5,0.0911,4.79,Safe
1317,WB-106,2026-10-04 13:46:26,250,226,180,34.3,32.3,2.33,0.0067,2.63,Safe
1318,WB-104,2026-09-23 21:23:26,245,221,165,15.7,66.8,10.22,0.0368,1.61,Safe
1319,WB-105,2026-09-11 03:52:26,172,175,143,24.0,53.9,5.15,0.2648,21.94,Moderate Risk
1320,WB-108,2026-09-24 06:32:26,219,214,159,43.5,33.3,11.03,0.0977,3.6,Safe
1321,WB-106,2026-09-13 10:47:26,233,226,172,37.3,25.5,7.02,0.0144,0.62,Safe
1322,WB-107,2026-09-20 11:52:26,145,132,112,26.8,70.7,10.96,0.418,15.69,Low Risk
1323,WB-110,2026-09-08 01:20:26,140,132,114,36.2,39.9,3.57,0.4073,45.56,Moderate Risk
1324,WB-109,2026-10-02 12:03:26,126,123,100,30.4,66.3,6.84,0.4865,27.87,Moderate Risk
1325,WB-107,2026-09-24 22:53:26,206,196,152,28.7,22.0,11.08,0.1448,7.12,Low Risk
1326,WB-109,2026-09-10 21:46:26,169,152,122,41.3,64.0,3.12,0.3344,28.31,Moderate Risk
1327,WB-106,2026-09-09 04:38:26,35,41,26,43.3,64.7,10.32,0.8496,46.87,Moderate Risk
1328,WB-102,2026-09-16 12:11:26,230,217,187,18.1,20.5,1.13,0.0287,15.98,Low Risk
1329,WB-101,2026-09-24 17:06:26,183,168,140,20.7,57.3,4.16,0.2672,27.33,Moderate Risk
1330,WB-106,2026-09-13 10:39:26,194,170,144,41.2,56.2,4.93,0.2278,13.33,Low Risk
1331,WB-106,2026-09-28 02:31:26,202,186,161,18.6,28.3,11.25,0.1598,8.46,Low Risk
1332,WB-109,2026-09-21 13:39:26,115,109,81,20.0,23.4,5.05,0.5333,84.07,Hazardous
1333,WB-109,2026-09-08 04:42:26,147,137,105,29.0,87.5,10.61,0.4138,13.01,Low Risk
1334,WB-102,2026-09-15 14:44:26,213,185,163,37.8,57.2,1.28,0.1705,30.97,Moderate Risk
1335,WB-104,2026-09-28 23:34:26,210,213,152,38.9,79.0,5.11,0.107,5.19,Low Risk
1336,WB-101,2026-09-08 12:43:26,237,219,170,20.4,23.1,1.43,0.0276,4.74,Safe
1337,WB-109,2026-10-04 16:18:26,97,97,76,26.0,69.4,9.03,0.5864,32.78,Moderate Risk
1338,WB-107,2026-09-10 18:18:26,212,201,159,44.0,45.0,2.11,0.1415,17.31,Low Risk
1339,WB-109,2026-09-30 08:29:26,139,133,97,17.9,37.3,3.64,0.4588,78.83,High Risk
1340,WB-102,2026-09-11 03:39:26,101,91,77,32.8,22.5,6.05,0.5954,67.0,High Risk
1341,WB-105,2026-09-05 07:56:26,168,173,141,35.2,79.4,2.09,0.2837,32.7,Moderate Risk
1342,WB-108,2026-09-15 18:07:26,236,219,181,35.5,29.6,3.32,0.0694,7.7,Low Risk
1343,WB-104,2026-10-02 19:15:26,25,26,17,44.4,68.9,5.29,0.8972,93.55,Hazardous
1344,WB-109,2026-09-07 09:12:26,126,129,104,19.5,49.4,10.98,0.4739,26.88,Moderate Risk
1345,WB-104,2026-09-18 02:19:26,233,230,169,31.0,22.5,11.43,0.0204,0.57,Safe
1346,WB-108,2026-09-21 08:21:26,150,139,114,20.8,22.2,10.3,0.4065,31.13,Moderate Risk
1347,WB-109,2026-09-22 10:34:26,201,202,144,44.2,73.4,7.5,0.1928,6.36,Low Risk
1348,WB-101,2026-09-24 09:37:26,46,43,38,26.0,72.4,10.55,0.8078,49.8,Moderate Risk
1349,WB-109,2026-09-05 06:39:26,176,169,134,26.2,70.5,4.26,0.2905,23.1,Moderate Risk
1350,WB-101,2026-09-14 21:25:26,24,24,19,24.5,74.6,8.21,0.9001,87.77,Hazardous
1351,WB-104,2026-09-18 20:58:26,191,182,147,17.0,50.3,8.43,0.2389,15.04,Low Risk
1352,WB-103,2026-09-06 03:10:26,188,162,134,28.2,28.9,5.84,0.2832,25.57,Moderate Risk
1353,WB-106,2026-09-14 20:37:26,208,207,158,18.9,27.8,5.78,0.1321,12.42,Low Risk
1354,WB-104,2026-09-26 19:24:26,216,209,166,39.0,35.9,2.42,0.0744,7.98,Low Risk
1355,WB-105,2026-10-04 07:51:26,36,39,31,20.2,54.0,8.94,0.8374,86.0,Hazardous
1356,WB-104,2026-09-14 07:43:26,140,133,107,25.6,89.6,5.59,0.4463,27.2,Moderate Risk
1357,WB-109,2026-09-28 05:50:26,123,116,100,17.0,67.0,5.83,0.4852,41.43,Moderate Risk
1358,WB-105,2026-09-07 03:20:26,133,124,105,22.1,59.3,1.95,0.4412,90.89,Hazardous
1359,WB-103,2026-10-03 11:23:26,85,75,62,35.7,37.1,9.01,0.6547,43.91,Moderate Risk
1360,WB-104,2026-09-27 17:43:26,70,71,53,28.5,46.0,5.8,0.7036,77.87,High Risk
1361,WB-106,2026-09-06 06:14:26,186,170,128,20.1,80.9,5.33,0.2668,17.64,Low Risk
1362,WB-108,2026-09-08 12:19:26,201,192,141,16.7,89.9,8.49,0.1976,8.3,Low Risk
1363,WB-106,2026-09-11 09:50:26,182,168,148,17.6,42.0,8.07,0.2677,19.22,Low Risk
1364,WB-101,2026-09-23 11:23:26,20,15,10,30.2,79.8,9.14,0.9322,97.17,Hazardous
1365,WB-103,2026-09-13 16:47:26,211,193,160,30.1,30.9,1.97,0.1249,22.06,Moderate Risk
1366,WB-104,2026-09-05 10:52:26,152,137,102,19.1,53.2,4.02,0.4012,49.25,Moderate Risk
1367,WB-103,2026-09-09 16:12:26,175,159,135,32.0,20.7,2.85,0.3005,52.93,High Risk
1368,WB-104,2026-09-29 05:24:26,57,54,52,15.3,75.9,7.07,0.7507,73.31,High Risk
1369,WB-104,2026-09-09 20:52:26,20,15,10,44.0,86.5,11.81,0.933,94.12,Hazardous
1370,WB-108,2026-09-11 07:10:26,187,197,149,21.6,47.6,7.38,0.2088,13.12,Low Risk
1371,WB-102,2026-09-09 06:53:26,180,178,140,23.1,73.5,2.61,0.2558,32.04,Moderate Risk
1372,WB-108,2026-09-28 05:28:26,61,59,43,17.4,86.5,8.59,0.7574,56.39,High Risk
1373,WB-109,2026-09-23 07:02:26,65,64,45,23.6,29.5,9.23,0.7369,74.05,High Risk
1374,WB-104,2026-09-07 10:29:26,74,62,45,36.1,89.6,8.08,0.7226,36.8,Moderate Risk
1375,WB-102,2026-09-06 09:51:26,205,199,151,22.9,34.2,6.55,0.1781,13.98,Low Risk
1376,WB-107,2026-09-23 15:47:26,225,219,172,27.1,88.7,2.32,0.0801,8.3,Low Risk
1377,WB-110,2026-09-24 18:55:26,214,215,157,26.9,36.3,4.44,0.1221,11.61,Low Risk
1378,WB-101,2026-09-13 19:47:26,220,206,169,28.7,43.2,8.7,0.1148,5.61,Low Risk
1379,WB-102,2026-09-14 04:14:26,118,118,95,35.3,52.4,5.53,0.5126,38.26,Moderate Risk
1380,WB-108,2026-10-02 11:58:26,244,229,190,38.4,65.1,1.84,0.0308,4.86,Safe
1381,WB-101,2026-09-05 05:14:26,158,146,110,24.9,29.6,8.84,0.3673,24.57,Moderate Risk
1382,WB-105,2026-09-21 19:36:26,238,239,178,29.4,38.8,4.88,0.0197,2.12,Safe
1383,WB-108,2026-09-20 14:19:26,205,205,161,21.5,74.7,3.71,0.1425,11.6,Low Risk
1384,WB-102,2026-10-02 23:13:26,151,134,103,23.3,37.9,5.84,0.4181,41.1,Moderate Risk
1385,WB-107,2026-09-27 20:43:26,182,178,130,43.8,71.3,1.77,0.2703,34.15,Moderate Risk
1386,WB-103,2026-09-27 13:58:26,20,15,10,29.4,77.9,10.08,0.9328,87.22,Hazardous
1387,WB-103,2026-09-17 01:45:26,73,70,58,39.5,79.2,2.87,0.6945,82.56,Hazardous
1388,WB-103,2026-09-19 23:28:26,236,220,184,30.7,22.5,0.84,0.0359,11.48,Low Risk
1389,WB-101,2026-09-06 05:17:26,74,72,58,30.2,87.6,11.39,0.6933,27.92,Moderate Risk
1390,WB-108,2026-09-28 15:49:26,176,160,129,36.2,67.9,6.43,0.2936,13.92,Low Risk
1391,WB-106,2026-10-04 15:51:26,109,110,79,31.1,43.5,9.35,0.5416,31.2,Moderate Risk
1392,WB-110,2026-09-19 12:07:26,20,15,10,42.7,84.8,9.69,0.9289,87.43,Hazardous
1393,WB-109,2026-09-14 21:20:26,69,58,58,40.9,63.1,11.17,0.7233,31.12,Moderate Risk
1394,WB-104,2026-09-07 08:23:26,159,149,136,31.9,83.8,5.66,0.3247,16.29,Low Risk
1395,WB-109,2026-10-03 10:48:26,134,115,98,30.7,74.0,1.96,0.4662,73.38,High Risk
1396,WB-105,2026-09-21 21:58:26,108,111,80,42.5,25.7,10.04,0.5415,30.31,Moderate Risk
1397,WB-110,2026-09-08 23:12:26,51,47,36,34.5,30.1,11.25,0.8025,63.17,High Risk
1398,WB-110,2026-09-18 02:21:26,86,79,69,27.8,49.6,3.41,0.6433,99.08,Hazardous
1399,WB-107,2026-09-12 09:28:26,250,224,183,17.6,38.3,1.95,0.0111,3.72,Safe
1400,WB-110,2026-09-20 00:51:26,173,157,132,41.3,65.0,10.74,0.3239,9.71,Low Risk
1401,WB-107,2026-09-07 22:09:26,223,222,172,22.4,74.1,1.26,0.0666,12.55,Low Risk
1402,WB-104,2026-09-25 17:39:26,126,113,88,38.8,22.3,8.75,0.4959,33.17,Moderate Risk
1403,WB-104,2026-09-11 09:49:26,221,227,182,17.8,50.6,0.77,0.0685,24.46,Moderate Risk
1404,WB-110,2026-10-01 16:10:26,85,74,64,36.5,44.5,8.94,0.6609,41.05,Moderate Risk
1405,WB-104,2026-09-19 10:41:26,222,220,169,34.4,60.4,1.81,0.0912,12.47,Low Risk
1406,WB-110,2026-09-08 16:40:26,64,59,49,22.5,52.6,6.98,0.7401,76.87,High Risk
1407,WB-103,2026-09-10 15:49:26,208,204,161,28.7,24.8,8.35,0.1388,8.77,Low Risk
1408,WB-102,2026-09-09 22:43:26,131,117,98,37.8,70.5,10.9,0.4704,15.66,Low Risk
1409,WB-103,2026-09-21 12:59:26,126,127,104,16.7,70.2,7.18,0.4677,33.98,Moderate Risk
1410,WB-102,2026-09-18 07:40:26,226,210,155,40.5,64.6,2.12,0.0739,6.7,Low Risk
1411,WB-104,2026-09-06 20:51:26,77,72,57,30.0,37.3,8.38,0.6971,58.27,High Risk
1412,WB-104,2026-10-02 17:40:26,247,237,189,44.0,28.7,6.02,0.0169,0.79,Safe
1413,WB-105,2026-09-14 12:38:26,96,85,78,40.4,47.4,6.86,0.6146,40.51,Moderate Risk
1414,WB-104,2026-09-29 14:40:26,228,218,192,15.4,40.2,0.61,0.0288,14.68,Low Risk
1415,WB-110,2026-09-12 17:38:26,250,230,201,35.3,34.3,7.61,0.0063,0.07,Safe
1416,WB-110,2026-09-06 21:59:26,212,202,148,42.8,21.8,8.64,0.138,6.31,Low Risk
1417,WB-105,2026-09-27 03:04:26,83,83,69,15.2,71.9,3.63,0.645,98.74,Hazardous
1418,WB-108,2026-09-13 17:44:26,134,120,100,44.1,65.9,6.43,0.4719,23.03,Moderate Risk
1419,WB-110,2026-09-26 19:31:26,102,99,74,18.0,79.7,6.32,0.5978,49.0,Moderate Risk
1420,WB-105,2026-10-04 01:19:26,153,135,109,22.9,66.3,7.49,0.4034,22.96,Moderate Risk
1421,WB-104,2026-09-18 16:36:26,137,131,103,27.8,36.2,2.54,0.4465,83.94,Hazardous
1422,WB-108,2026-09-26 11:04:26,119,110,75,17.3,75.2,9.97,0.5438,29.37,Moderate Risk
1423,WB-103,2026-10-02 19:17:26,149,138,118,34.1,46.5,7.7,0.3856,21.63,Moderate Risk
1424,WB-101,2026-09-15 13:10:26,127,111,89,23.7,82.3,2.49,0.497,68.98,High Risk
1425,WB-102,2026-09-14 06:02:26,137,120,97,34.3,51.9,6.87,0.4577,28.07,Moderate Risk
1426,WB-105,2026-09-08 18:06:26,90,90,79,28.3,43.5,5.86,0.6139,60.0,High Risk
1427,WB-103,2026-09-12 11:05:26,141,132,108,44.6,57.9,3.62,0.4165,34.28,Moderate Risk
1428,WB-105,2026-09-10 01:45:26,148,144,111,16.6,58.6,8.76,0.3988,24.32,Moderate Risk
1429,WB-106,2026-09-25 07:14:26,228,204,165,28.6,48.4,0.96,0.0929,29.74,Moderate Risk
1430,WB-104,2026-09-22 15:59:26,125,122,85,36.8,53.7,6.54,0.4979,32.01,Moderate Risk
1431,WB-109,2026-09-29 22:08:26,139,130,104,44.9,80.0,1.23,0.4355,74.82,High Risk
1432,WB-107,2026-09-17 08:05:26,222,215,153,18.8,48.2,11.97,0.1145,5.09,Low Risk
1433,WB-103,2026-09-11 02:35:26,213,196,147,44.7,23.1,3.2,0.156,15.74,Low Risk
1434,WB-108,2026-09-05 04:19:26,81,78,59,38.1,64.5,3.23,0.6835,82.59,Hazardous
1435,WB-110,2026-09-09 20:43:26,42,37,24,40.2,73.4,8.79,0.8446,51.86,High Risk
1436,WB-110,2026-09-16 11:06:26,194,176,141,15.8,77.8,2.54,0.2152,29.76,Moderate Risk
1437,WB-110,2026-09-20 12:07:26,187,184,147,31.4,25.3,3.79,0.2383,30.08,Moderate Risk
1438,WB-101,2026-10-02 01:51:26,209,191,147,25.5,62.5,11.45,0.1575,5.7,Low Risk
1439,WB-101,2026-09-05 00:55:26,80,72,57,38.0,36.1,3.84,0.6728,94.22,Hazardous
1440,WB-101,2026-09-22 08:02:26,174,178,140,16.9,74.2,4.06,0.2667,25.99,Moderate Risk
1441,WB-105,2026-09-09 14:15:26,122,112,93,23.6,71.4,7.28,0.522,31.56,Moderate Risk
1442,WB-107,2026-09-11 11:22:26,108,104,87,18.8,62.7,11.95,0.5472,27.51,Moderate Risk
1443,WB-105,2026-09-11 22:43:26,118,112,81,29.4,32.4,10.58,0.5103,30.34,Moderate Risk
1444,WB-105,2026-09-21 11:02:26,240,234,162,29.8,52.0,0.59,0.0428,12.92,Low Risk
1445,WB-110,2026-09-26 12:43:26,77,67,55,28.3,21.9,8.67,0.6926,68.4,High Risk
1446,WB-102,2026-09-17 16:40:26,208,191,153,33.7,50.8,5.01,0.1303,8.46,Low Risk
1447,WB-110,2026-09-07 18:29:26,20,15,10,33.5,55.2,10.31,0.9316,92.82,Hazardous
1448,WB-105,2026-09-13 11:51:26,22,21,17,39.0,71.0,11.59,0.9124,54.41,High Risk
1449,WB-105,2026-10-04 02:15:26,102,91,73,20.4,55.8,3.26,0.5977,98.8,Hazardous
1450,WB-103,2026-10-01 17:45:26,189,187,157,20.0,50.4,7.76,0.2066,12.52,Low Risk
1451,WB-104,2026-10-03 22:24:26,83,88,73,32.7,67.7,8.35,0.6374,35.63,Moderate Risk
1452,WB-108,2026-09-11 17:59:26,65,69,55,30.6,73.3,9.39,0.7178,38.71,Moderate Risk
1453,WB-109,2026-10-03 02:40:26,211,197,162,19.8,49.9,1.77,0.1081,19.65,Low Risk
1454,WB-107,2026-09-16 13:51:26,226,217,161,40.7,65.6,1.0,0.1121,23.1,Moderate Risk
1455,WB-105,2026-09-22 12:34:26,122,118,97,24.8,82.4,4.73,0.5031,40.38,Moderate Risk
1456,WB-110,2026-09-15 11:24:26,229,231,168,18.1,23.5,10.37,0.0513,3.11,Safe
1457,WB-106,2026-09-07 17:21:26,101,96,82,25.0,71.7,3.39,0.582,71.49,High Risk
1458,WB-107,2026-09-19 13:53:26,132,123,92,43.2,66.4,6.32,0.4754,23.55,Moderate Risk
1459,WB-105,2026-09-08 13:44:26,146,136,105,37.4,32.1,7.47,0.4276,27.89,Moderate Risk
1460,WB-108,2026-10-02 15:03:26,226,206,165,35.2,68.0,8.0,0.1065,3.51,Safe
1461,WB-102,2026-09-27 13:55:26,161,152,132,41.1,42.2,4.01,0.3395,30.7,Moderate Risk
1462,WB-103,2026-09-10 07:24:26,129,124,99,22.3,57.4,8.37,0.4849,30.21,Moderate Risk
1463,WB-109,2026-09-11 00:40:26,137,128,105,29.3,28.7,2.46,0.4502,91.41,Hazardous
1464,WB-104,2026-09-18 09:39:26,192,164,136,18.5,30.8,10.11,0.248,16.94,Low Risk
1465,WB-104,2026-09-15 17:35:26,37,32,24,43.3,31.9,11.68,0.8602,59.28,High Risk
1466,WB-107,2026-09-13 19:20:26,235,216,165,44.3,49.9,5.0,0.0493,2.67,Safe
1467,WB-104,2026-09-17 07:58:26,112,106,86,18.2,21.7,9.98,0.5377,48.5,Moderate Risk
1468,WB-108,2026-09-22 13:34:26,190,177,146,38.9,71.2,2.51,0.2181,20.13,Moderate Risk
1469,WB-101,2026-09-16 04:31:26,65,61,51,26.2,57.6,5.71,0.7434,80.26,Hazardous
1470,WB-101,2026-09-26 08:46:26,217,194,157,24.3,45.8,4.19,0.1347,11.96,Low Risk
1471,WB-102,2026-09-06 08:09:26,33,34,22,42.8,21.7,11.87,0.8642,68.83,High Risk
1472,WB-103,2026-09-10 12:03:26,70,67,49,20.6,59.0,7.95,0.7136,64.26,High Risk
1473,WB-107,2026-09-26 13:57:26,200,197,158,37.4,40.6,7.66,0.1594,7.66,Low Risk
1474,WB-109,2026-09-28 08:06:26,202,181,157,44.6,25.2,8.5,0.1909,8.73,Low Risk
1475,WB-105,2026-10-03 19:12:26,180,181,131,15.0,53.1,10.78,0.2627,13.58,Low Risk
1476,WB-105,2026-10-01 13:36:26,172,157,131,19.8,55.8,4.96,0.3258,31.1,Moderate Risk
1477,WB-102,2026-09-23 22:43:26,225,222,166,17.1,20.7,4.02,0.0536,8.44,Low Risk
1478,WB-105,2026-09-28 10:53:26,172,156,118,34.6,63.4,8.61,0.3089,12.45,Low Risk
1479,WB-102,2026-09-14 23:41:26,193,191,143,36.4,27.2,2.36,0.2015,32.37,Moderate Risk
1480,WB-104,2026-09-07 11:39:26,230,220,165,41.8,33.0,1.93,0.0601,9.51,Low Risk
1481,WB-108,2026-09-06 10:28:26,25,26,18,24.6,69.5,10.51,0.8948,69.49,High Risk
1482,WB-110,2026-09-29 15:49:26,102,92,80,27.1,61.4,10.68,0.5937,28.72,Moderate Risk
1483,WB-106,2026-09-16 17:50:26,234,223,180,36.5,76.8,4.62,0.071,3.22,Safe
1484,WB-107,2026-09-06 13:34:26,166,158,121,19.1,50.8,8.58,0.337,20.92,Moderate Risk
1485,WB-106,2026-09-26 18:16:26,227,207,159,23.4,88.0,6.85,0.1038,4.64,Safe
1486,WB-104,2026-09-18 06:42:26,202,190,160,42.0,24.9,3.59,0.1763,18.68,Low Risk
1487,WB-104,2026-09-08 01:01:26,91,81,61,27.7,44.0,8.36,0.638,47.44,Moderate Risk
1488,WB-106,2026-10-02 10:03:26,148,130,102,37.2,87.3,1.84,0.4046,49.97,Moderate Risk
1489,WB-109,2026-09-25 07:38:26,210,197,151,23.5,33.3,0.81,0.1745,79.45,High Risk
1490,WB-106,2026-09-21 12:56:26,159,165,114,36.7,47.0,1.34,0.3297,72.68,High Risk
1491,WB-102,2026-09-12 12:08:26,217,217,154,23.7,24.3,10.37,0.1083,6.85,Low Risk
1492,WB-110,2026-09-16 13:21:26,78,76,59,42.2,88.1,9.43,0.6661,24.84,Moderate Risk
1493,WB-108,2026-09-06 12:02:26,145,135,117,32.1,27.5,6.96,0.3935,30.85,Moderate Risk
1494,WB-105,2026-09-28 11:05:26,218,213,181,25.0,53.1,2.81,0.0931,10.14,Low Risk
1495,WB-103,2026-09-26 06:09:26,109,101,82,18.5,86.2,10.44,0.563,27.37,Moderate Risk
1496,WB-102,2026-09-14 05:49:26,120,106,94,24.0,28.3,8.91,0.514,42.59,Moderate Risk
1497,WB-109,2026-09-17 06:20:26,115,111,92,43.9,58.9,7.48,0.5134,24.34,Moderate Risk
1498,WB-101,2026-09-17 22:19:26,184,165,137,17.2,37.6,2.55,0.2639,55.91,High Risk
1499,WB-102,2026-09-09 17:48:26,209,205,167,21.5,28.1,10.77,0.1493,8.52,Low Risk
1500,WB-106,2026-09-24 09:37:26,184,166,142,35.2,74.8,4.72,0.2743,15.9,Low Risk
1501,WB-103,2026-09-24 09:46:26,122,112,86,24.5,32.9,11.21,0.518,31.92,Moderate Risk
1502,WB-105,2026-09-30 07:54:26,83,78,63,27.4,79.9,9.35,0.6668,34.47,Moderate Risk
1503,WB-108,2026-09-06 04:53:26,134,124,98,37.5,36.5,10.6,0.4501,21.12,Moderate Risk
1504,WB-106,2026-09-10 17:00:26,233,214,174,33.5,28.5,0.53,0.0766,40.18,Moderate Risk
1505,WB-109,2026-09-05 07:10:26,65,63,49,26.6,36.7,10.13,0.7385,59.18,High Risk
1506,WB-110,2026-09-30 10:00:26,202,185,167,35.1,48.5,2.3,0.1542,18.57,Low Risk
1507,WB-104,2026-09-19 04:22:26,89,85,71,40.6,64.3,3.43,0.6337,68.18,High Risk
1508,WB-109,2026-10-02 07:17:26,90,82,59,28.9,43.0,5.15,0.6567,73.58,High Risk
1509,WB-108,2026-09-20 19:49:26,205,204,170,15.8,36.1,10.91,0.1457,7.94,Low Risk
1510,WB-107,2026-10-03 21:01:26,159,153,112,30.6,83.8,4.25,0.3572,24.81,Moderate Risk
1511,WB-109,2026-09-23 21:10:26,208,203,153,16.2,62.7,8.75,0.1535,7.54,Low Risk
1512,WB-106,2026-09-16 14:48:26,199,191,145,37.6,39.4,4.73,0.1973,14.56,Low Risk
1513,WB-104,2026-10-03 10:19:26,83,73,58,23.7,43.0,5.55,0.6709,82.71,Hazardous
1514,WB-102,2026-10-04 12:42:26,176,161,148,23.5,50.9,1.22,0.2695,71.96,High Risk
1515,WB-104,2026-09-24 17:59:26,38,32,26,23.1,62.1,11.19,0.8545,64.92,High Risk
1516,WB-104,2026-09-17 06:59:26,212,185,155,23.2,20.5,4.39,0.1564,19.82,Low Risk
1517,WB-110,2026-10-03 22:57:26,96,90,76,21.9,84.4,7.11,0.591,38.02,Moderate Risk
1518,WB-105,2026-09-07 17:03:26,58,50,46,37.8,34.8,11.46,0.763,47.83,Moderate Risk
1519,WB-109,2026-09-13 02:06:26,122,116,96,22.3,70.5,4.64,0.4913,43.88,Moderate Risk
1520,WB-108,2026-09-05 18:29:26,95,82,74,34.0,79.7,5.87,0.6185,41.1,Moderate Risk
1521,WB-104,2026-09-05 16:14:26,216,207,154,24.2,63.3,6.31,0.1348,7.17,Low Risk
1522,WB-101,2026-10-03 02:02:26,107,99,78,40.0,22.6,3.41,0.5708,91.18,Hazardous
1523,WB-108,2026-09-30 19:16:26,90,91,75,28.9,81.7,10.89,0.613,25.64,Moderate Risk
1524,WB-107,2026-09-26 09:48:26,217,202,153,38.7,42.0,9.56,0.1083,4.09,Safe
1525,WB-105,2026-09-19 23:46:26,222,206,150,44.2,25.9,1.29,0.1177,25.3,Moderate Risk
1526,WB-102,2026-09-18 13:09:26,147,137,119,44.2,25.6,4.94,0.3766,30.8,Moderate Risk
1527,WB-109,2026-09-16 15:00:26,213,192,163,19.9,68.5,11.71,0.1688,6.0,Low Risk
1528,WB-104,2026-09-11 01:24:26,150,146,116,18.8,40.7,4.58,0.3667,46.61,Moderate Risk
1529,WB-105,2026-09-20 09:49:26,192,170,133,23.7,57.0,4.71,0.2294,20.28,Moderate Risk
1530,WB-102,2026-09-07 21:19:26,133,120,96,22.4,33.0,8.83,0.4655,34.6,Moderate Risk
1531,WB-107,2026-09-21 15:25:26,243,230,177,23.8,61.2,2.08,0.024,1.96,Safe
1532,WB-104,2026-09-10 22:18:26,199,184,148,39.7,35.7,4.37,0.1986,15.83,Low Risk
1533,WB-107,2026-09-07 03:53:26,202,193,163,40.8,54.3,8.34,0.1726,6.25,Low Risk
1534,WB-103,2026-09-08 12:10:26,203,195,153,15.5,30.2,10.04,0.1856,12.75,Low Risk
1535,WB-104,2026-09-27 19:19:26,184,184,152,22.7,62.5,9.91,0.232,9.65,Low Risk
1536,WB-105,2026-09-22 03:33:26,177,172,122,40.3,62.0,2.05,0.2826,34.0,Moderate Risk
1537,WB-106,2026-09-16 05:46:26,245,233,191,20.8,78.6,1.23,0.0071,0.36,Safe
1538,WB-102,2026-09-07 03:01:26,236,238,180,44.2,33.3,1.91,0.0349,6.47,Low Risk
1539,WB-110,2026-09-07 00:18:26,136,120,99,27.0,61.6,3.8,0.4518,44.82,Moderate Risk
1540,WB-105,2026-10-04 18:46:26,120,112,88,24.5,78.1,6.77,0.5344,33.16,Moderate Risk
1541,WB-106,2026-09-12 02:08:26,139,136,113,44.4,63.9,10.64,0.4389,14.24,Low Risk
1542,WB-106,2026-09-18 19:21:26,190,176,148,30.5,26.8,9.05,0.2419,14.17,Low Risk
1543,WB-107,2026-09-11 13:44:26,86,81,60,41.2,72.7,3.17,0.6616,67.65,High Risk
1544,WB-107,2026-10-01 07:48:26,30,24,15,21.4,80.7,7.39,0.8973,97.19,Hazardous
1545,WB-101,2026-09-26 04:31:26,80,81,64,41.9,59.2,3.86,0.6642,67.88,High Risk
1546,WB-104,2026-09-17 11:06:26,47,46,34,26.4,28.4,11.89,0.8077,70.16,High Risk
1547,WB-110,2026-09-23 17:54:26,230,228,177,20.5,56.9,0.6,0.0462,20.55,Moderate Risk
1548,WB-107,2026-09-30 04:55:26,172,157,143,22.9,31.9,7.28,0.2901,23.79,Moderate Risk
1549,WB-107,2026-09-20 00:18:26,156,146,125,19.0,69.5,9.86,0.3599,17.31,Low Risk
1550,WB-104,2026-09-28 01:16:26,233,225,192,17.5,71.9,8.27,0.0122,0.54,Safe
1551,WB-105,2026-10-04 13:46:26,20,15,12,44.8,81.7,6.67,0.9276,80.59,Hazardous
1552,WB-105,2026-09-18 09:44:26,202,201,151,33.8,83.3,10.93,0.1902,5.08,Low Risk
1553,WB-102,2026-09-12 07:11:26,73,71,57,44.9,50.2,11.21,0.7041,32.48,Moderate Risk
1554,WB-101,2026-09-16 22:45:26,227,204,168,41.2,55.8,8.09,0.0742,2.43,Safe
1555,WB-109,2026-09-19 01:54:26,192,197,149,27.9,81.0,1.29,0.1834,33.68,Moderate Risk
1556,WB-109,2026-09-05 22:25:26,20,15,10,36.3,80.2,11.26,0.9316,77.43,High Risk
1557,WB-108,2026-10-01 21:39:26,89,87,76,36.6,59.1,3.07,0.6213,80.28,Hazardous
1558,WB-105,2026-09-29 06:44:26,44,49,40,30.2,77.8,10.11,0.8041,45.26,Moderate Risk
1559,WB-106,2026-09-30 22:29:26,116,120,92,30.5,47.3,7.32,0.5177,34.78,Moderate Risk
1560,WB-101,2026-09-27 04:08:26,138,130,103,25.0,79.8,2.22,0.4491,67.99,High Risk
1561,WB-108,2026-10-02 18:29:26,164,166,122,35.8,37.6,10.96,0.3132,13.01,Low Risk
1562,WB-109,2026-09-29 06:23:26,215,199,162,15.3,43.2,8.87,0.1389,8.37,Low Risk
1563,WB-105,2026-10-04 00:25:26,85,76,58,26.6,44.2,7.31,0.6711,59.4,High Risk
1564,WB-109,2026-09-23 00:36:26,212,207,160,36.3,31.2,6.01,0.155,10.66,Low Risk
1565,WB-109,2026-09-10 02:26:26,20,15,13,23.0,67.7,11.79,0.9264,85.53,Hazardous
1566,WB-101,2026-09-28 00:42:26,131,123,107,25.8,43.8,2.17,0.4483,91.6,Hazardous
1567,WB-107,2026-09-30 17:08:26,79,79,69,41.1,60.1,5.49,0.6569,49.87,Moderate Risk
1568,WB-110,2026-10-01 01:30:26,239,211,173,16.3,25.1,3.3,0.0455,8.59,Low Risk
1569,WB-110,2026-09-21 21:25:26,237,213,165,19.9,21.6,10.94,0.0408,2.44,Safe
1570,WB-107,2026-10-03 15:34:26,137,118,99,27.2,55.8,10.82,0.4735,21.92,Moderate Risk
1571,WB-105,2026-09-14 05:37:26,199,190,155,36.8,34.9,0.65,0.1685,72.8,High Risk
1572,WB-110,2026-09-11 09:33:26,80,77,66,25.2,75.5,2.94,0.6599,96.64,Hazardous
1573,WB-102,2026-09-06 05:02:26,234,215,178,39.2,28.1,10.79,0.0327,1.37,Safe
1574,WB-109,2026-09-10 08:23:26,116,116,84,16.3,22.4,5.41,0.5036,78.62,High Risk
1575,WB-105,2026-09-08 13:05:26,230,217,163,32.5,46.8,2.15,0.086,11.34,Low Risk
1576,WB-104,2026-09-05 03:48:26,156,151,116,36.1,48.9,4.03,0.3419,29.4,Moderate Risk
1577,WB-103,2026-09-20 05:49:26,21,21,13,38.2,39.2,11.7,0.9156,74.34,High Risk
1578,WB-101,2026-09-20 14:32:26,224,210,154,27.3,52.6,2.46,0.1158,14.49,Low Risk
1579,WB-104,2026-09-06 19:13:26,42,39,28,33.3,27.8,8.35,0.8379,93.86,Hazardous
1580,WB-105,2026-09-05 03:55:26,145,134,110,34.4,50.6,1.59,0.4153,86.96,Hazardous
1581,WB-107,2026-09-07 06:03:26,70,63,50,15.3,44.7,6.24,0.7132,96.17,Hazardous
1582,WB-103,2026-09-26 03:48:26,121,117,89,37.5,75.4,2.17,0.5111,66.7,High Risk
1583,WB-103,2026-09-14 02:23:26,227,204,174,18.6,69.0,8.58,0.0659,3.17,Safe
1584,WB-105,2026-09-18 02:34:26,172,160,133,38.4,45.3,10.65,0.2802,10.93,Low Risk
1585,WB-108,2026-09-28 06:18:26,56,47,44,28.0,48.8,6.29,0.7798,88.25,Hazardous
1586,WB-108,2026-09-22 01:52:26,209,210,163,20.0,73.2,4.47,0.1406,11.02,Low Risk
1587,WB-109,2026-09-19 18:49:26,180,178,145,42.2,48.3,3.15,0.2516,23.18,Moderate Risk
1588,WB-105,2026-09-09 17:04:26,187,177,128,39.9,89.9,10.14,0.2639,6.77,Low Risk
1589,WB-105,2026-09-23 16:31:26,146,135,121,23.5,34.5,11.67,0.4001,21.91,Moderate Risk
1590,WB-103,2026-09-12 03:24:26,215,193,166,42.5,52.4,7.94,0.1412,5.46,Low Risk
1591,WB-102,2026-09-26 12:31:26,159,164,116,29.3,26.0,5.43,0.3338,33.44,Moderate Risk
1592,WB-108,2026-09-09 05:00:26,99,96,73,17.8,57.0,3.85,0.602,90.71,Hazardous
1593,WB-101,2026-09-16 18:56:26,159,153,127,37.1,21.3,4.65,0.3396,34.9,Moderate Risk
1594,WB-106,2026-09-19 02:25:26,151,145,114,20.7,80.3,1.82,0.3984,73.96,High Risk
1595,WB-104,2026-09-20 07:14:26,187,170,147,20.7,53.3,1.29,0.2473,68.69,High Risk
1596,WB-101,2026-09-11 05:22:26,247,224,191,36.4,45.3,3.03,0.0228,2.39,Safe
1597,WB-110,2026-09-28 04:22:26,135,130,110,20.3,79.5,2.95,0.4582,57.4,High Risk
1598,WB-104,2026-10-02 08:51:26,54,51,41,20.9,26.1,8.75,0.7791,95.89,Hazardous
1599,WB-106,2026-09-13 18:13:26,176,157,137,36.8,86.6,8.99,0.3038,9.16,Low Risk
1600,WB-104,2026-09-16 02:12:26,197,188,148,35.0,45.6,1.18,0.1948,46.11,Moderate Risk
1601,WB-108,2026-09-08 15:51:26,186,176,131,18.0,88.0,2.19,0.2501,37.27,Moderate Risk
1602,WB-110,2026-09-11 18:37:26,176,164,122,33.6,71.0,4.6,0.3065,20.48,Moderate Risk
1603,WB-104,2026-09-14 12:42:26,98,88,73,40.4,69.6,9.91,0.6089,23.63,Moderate Risk
1604,WB-107,2026-09-12 10:39:26,153,141,123,40.6,46.7,9.1,0.3578,14.85,Low Risk
1605,WB-105,2026-10-03 14:33:26,198,188,155,24.0,69.6,1.68,0.1876,32.96,Moderate Risk
1606,WB-103,2026-09-30 08:30:26,120,117,95,21.6,75.4,2.63,0.502,74.94,High Risk
1607,WB-108,2026-09-29 07:36:26,38,43,35,38.2,86.9,10.47,0.8247,39.9,Moderate Risk
1608,WB-107,2026-09-29 04:44:26,185,164,135,36.3,40.6,2.9,0.2671,31.38,Moderate Risk
1609,WB-109,2026-09-09 18:11:26,95,89,69,20.6,78.0,10.48,0.6291,31.94,Moderate Risk
1610,WB-108,2026-10-02 00:39:26,212,196,166,24.6,47.4,2.27,0.1361,20.87,Moderate Risk
1611,WB-107,2026-09-17 12:34:26,142,140,102,21.2,42.4,9.56,0.4132,26.26,Moderate Risk
1612,WB-104,2026-09-11 20:49:26,195,189,143,22.0,27.3,3.57,0.2021,29.15,Moderate Risk
1613,WB-101,2026-09-09 19:21:26,123,108,91,34.2,28.1,8.91,0.5142,34.94,Moderate Risk
1614,WB-106,2026-09-28 20:36:26,156,147,115,25.9,27.6,7.41,0.3668,30.09,Moderate Risk
1615,WB-102,2026-09-15 12:01:26,87,81,68,16.0,39.2,5.86,0.6503,92.28,Hazardous
1616,WB-109,2026-09-06 05:02:26,55,51,44,22.0,50.5,11.72,0.768,55.53,High Risk
1617,WB-106,2026-09-28 01:30:26,229,208,152,35.7,47.9,0.8,0.098,31.57,Moderate Risk
1618,WB-109,2026-09-14 14:35:26,162,147,122,37.5,33.7,4.73,0.3401,29.38,Moderate Risk
1619,WB-109,2026-09-24 01:07:26,20,15,12,25.7,61.7,11.75,0.9284,85.36,Hazardous
1620,WB-102,2026-10-03 18:38:26,110,106,87,20.5,21.5,4.58,0.5537,99.78,Hazardous
1621,WB-103,2026-09-10 00:44:26,204,188,141,27.6,66.8,1.9,0.1894,29.26,Moderate Risk
1622,WB-102,2026-09-15 12:43:26,218,213,169,18.1,20.2,4.11,0.0638,7.7,Low Risk
1623,WB-102,2026-09-30 07:54:26,235,211,176,29.3,21.0,0.65,0.0613,29.65,Moderate Risk
1624,WB-106,2026-09-19 12:20:26,151,148,106,24.0,59.8,7.61,0.3891,23.24,Moderate Risk
1625,WB-106,2026-09-22 05:03:26,236,213,164,38.8,74.7,1.7,0.0701,9.1,Low Risk
1626,WB-102,2026-09-30 17:04:26,127,129,95,18.4,65.6,7.51,0.4804,32.43,Moderate Risk
1627,WB-103,2026-09-09 19:19:26,58,52,43,37.7,77.6,4.42,0.7765,76.45,High Risk
1628,WB-101,2026-09-28 07:59:26,241,230,179,43.7,49.8,2.65,0.0165,1.18,Safe
1629,WB-102,2026-09-06 12:46:26,168,164,136,18.1,26.1,6.79,0.3024,30.11,Moderate Risk
1630,WB-105,2026-09-22 07:11:26,246,231,193,28.2,47.3,1.04,0.016,4.41,Safe
1631,WB-102,2026-09-28 03:17:26,184,179,132,44.3,34.9,2.44,0.2585,31.97,Moderate Risk
1632,WB-106,2026-09-29 08:15:26,230,216,187,21.5,39.3,8.24,0.0478,2.79,Safe
1633,WB-103,2026-09-23 20:56:26,174,163,139,35.1,61.6,3.71,0.2665,22.07,Moderate Risk
1634,WB-103,2026-09-23 19:04:26,180,181,147,28.6,75.0,11.05,0.2649,8.5,Low Risk
1635,WB-109,2026-09-05 03:35:26,48,48,38,23.0,50.9,10.21,0.7964,66.69,High Risk
1636,WB-103,2026-09-09 07:29:26,138,134,105,41.6,73.8,3.68,0.4261,29.35,Moderate Risk
1637,WB-110,2026-09-15 05:47:26,119,119,95,38.8,64.1,5.95,0.5144,31.74,Moderate Risk
1638,WB-110,2026-09-29 20:36:26,94,89,75,38.9,50.7,11.54,0.6147,26.06,Moderate Risk
1639,WB-109,2026-09-08 14:32:26,126,124,104,26.2,35.6,10.15,0.4781,29.66,Moderate Risk
1640,WB-103,2026-10-03 02:42:26,238,210,180,27.9,70.9,2.15,0.061,5.7,Low Risk
1641,WB-107,2026-09-12 06:48:26,156,146,113,21.3,39.9,11.09,0.3619,20.54,Moderate Risk
1642,WB-104,2026-09-21 07:57:26,136,123,100,34.3,84.5,3.95,0.4496,32.91,Moderate Risk
1643,WB-107,2026-09-25 11:01:26,219,197,154,30.8,42.8,3.3,0.1503,15.64,Low Risk
1644,WB-104,2026-10-02 04:28:26,241,215,183,32.7,62.8,8.77,0.0407,1.18,Safe
1645,WB-103,2026-09-24 23:03:26,130,125,102,20.1,46.0,11.2,0.4862,28.09,Moderate Risk
1646,WB-106,2026-09-12 12:25:26,134,127,91,38.0,25.7,3.17,0.4639,67.54,High Risk
1647,WB-103,2026-09-19 09:09:26,84,79,70,21.3,32.1,7.86,0.6469,68.08,High Risk
1648,WB-102,2026-09-17 10:46:26,117,114,86,33.5,65.4,10.97,0.5038,18.82,Low Risk
1649,WB-107,2026-09-10 11:12:26,228,224,185,33.7,32.1,1.84,0.0488,10.77,Low Risk
1650,WB-110,2026-09-15 07:10:26,125,118,100,29.6,31.5,11.19,0.4932,27.59,Moderate Risk
1651,WB-107,2026-09-14 08:02:26,194,186,148,28.0,84.6,8.46,0.179,6.47,Low Risk
1652,WB-109,2026-09-12 18:45:26,230,213,186,17.5,28.8,10.11,0.0428,2.26,Safe
1653,WB-104,2026-10-03 23:03:26,86,77,67,19.1,72.0,10.62,0.6649,38.81,Moderate Risk
1654,WB-106,2026-09-16 03:41:26,187,166,146,15.4,82.9,5.25,0.2448,17.79,Low Risk
1655,WB-108,2026-09-22 11:18:26,107,100,82,21.1,75.8,3.63,0.5649,70.13,High Risk
1656,WB-101,2026-09-18 17:03:26,241,223,168,16.3,63.0,8.47,0.0329,1.68,Safe
1657,WB-106,2026-09-08 04:31:26,154,138,116,15.5,69.1,6.83,0.3865,28.46,Moderate Risk
1658,WB-109,2026-09-06 02:38:26,165,156,125,44.9,76.3,8.89,0.3448,10.92,Low Risk
1659,WB-110,2026-09-26 13:03:26,136,128,106,26.7,20.9,3.43,0.4469,79.69,High Risk
1660,WB-106,2026-09-22 06:29:26,157,147,124,26.1,26.4,7.69,0.3552,28.12,Moderate Risk
1661,WB-105,2026-09-25 22:27:26,130,122,112,44.6,36.5,8.81,0.4569,22.84,Moderate Risk
1662,WB-104,2026-09-30 21:35:26,176,163,125,40.0,21.0,4.28,0.2899,31.89,Moderate Risk
1663,WB-108,2026-09-09 12:58:26,206,191,157,26.3,47.6,5.79,0.1373,9.13,Low Risk
1664,WB-106,2026-09-15 11:00:26,28,24,20,25.0,61.0,9.46,0.8923,84.11,Hazardous
1665,WB-105,2026-09-08 13:08:26,172,167,128,41.1,80.0,9.88,0.3119,8.65,Low Risk
1666,WB-107,2026-09-14 01:39:26,227,224,176,43.2,20.8,0.57,0.0398,17.08,Low Risk
1667,WB-106,2026-09-24 08:05:26,234,217,161,16.4,57.7,3.2,0.0645,8.58,Low Risk
1668,WB-106,2026-09-13 05:53:26,247,234,172,44.8,65.1,7.03,0.0146,0.83,Safe
1669,WB-106,2026-09-18 14:25:26,198,205,156,24.2,57.2,6.44,0.1661,9.89,Low Risk
1670,WB-101,2026-09-27 10:51:26,183,170,133,42.1,36.5,2.52,0.2633,34.19,Moderate Risk
1671,WB-107,2026-09-09 01:42:26,218,209,173,36.0,26.3,1.43,0.083,19.69,Low Risk
1672,WB-105,2026-09-11 07:18:26,20,15,10,43.8,68.1,11.7,0.9334,66.4,High Risk
1673,WB-105,2026-09-13 20:10:26,52,48,37,16.1,66.8,7.97,0.7996,81.37,Hazardous
1674,WB-107,2026-09-30 01:11:26,116,110,89,41.0,88.3,11.45,0.5226,14.76,Low Risk
1675,WB-109,2026-09-05 23:07:26,165,148,128,20.5,41.3,5.66,0.3515,34.4,Moderate Risk
1676,WB-102,2026-09-06 16:53:26,159,153,124,18.2,39.1,5.13,0.3548,39.74,Moderate Risk
1677,WB-110,2026-09-21 09:33:26,121,102,95,33.3,62.8,8.97,0.5252,24.52,Moderate Risk
1678,WB-109,2026-09-12 23:27:26,172,169,132,43.2,51.3,8.05,0.2911,12.28,Low Risk
1679,WB-102,2026-09-17 21:51:26,63,63,50,31.4,39.7,5.82,0.7317,82.25,Hazardous
1680,WB-108,2026-09-05 08:13:26,172,173,130,44.5,58.0,8.12,0.284,11.26,Low Risk
1681,WB-102,2026-09-26 06:46:26,185,176,147,24.8,50.8,3.66,0.2189,23.78,Moderate Risk
1682,WB-108,2026-09-14 02:11:26,114,105,89,42.1,77.3,8.85,0.5439,20.29,Moderate Risk
1683,WB-101,2026-09-19 17:51:26,181,157,134,45.0,61.2,2.85,0.2801,24.89,Moderate Risk
1684,WB-104,2026-09-20 13:09:26,210,194,149,27.0,22.0,1.58,0.147,38.68,Moderate Risk
1685,WB-108,2026-09-30 09:49:26,237,223,168,27.0,72.2,2.04,0.0401,4.15,Safe
1686,WB-110,2026-09-25 03:32:26,190,175,145,30.5,79.8,8.92,0.2128,7.32,Low Risk
1687,WB-103,2026-09-05 07:32:26,84,78,64,32.2,77.4,9.32,0.6589,32.02,Moderate Risk
1688,WB-103,2026-09-12 14:38:26,197,197,154,23.1,66.7,4.57,0.1883,13.46,Low Risk
1689,WB-108,2026-09-11 17:20:26,52,47,39,35.5,57.9,11.48,0.7941,42.51,Moderate Risk
1690,WB-101,2026-09-12 04:50:26,157,143,117,35.2,45.3,7.17,0.3536,20.55,Moderate Risk
1691,WB-106,2026-09-30 08:29:26,230,226,183,42.4,23.8,1.42,0.0233,8.93,Low Risk
1692,WB-102,2026-09-24 09:12:26,190,190,136,24.3,61.2,0.95,0.2204,69.41,High Risk
1693,WB-108,2026-10-01 08:42:26,20,15,11,20.5,75.7,11.97,0.9286,85.54,Hazardous
1694,WB-103,2026-09-26 05:22:26,202,201,150,20.8,83.1,2.13,0.1722,22.53,Moderate Risk
1695,WB-102,2026-09-13 03:31:26,244,227,183,40.3,86.2,6.68,0.0096,0.39,Safe
1696,WB-106,2026-09-20 15:13:26,106,105,77,36.0,85.2,5.78,0.5605,32.12,Moderate Risk
1697,WB-106,2026-09-06 12:47:26,163,161,120,42.8,74.9,8.87,0.3452,11.37,Low Risk
1698,WB-101,2026-09-19 16:10:26,234,238,186,19.9,58.0,1.17,0.0186,5.18,Low Risk
1699,WB-101,2026-09-18 08:45:26,127,133,104,42.2,31.2,8.43,0.4569,26.2,Moderate Risk
1700,WB-106,2026-10-03 07:53:26,215,195,173,29.0,33.7,2.37,0.1116,17.25,Low Risk
1701,WB-106,2026-09-05 01:22:26,224,220,160,17.1,60.6,4.41,0.0811,6.43,Low Risk
1702,WB-102,2026-09-14 19:03:26,215,215,148,24.8,41.2,1.74,0.1256,26.73,Moderate Risk
1703,WB-102,2026-09-09 13:19:26,210,189,144,25.3,20.8,4.1,0.17,20.99,Moderate Risk
1704,WB-105,2026-10-03 15:38:26,100,88,68,36.2,36.9,10.7,0.6051,33.36,Moderate Risk
1705,WB-101,2026-09-19 15:05:26,147,141,117,32.0,32.2,2.38,0.395,73.48,High Risk
1706,WB-105,2026-09-13 18:16:26,199,198,142,23.2,35.8,3.43,0.1688,20.89,Moderate Risk
1707,WB-105,2026-09-23 15:56:26,89,90,66,20.6,45.2,6.89,0.6271,62.21,High Risk
1708,WB-108,2026-09-20 13:14:26,220,195,154,24.5,81.5,5.07,0.1377,7.92,Low Risk
1709,WB-107,2026-09-13 03:46:26,231,217,165,42.0,37.4,10.44,0.0844,2.96,Safe
1710,WB-109,2026-09-12 02:16:26,157,148,125,23.1,84.8,3.83,0.3447,29.42,Moderate Risk
1711,WB-103,2026-09-26 17:41:26,208,206,150,38.9,37.7,1.17,0.1248,28.7,Moderate Risk
1712,WB-109,2026-09-30 06:10:26,185,177,153,30.7,32.9,3.73,0.2222,25.73,Moderate Risk
1713,WB-109,2026-09-12 21:56:26,36,36,23,23.7,59.0,7.42,0.8536,90.56,Hazardous
1714,WB-104,2026-09-11 18:36:26,36,33,28,22.3,43.6,11.34,0.8568,79.57,High Risk
1715,WB-105,2026-09-07 23:22:26,110,104,75,26.1,44.1,9.55,0.5555,35.3,Moderate Risk
1716,WB-103,2026-09-05 08:18:26,192,195,136,43.5,82.3,5.76,0.2024,8.07,Low Risk
1717,WB-108,2026-09-08 18:37:26,170,163,130,19.3,67.2,5.0,0.3072,26.77,Moderate Risk
1718,WB-105,2026-09-22 23:30:26,235,214,176,26.3,60.4,1.49,0.0761,14.42,Low Risk
1719,WB-104,2026-10-04 02:21:26,156,148,111,28.0,69.3,5.73,0.3649,23.44,Moderate Risk
1720,WB-107,2026-10-01 02:27:26,38,38,33,18.7,35.2,10.45,0.8347,96.85,Hazardous
1721,WB-108,2026-09-11 11:42:26,215,207,169,25.8,32.6,2.85,0.0959,12.26,Low Risk
1722,WB-105,2026-09-16 07:50:26,156,154,122,43.1,34.4,8.61,0.3472,16.81,Low Risk
1723,WB-110,2026-09-05 20:09:26,208,179,160,16.2,42.3,9.62,0.181,11.32,Low Risk
1724,WB-105,2026-09-06 03:16:26,49,51,38,38.7,85.6,7.67,0.7925,45.9,Moderate Risk
1725,WB-105,2026-10-01 05:53:26,107,98,78,24.4,67.7,4.0,0.5661,65.09,High Risk
1726,WB-107,2026-10-04 13:33:26,215,203,155,23.1,36.2,5.09,0.1282,12.34,Low Risk
1727,WB-103,2026-09-17 05:41:26,107,99,75,23.7,70.8,8.9,0.5718,31.61,Moderate Risk
1728,WB-107,2026-09-19 23:48:26,160,145,114,22.4,75.9,2.02,0.3592,56.26,High Risk
1729,WB-110,2026-09-27 02:22:26,141,144,114,36.0,32.2,7.89,0.4159,26.45,Moderate Risk
1730,WB-110,2026-09-24 15:23:26,143,148,114,43.6,21.3,4.6,0.4034,40.26,Moderate Risk
1731,WB-107,2026-09-19 16:28:26,223,201,167,41.5,83.1,3.85,0.0939,5.22,Low Risk
1732,WB-103,2026-09-06 17:56:26,109,108,87,42.1,37.2,6.95,0.533,34.63,Moderate Risk
1733,WB-108,2026-09-14 16:18:26,174,152,138,22.2,83.1,7.18,0.318,16.36,Low Risk
1734,WB-108,2026-09-24 00:26:26,118,125,84,17.8,39.6,4.19,0.5067,78.46,High Risk
1735,WB-101,2026-09-17 17:09:26,205,189,149,36.5,27.0,2.11,0.1916,32.51,Moderate Risk
1736,WB-105,2026-10-04 15:36:26,113,102,79,37.4,77.6,10.34,0.5459,19.52,Low Risk
1737,WB-103,2026-09-06 05:14:26,156,146,118,39.6,58.0,6.39,0.3878,20.09,Moderate Risk
1738,WB-107,2026-09-12 06:22:26,236,209,164,25.9,59.2,5.54,0.0531,3.34,Safe
1739,WB-101,2026-10-01 03:19:26,156,158,117,15.4,21.5,7.54,0.338,34.78,Moderate Risk
1740,WB-104,2026-09-16 00:26:26,49,49,34,31.4,84.5,11.04,0.802,40.06,Moderate Risk
1741,WB-108,2026-09-21 05:00:26,179,174,130,38.7,65.8,2.57,0.2782,26.17,Moderate Risk
1742,WB-104,2026-09-20 08:13:26,63,62,47,28.7,66.0,11.69,0.739,39.38,Moderate Risk
1743,WB-101,2026-09-24 06:09:26,246,230,173,29.1,71.6,1.06,0.0312,6.53,Low Risk
1744,WB-107,2026-09-05 20:45:26,196,193,163,16.9,49.2,8.25,0.1782,11.4,Low Risk
1745,WB-102,2026-09-25 07:11:26,238,211,191,30.5,48.4,9.91,0.0495,1.97,Safe
1746,WB-108,2026-09-23 21:28:26,188,183,152,19.0,57.9,11.1,0.2092,9.36,Low Risk
1747,WB-104,2026-09-30 16:25:26,126,124,92,24.6,82.8,11.7,0.4868,17.99,Low Risk
1748,WB-107,2026-10-04 08:16:26,194,204,149,28.2,25.6,7.66,0.1797,13.38,Low Risk
1749,WB-104,2026-09-27 14:48:26,159,149,122,17.0,34.3,11.7,0.3328,19.65,Low Risk
1750,WB-108,2026-09-29 21:06:26,106,102,73,22.2,61.1,10.85,0.5668,30.01,Moderate Risk
1751,WB-104,2026-10-02 16:56:26,226,200,158,24.8,64.9,0.52,0.106,50.09,High Risk
1752,WB-103,2026-10-02 16:05:26,63,62,43,32.2,87.7,11.8,0.7396,29.66,Moderate Risk
1753,WB-107,2026-09-13 18:35:26,80,80,63,21.9,48.2,4.79,0.6651,90.48,Hazardous
1754,WB-105,2026-09-06 19:11:26,134,129,110,43.1,39.9,5.78,0.4379,29.56,Moderate Risk
1755,WB-102,2026-09-19 22:39:26,169,158,115,37.6,50.6,7.61,0.3463,17.34,Low Risk
1756,WB-106,2026-10-03 05:58:26,217,205,174,15.2,26.7,2.88,0.1022,18.94,Low Risk
1757,WB-105,2026-09-13 23:02:26,220,211,186,36.5,50.2,0.73,0.0739,22.12,Moderate Risk
1758,WB-101,2026-09-26 16:15:26,165,159,121,28.4,85.4,5.19,0.3308,19.22,Low Risk
1759,WB-101,2026-09-30 09:09:26,57,54,43,31.3,86.6,4.72,0.759,70.25,High Risk
1760,WB-106,2026-09-20 09:42:26,120,117,92,43.6,31.3,9.06,0.5186,28.6,Moderate Risk
1761,WB-109,2026-09-12 02:01:26,149,142,121,38.8,57.0,5.12,0.3991,26.37,Moderate Risk
1762,WB-101,2026-09-16 23:45:26,175,151,137,44.6,55.7,5.41,0.3119,16.69,Low Risk
1763,WB-109,2026-09-11 03:19:26,221,215,169,29.3,24.0,8.76,0.1117,6.98,Low Risk
1764,WB-106,2026-09-23 00:54:26,123,111,85,42.5,53.0,2.15,0.5191,78.12,High Risk
1765,WB-101,2026-09-22 20:33:26,20,15,10,44.2,69.9,11.23,0.93,62.85,High Risk
1766,WB-105,2026-09-16 15:23:26,166,178,129,25.6,28.1,5.44,0.2894,28.77,Moderate Risk
1767,WB-107,2026-09-24 02:13:26,22,25,18,18.8,73.6,11.17,0.9022,78.6,High Risk
1768,WB-106,2026-10-01 09:16:26,237,215,170,43.1,68.7,4.23,0.0702,2.81,Safe
1769,WB-110,2026-09-29 19:37:26,170,168,123,44.8,36.5,3.25,0.3066,30.08,Moderate Risk
1770,WB-106,2026-09-17 02:37:26,197,193,159,32.3,71.5,1.69,0.1887,28.85,Moderate Risk
1771,WB-103,2026-09-16 02:23:26,184,175,140,38.6,71.4,5.69,0.2357,10.84,Low Risk
1772,WB-110,2026-09-10 02:31:26,214,208,154,19.4,41.7,3.05,0.1268,18.06,Low Risk
1773,WB-101,2026-09-24 08:54:26,24,23,17,39.2,46.5,9.09,0.9044,84.84,Hazardous
1774,WB-110,2026-09-05 13:01:26,179,162,142,16.4,40.6,7.25,0.2886,23.99,Moderate Risk
1775,WB-103,2026-09-22 06:18:26,123,120,102,24.2,76.8,10.06,0.4847,20.74,Moderate Risk
1776,WB-102,2026-10-02 10:53:26,219,221,173,24.0,29.4,5.36,0.0952,9.21,Low Risk
1777,WB-108,2026-09-16 20:13:26,140,130,108,25.2,70.8,8.36,0.4395,21.63,Moderate Risk
1778,WB-110,2026-09-27 07:40:26,205,192,163,35.1,41.6,2.91,0.1792,21.24,Moderate Risk
1779,WB-109,2026-09-11 05:26:26,222,215,182,16.8,41.8,2.07,0.0954,18.16,Low Risk
1780,WB-106,2026-09-06 08:56:26,213,200,156,36.4,71.3,0.74,0.1269,31.15,Moderate Risk
1781,WB-110,2026-09-19 08:32:26,207,190,148,23.8,23.2,9.49,0.1682,10.79,Low Risk
1782,WB-105,2026-09-09 17:46:26,241,213,167,29.2,30.9,0.59,0.0675,26.3,Moderate Risk
1783,WB-110,2026-09-08 21:45:26,86,83,59,37.0,74.9,7.97,0.6563,33.25,Moderate Risk
1784,WB-102,2026-09-27 14:52:26,132,137,101,31.0,40.2,8.06,0.4511,28.71,Moderate Risk
1785,WB-101,2026-09-10 01:08:26,104,104,80,16.2,62.7,7.5,0.569,47.35,Moderate Risk
1786,WB-102,2026-09-26 16:47:26,120,111,93,32.1,83.5,10.38,0.5157,18.76,Low Risk
1787,WB-104,2026-09-11 19:32:26,224,207,160,38.2,37.9,2.71,0.1181,13.74,Low Risk
1788,WB-109,2026-09-15 19:03:26,200,204,160,18.8,42.6,9.09,0.1624,9.02,Low Risk
1789,WB-102,2026-09-20 16:52:26,181,173,139,20.7,89.8,3.75,0.2816,24.18,Moderate Risk
1790,WB-104,2026-09-26 18:44:26,249,234,187,43.4,58.0,1.23,0.0119,2.16,Safe
1791,WB-110,2026-10-04 04:26:26,107,107,78,19.1,43.8,11.34,0.5442,33.86,Moderate Risk
1792,WB-106,2026-09-09 16:00:26,209,201,169,40.4,29.2,0.91,0.1124,34.28,Moderate Risk
1793,WB-103,2026-09-26 13:04:26,72,67,50,28.8,38.6,5.69,0.7164,84.53,Hazardous
1794,WB-107,2026-09-06 23:57:26,199,198,150,24.6,59.1,3.71,0.1724,15.9,Low Risk
1795,WB-109,2026-09-17 20:05:26,185,172,138,21.3,59.1,11.42,0.2626,10.62,Low Risk
1796,WB-105,2026-10-01 10:28:26,173,163,147,42.9,39.2,6.62,0.2656,14.88,Low Risk
1797,WB-109,2026-09-08 20:00:26,195,190,147,28.6,35.8,2.36,0.1586,24.95,Moderate Risk
1798,WB-108,2026-09-24 14:59:26,179,175,137,25.0,60.5,1.63,0.2913,56.9,High Risk
1799,WB-108,2026-09-10 23:31:26,130,126,96,38.7,88.1,7.5,0.4695,18.16,Low Risk
1800,WB-109,2026-09-05 14:17:26,146,147,119,39.0,32.5,1.39,0.3877,98.44,Hazardous
1801,WB-102,2026-09-06 23:35:26,121,113,95,28.0,66.6,6.61,0.5119,33.35,Moderate Risk
1802,WB-103,2026-09-21 09:49:26,62,60,49,17.2,58.1,6.86,0.7445,82.13,Hazardous
1803,WB-110,2026-09-13 08:52:26,57,57,43,42.9,74.2,11.32,0.7617,30.14,Moderate Risk
1804,WB-104,2026-09-12 22:12:26,156,149,122,37.0,33.5,3.68,0.3634,40.58,Moderate Risk
1805,WB-108,2026-09-08 03:58:26,103,102,80,37.9,45.1,8.74,0.5808,33.66,Moderate Risk
1806,WB-107,2026-10-01 21:21:26,189,187,137,42.3,52.0,11.86,0.2086,5.62,Low Risk
1807,WB-106,2026-10-01 13:54:26,42,39,31,32.3,76.4,6.09,0.8282,70.03,High Risk
1808,WB-110,2026-09-15 08:20:26,92,87,72,33.6,55.4,4.01,0.6283,70.83,High Risk
1809,WB-110,2026-09-11 06:21:26,129,129,107,24.5,60.9,3.63,0.4582,53.42,High Risk
1810,WB-103,2026-09-05 13:52:26,120,109,84,43.1,57.3,9.12,0.502,20.82,Moderate Risk
1811,WB-104,2026-09-19 05:19:26,190,188,148,38.3,65.4,7.54,0.2135,8.29,Low Risk
1812,WB-104,2026-09-05 22:57:26,100,86,65,38.9,72.3,7.39,0.6197,32.05,Moderate Risk
1813,WB-105,2026-09-23 07:46:26,160,152,119,41.1,74.2,9.65,0.367,11.29,Low Risk
1814,WB-103,2026-09-26 15:23:26,158,157,127,23.1,83.9,3.93,0.3456,28.97,Moderate Risk
1815,WB-102,2026-09-28 23:48:26,238,234,170,27.9,75.0,5.68,0.0176,0.97,Safe
1816,WB-103,2026-09-28 03:54:26,139,129,113,19.1,50.7,2.19,0.4203,87.37,Hazardous
1817,WB-108,2026-09-11 13:12:26,135,127,98,36.5,33.7,9.34,0.4306,22.98,Moderate Risk
1818,WB-109,2026-09-29 22:35:26,175,174,143,20.8,27.0,5.47,0.281,31.84,Moderate Risk
1819,WB-105,2026-09-07 10:46:26,143,126,101,39.9,39.0,5.93,0.4364,31.62,Moderate Risk
1820,WB-102,2026-09-15 17:58:26,100,95,81,37.1,48.8,8.95,0.5897,31.94,Moderate Risk
1821,WB-110,2026-09-21 11:29:26,211,205,167,36.0,60.9,1.44,0.1421,24.05,Moderate Risk
1822,WB-109,2026-09-19 00:49:26,181,160,136,42.5,36.2,3.46,0.2935,30.08,Moderate Risk
1823,WB-101,2026-09-13 02:51:26,86,84,64,44.1,64.5,8.46,0.6602,31.24,Moderate Risk
1824,WB-106,2026-09-04 20:14:26,160,143,118,25.6,89.2,11.5,0.3676,11.67,Low Risk
1825,WB-105,2026-09-14 04:48:26,87,80,66,22.1,74.5,3.87,0.6519,80.5,Hazardous
1826,WB-104,2026-09-19 17:13:26,126,123,97,33.9,32.0,9.29,0.4699,28.61,Moderate Risk
1827,WB-107,2026-10-03 11:39:26,171,165,137,27.4,68.0,3.58,0.2843,26.89,Moderate Risk
1828,WB-102,2026-09-15 01:11:26,158,160,119,37.6,20.3,5.19,0.3211,31.3,Moderate Risk
1829,WB-107,2026-10-01 12:12:26,230,217,176,20.7,46.8,11.5,0.0503,2.2,Safe
1830,WB-108,2026-09-23 21:54:26,220,192,149,24.4,78.8,9.44,0.1271,4.13,Safe
1831,WB-105,2026-09-06 15:36:26,219,208,170,25.2,22.4,2.31,0.0826,15.09,Low Risk
1832,WB-110,2026-09-08 23:33:26,85,74,65,22.6,63.2,6.29,0.6693,62.2,High Risk
1833,WB-105,2026-09-15 08:28:26,218,215,169,24.3,26.9,1.12,0.0753,28.37,Moderate Risk
1834,WB-107,2026-09-27 08:13:26,232,221,166,33.7,27.9,3.43,0.0574,6.06,Low Risk
1835,WB-107,2026-09-07 09:36:26,95,96,75,18.6,60.9,11.76,0.5968,33.22,Moderate Risk
1836,WB-110,2026-09-19 16:47:26,20,26,21,29.1,87.5,8.31,0.8999,69.61,High Risk
1837,WB-109,2026-09-07 12:26:26,202,203,146,38.4,79.6,3.63,0.1504,9.91,Low Risk
1838,WB-106,2026-10-01 11:17:26,106,98,84,43.7,81.7,9.33,0.5749,20.54,Moderate Risk
1839,WB-106,2026-09-07 16:01:26,118,103,86,20.9,37.1,10.91,0.5326,35.66,Moderate Risk
1840,WB-104,2026-09-12 16:45:26,162,177,127,43.8,32.4,6.61,0.2851,17.47,Low Risk
1841,WB-105,2026-09-10 10:42:26,191,182,130,34.6,40.1,3.27,0.2324,26.48,Moderate Risk
1842,WB-110,2026-09-19 20:37:26,240,218,171,36.0,87.6,1.35,0.0413,7.02,Low Risk
1843,WB-105,2026-09-18 13:03:26,191,180,140,27.2,57.4,11.6,0.2384,8.68,Low Risk
1844,WB-104,2026-09-20 11:40:26,114,108,79,21.2,78.3,2.51,0.5409,85.07,Hazardous
1845,WB-101,2026-09-28 01:09:26,122,112,97,21.7,78.4,3.13,0.5046,64.44,High Risk
1846,WB-109,2026-09-13 22:08:26,168,174,124,32.4,54.1,4.19,0.2823,23.61,Moderate Risk
1847,WB-108,2026-09-16 06:19:26,196,175,147,40.6,61.9,3.64,0.2042,14.29,Low Risk
1848,WB-108,2026-10-03 09:11:26,216,212,155,44.8,55.5,0.78,0.1195,30.46,Moderate Risk
1849,WB-110,2026-09-13 20:50:26,225,210,163,16.8,33.3,5.63,0.0904,9.43,Low Risk
1850,WB-104,2026-09-23 23:44:26,173,158,130,25.0,37.1,9.88,0.2971,17.06,Low Risk
1851,WB-107,2026-09-27 23:14:26,85,83,60,23.8,59.9,11.81,0.6559,34.51,Moderate Risk
1852,WB-101,2026-10-04 01:21:26,223,221,160,31.9,20.4,8.7,0.0768,4.54,Safe
1853,WB-108,2026-09-28 23:33:26,189,181,134,34.5,30.1,7.34,0.2293,14.04,Low Risk
1854,WB-110,2026-09-24 20:49:26,230,230,182,18.5,28.9,1.33,0.058,17.29,Low Risk
1855,WB-110,2026-09-30 14:54:26,194,177,151,41.2,80.5,6.64,0.2107,7.99,Low Risk
1856,WB-110,2026-09-18 14:32:26,237,210,181,20.1,25.2,1.87,0.0793,18.66,Low Risk
1857,WB-101,2026-09-15 21:58:26,71,60,51,35.0,88.2,7.47,0.7306,40.72,Moderate Risk
1858,WB-104,2026-09-19 10:38:26,220,197,158,24.1,37.8,1.07,0.1124,39.18,Moderate Risk
1859,WB-108,2026-09-27 13:50:26,192,185,141,32.2,40.1,8.12,0.2286,11.72,Low Risk
1860,WB-105,2026-09-11 17:30:26,196,194,145,33.1,33.8,2.58,0.2143,31.66,Moderate Risk
1861,WB-110,2026-10-01 17:08:26,201,204,158,17.3,44.1,3.94,0.1575,19.3,Low Risk
1862,WB-105,2026-09-07 15:41:26,151,148,123,28.3,40.3,5.31,0.351,31.87,Moderate Risk
1863,WB-103,2026-09-06 00:33:26,186,175,144,23.0,23.6,1.85,0.239,64.34,High Risk
1864,WB-107,2026-10-02 21:18:26,199,175,151,34.1,57.5,7.35,0.2215,9.72,Low Risk
1865,WB-107,2026-09-17 23:38:26,165,160,133,17.1,50.1,9.03,0.3138,19.68,Low Risk
1866,WB-105,2026-09-15 12:16:26,247,239,174,15.3,57.3,3.07,0.0154,0.76,Safe
1867,WB-108,2026-09-10 12:11:26,146,153,109,15.3,60.9,10.51,0.3767,20.65,Moderate Risk
1868,WB-109,2026-09-27 00:25:26,88,83,61,34.4,76.4,11.38,0.6594,25.62,Moderate Risk
1869,WB-105,2026-09-13 18:04:26,200,190,148,33.9,89.2,11.05,0.165,3.97,Safe
1870,WB-103,2026-10-01 08:30:26,135,137,99,38.2,25.7,10.41,0.4256,23.3,Moderate Risk
1871,WB-109,2026-09-08 21:40:26,76,77,63,16.4,82.4,4.89,0.6688,77.35,High Risk
1872,WB-109,2026-09-06 04:06:26,205,212,171,36.8,25.7,5.69,0.1325,9.34,Low Risk
1873,WB-102,2026-09-08 13:27:26,20,17,14,41.8,72.7,7.78,0.9198,72.38,High Risk
1874,WB-104,2026-09-09 17:58:26,199,180,145,45.0,74.4,11.64,0.1975,4.31,Safe
1875,WB-107,2026-09-17 01:47:26,197,185,152,23.7,89.5,3.14,0.2173,19.07,Low Risk
1876,WB-110,2026-09-27 00:25:26,221,206,163,22.6,64.3,1.33,0.1099,22.65,Moderate Risk
1877,WB-110,2026-09-20 19:30:26,195,188,152,26.9,33.2,8.45,0.1953,11.42,Low Risk
1878,WB-107,2026-09-18 06:06:26,236,219,174,16.2,75.9,9.47,0.083,3.43,Safe
1879,WB-104,2026-09-20 07:58:26,104,104,68,43.9,42.7,8.41,0.5818,32.48,Moderate Risk
1880,WB-104,2026-09-15 20:08:26,196,189,136,38.9,25.7,2.68,0.2242,31.59,Moderate Risk
1881,WB-108,2026-09-17 07:18:26,176,157,122,21.7,79.7,2.86,0.3043,33.88,Moderate Risk
1882,WB-103,2026-09-24 12:44:26,205,185,151,22.1,74.5,7.47,0.176,9.01,Low Risk
1883,WB-101,2026-09-24 11:29:26,238,219,166,15.6,28.6,3.32,0.0409,6.39,Low Risk
1884,WB-109,2026-09-08 13:37:26,233,232,183,18.8,38.2,1.69,0.0102,2.44,Safe
1885,WB-101,2026-09-30 23:11:26,181,176,147,15.9,25.8,11.36,0.2683,18.81,Low Risk
1886,WB-107,2026-09-10 23:01:26,179,167,126,39.3,46.6,10.14,0.2747,10.12,Low Risk
1887,WB-109,2026-09-10 17:19:26,208,193,163,18.0,58.8,4.27,0.1608,16.32,Low Risk
1888,WB-103,2026-09-13 14:27:26,111,105,86,38.7,49.0,7.29,0.5582,34.5,Moderate Risk
1889,WB-104,2026-09-12 03:00:26,132,127,105,27.6,65.6,6.06,0.4402,29.87,Moderate Risk
1890,WB-106,2026-10-02 03:43:26,230,227,167,43.5,82.6,6.4,0.065,2.03,Safe
1891,WB-102,2026-09-16 00:36:26,212,211,160,27.4,77.2,4.96,0.1344,7.34,Low Risk
1892,WB-110,2026-09-27 08:43:26,216,204,158,28.3,73.0,3.72,0.1245,8.96,Low Risk
1893,WB-106,2026-09-14 21:33:26,93,79,68,44.2,36.3,9.91,0.6492,35.36,Moderate Risk
1894,WB-106,2026-09-22 07:20:26,89,88,68,27.7,49.6,9.24,0.6391,41.16,Moderate Risk
1895,WB-105,2026-09-24 12:38:26,131,125,100,35.3,41.4,10.72,0.4561,21.01,Moderate Risk
1896,WB-108,2026-09-11 08:43:26,225,213,156,28.8,50.4,8.46,0.0939,4.5,Safe
1897,WB-103,2026-09-24 08:45:26,250,214,187,24.7,31.4,1.19,0.021,5.75,Low Risk
1898,WB-106,2026-09-23 23:38:26,179,170,126,42.6,51.2,6.08,0.2579,13.41,Low Risk
1899,WB-109,2026-10-01 23:31:26,61,59,45,41.6,38.6,5.05,0.7456,83.33,Hazardous
1900,WB-101,2026-09-18 22:23:26,231,233,171,25.9,38.5,0.57,0.033,16.6,Low Risk
1901,WB-107,2026-09-08 00:36:26,123,122,98,42.0,82.5,1.77,0.4868,64.03,High Risk
1902,WB-101,2026-09-10 10:56:26,141,130,105,30.2,87.0,11.69,0.4236,12.58,Low Risk
1903,WB-104,2026-09-11 07:45:26,243,227,172,24.3,73.0,6.92,0.0151,0.61,Safe
1904,WB-107,2026-09-26 09:36:26,224,209,175,40.1,39.6,1.12,0.0863,21.32,Moderate Risk
1905,WB-107,2026-09-21 03:48:26,228,214,172,24.3,53.5,0.72,0.0469,16.59,Low Risk
1906,WB-102,2026-09-09 14:26:26,178,158,132,26.5,22.0,6.86,0.2833,25.92,Moderate Risk
1907,WB-104,2026-09-24 06:26:26,238,227,186,39.4,83.3,0.84,0.0145,2.97,Safe
1908,WB-102,2026-09-08 17:09:26,120,105,77,38.5,26.5,10.65,0.5429,30.63,Moderate Risk
1909,WB-103,2026-09-15 19:28:26,48,49,38,28.4,53.7,11.34,0.7987,52.02,High Risk
1910,WB-108,2026-09-20 11:02:26,93,83,63,21.9,23.4,8.59,0.6282,64.03,High Risk
1911,WB-104,2026-09-05 10:39:26,217,201,155,37.8,46.1,2.3,0.1477,18.62,Low Risk
1912,WB-106,2026-10-04 12:07:26,158,151,119,39.1,57.3,5.0,0.34,21.44,Moderate Risk
1913,WB-110,2026-10-04 15:11:26,218,195,152,26.2,82.6,2.87,0.1279,10.91,Low Risk
1914,WB-103,2026-09-10 07:35:26,69,73,45,34.7,52.8,5.77,0.7151,64.69,High Risk
1915,WB-105,2026-09-05 20:10:26,227,204,156,16.4,69.6,8.78,0.0917,3.95,Safe
1916,WB-110,2026-09-12 04:44:26,158,159,108,29.0,87.0,10.61,0.3562,11.43,Low Risk
1917,WB-103,2026-09-28 07:16:26,163,163,110,26.6,44.4,2.85,0.3402,49.14,Moderate Risk
1918,WB-109,2026-09-15 17:13:26,224,191,158,32.4,80.3,1.67,0.1266,17.33,Low Risk
1919,WB-107,2026-09-22 08:25:26,192,171,136,33.6,36.7,8.63,0.2329,12.04,Low Risk
1920,WB-105,2026-09-12 22:54:26,133,133,101,35.6,81.7,4.37,0.4397,29.79,Moderate Risk
1921,WB-104,2026-09-10 07:33:26,223,198,154,35.9,20.8,7.83,0.1234,7.71,Low Risk
1922,WB-106,2026-10-03 03:45:26,82,79,65,21.1,46.7,6.94,0.6739,69.58,High Risk
1923,WB-109,2026-09-30 05:27:26,169,158,127,23.9,37.4,6.09,0.312,26.82,Moderate Risk
1924,WB-105,2026-10-04 02:07:26,214,200,154,17.0,47.6,10.1,0.1686,9.17,Low Risk
1925,WB-109,2026-09-21 04:15:26,156,150,127,36.9,33.2,9.35,0.3578,18.57,Low Risk
1926,WB-107,2026-09-27 17:28:26,133,130,95,24.4,28.7,5.31,0.4531,53.55,High Risk
1927,WB-110,2026-09-26 08:47:26,165,149,129,23.7,88.8,7.32,0.3249,14.92,Low Risk
1928,WB-105,2026-09-29 14:38:26,67,65,51,26.3,69.5,10.13,0.7171,40.58,Moderate Risk
1929,WB-101,2026-09-27 15:33:26,111,109,81,18.7,78.7,9.23,0.5338,29.27,Moderate Risk
1930,WB-102,2026-09-21 19:01:26,160,153,126,31.2,32.0,5.17,0.361,34.39,Moderate Risk
1931,WB-103,2026-09-20 20:01:26,182,168,136,28.7,72.3,7.21,0.2502,11.92,Low Risk
1932,WB-105,2026-09-14 23:56:26,215,199,169,27.5,44.2,1.16,0.1398,39.28,Moderate Risk
1933,WB-105,2026-09-08 08:50:26,154,139,112,18.0,32.2,8.32,0.3722,30.92,Moderate Risk
1934,WB-106,2026-09-18 06:00:26,74,70,54,21.7,27.7,9.26,0.7011,72.54,High Risk
1935,WB-102,2026-09-24 07:43:26,91,75,59,17.4,73.6,5.0,0.6494,72.67,High Risk
1936,WB-101,2026-09-05 15:52:26,138,126,95,30.4,83.8,6.39,0.4393,21.97,Moderate Risk
1937,WB-110,2026-10-03 12:28:26,193,184,146,41.0,35.3,1.1,0.2306,60.36,High Risk
1938,WB-102,2026-09-06 16:16:26,152,162,128,16.9,34.0,7.71,0.3493,30.05,Moderate Risk
1939,WB-110,2026-09-13 05:00:26,125,115,100,36.2,51.4,4.08,0.4764,44.05,Moderate Risk
1940,WB-104,2026-09-19 16:38:26,153,142,109,24.6,59.4,5.13,0.3932,32.41,Moderate Risk
1941,WB-102,2026-09-06 14:23:26,188,191,149,17.7,79.7,6.65,0.2156,11.83,Low Risk
1942,WB-102,2026-10-02 21:45:26,65,55,52,29.4,67.4,6.36,0.7407,60.91,High Risk
1943,WB-107,2026-09-12 08:58:26,212,206,150,19.0,20.4,3.73,0.1611,24.91,Moderate Risk
1944,WB-107,2026-10-04 17:19:26,208,203,153,34.4,45.1,6.91,0.1106,5.91,Low Risk
1945,WB-103,2026-10-01 12:19:26,201,189,157,26.6,77.1,3.06,0.1888,17.54,Low Risk
1946,WB-102,2026-09-25 08:21:26,224,223,166,23.4,26.7,3.41,0.0879,11.28,Low Risk
1947,WB-104,2026-09-29 18:09:26,141,139,109,37.9,24.3,11.97,0.4138,19.05,Low Risk
1948,WB-109,2026-09-24 19:01:26,210,207,161,25.5,26.0,2.64,0.1424,24.28,Moderate Risk
1949,WB-107,2026-09-09 09:09:26,20,15,10,42.5,53.5,10.98,0.9346,98.97,Hazardous
1950,WB-109,2026-10-01 11:50:26,117,107,93,19.5,79.8,7.61,0.5133,32.25,Moderate Risk
1951,WB-110,2026-09-07 09:13:26,175,168,120,33.3,77.6,2.58,0.2793,27.56,Moderate Risk
1952,WB-110,2026-09-05 08:28:26,187,173,134,34.2,73.9,2.48,0.2417,23.69,Moderate Risk
1953,WB-107,2026-09-10 15:44:26,141,138,109,32.1,72.8,1.64,0.4098,69.88,High Risk
1954,WB-108,2026-09-12 06:13:26,187,184,135,18.8,85.1,4.17,0.2022,16.75,Low Risk
1955,WB-108,2026-09-21 14:28:26,159,153,129,26.7,45.9,8.27,0.345,20.34,Moderate Risk
1956,WB-101,2026-09-16 16:53:26,56,57,38,29.4,24.4,11.44,0.7718,66.64,High Risk
1957,WB-110,2026-09-19 19:57:26,132,123,103,41.9,43.3,7.15,0.4643,27.91,Moderate Risk
1958,WB-105,2026-09-17 11:21:26,126,115,83,35.1,52.9,5.54,0.4891,36.51,Moderate Risk
1959,WB-102,2026-09-11 06:06:26,40,39,27,33.1,88.9,3.86,0.8405,99.84,Hazardous
1960,WB-105,2026-10-04 07:02:26,210,205,160,40.8,49.5,4.4,0.122,7.68,Low Risk
1961,WB-109,2026-09-18 12:04:26,209,209,162,22.2,31.5,2.33,0.138,27.78,Moderate Risk
1962,WB-104,2026-09-21 22:58:26,132,121,93,32.8,59.5,4.99,0.4529,33.16,Moderate Risk
1963,WB-102,2026-09-08 04:42:26,145,126,103,30.1,73.0,5.01,0.431,28.94,Moderate Risk
1964,WB-102,2026-09-20 01:51:26,168,157,133,33.6,55.4,3.93,0.3039,25.75,Moderate Risk
1965,WB-102,2026-10-04 12:45:26,37,29,27,43.9,27.5,11.83,0.8597,62.5,High Risk
1966,WB-103,2026-09-24 06:21:26,238,210,180,24.0,22.7,2.19,0.0488,11.74,Low Risk
1967,WB-102,2026-10-01 07:07:26,219,199,166,31.8,48.1,3.27,0.0953,8.15,Low Risk
1968,WB-101,2026-10-03 21:17:26,215,198,159,17.9,38.8,0.83,0.1492,74.51,High Risk
1969,WB-109,2026-09-19 23:30:26,20,16,17,24.9,69.6,11.52,0.9197,76.48,High Risk
1970,WB-101,2026-09-28 15:13:26,255,226,176,25.2,30.5,7.45,0.0061,0.15,Safe
1971,WB-108,2026-09-20 12:50:26,185,173,132,23.9,48.4,10.52,0.2671,12.9,Low Risk
1972,WB-102,2026-09-09 16:46:26,232,211,173,35.7,27.2,3.31,0.0778,9.64,Low Risk
1973,WB-101,2026-09-29 09:04:26,35,38,26,29.5,83.0,7.3,0.8507,66.97,High Risk
1974,WB-105,2026-09-18 08:15:26,31,25,22,35.1,61.5,7.96,0.8827,80.58,Hazardous
1975,WB-110,2026-10-04 03:16:26,225,218,162,23.8,30.3,1.99,0.0636,11.48,Low Risk
1976,WB-103,2026-09-14 07:53:26,68,59,50,16.3,52.8,9.16,0.7336,67.43,High Risk
1977,WB-102,2026-09-24 21:12:26,120,120,81,42.4,47.2,6.42,0.5174,32.47,Moderate Risk
1978,WB-102,2026-09-11 20:11:26,190,184,140,37.0,21.5,8.4,0.2363,14.79,Low Risk
1979,WB-108,2026-09-24 14:31:26,169,175,123,30.0,69.0,0.86,0.2923,85.04,Hazardous
1980,WB-110,2026-09-22 21:27:26,177,163,128,37.7,56.8,4.22,0.3053,22.43,Moderate Risk
1981,WB-107,2026-10-02 13:25:26,100,100,76,37.6,50.4,4.7,0.5702,49.44,Moderate Risk
1982,WB-105,2026-09-14 10:42:26,190,179,143,35.2,52.0,1.43,0.2004,39.89,Moderate Risk
1983,WB-108,2026-09-21 12:28:26,30,25,21,44.4,37.1,7.51,0.8834,87.13,Hazardous
1984,WB-108,2026-09-10 09:36:26,202,200,165,19.6,35.3,1.18,0.1513,55.74,High Risk
1985,WB-109,2026-09-15 22:15:26,23,22,17,38.5,55.1,7.96,0.9061,87.69,Hazardous
1986,WB-109,2026-09-10 05:25:26,194,177,147,37.3,81.6,5.39,0.231,10.65,Low Risk
1987,WB-106,2026-09-27 09:43:26,228,211,184,37.2,89.0,0.89,0.0809,14.98,Low Risk
1988,WB-101,2026-09-08 09:10:26,77,79,59,16.6,66.1,4.58,0.6739,90.18,Hazardous
1989,WB-107,2026-09-12 13:24:26,236,228,172,16.5,32.0,1.67,0.0136,0.9,Safe
1990,WB-103,2026-09-13 00:17:26,202,187,148,33.5,85.6,6.45,0.1843,7.47,Low Risk
1991,WB-103,2026-09-05 11:23:26,111,109,91,43.4,31.7,3.51,0.5357,68.69,High Risk
1992,WB-102,2026-10-01 07:44:26,145,146,102,33.4,65.3,11.67,0.4007,13.31,Low Risk
1993,WB-108,2026-09-19 21:47:26,218,204,164,38.4,51.6,11.81,0.1089,3.22,Safe
1994,WB-105,2026-09-07 21:52:26,222,206,178,36.0,88.0,0.79,0.0942,19.22,Low Risk
1995,WB-103,2026-09-14 22:18:26,75,78,56,23.3,24.4,9.38,0.6776,66.99,High Risk
1996,WB-104,2026-10-01 10:58:26,186,186,130,38.7,22.8,9.94,0.2365,12.54,Low Risk
1997,WB-109,2026-09-20 07:50:26,130,123,95,28.8,27.7,11.93,0.4877,27.35,Moderate Risk
1998,WB-102,2026-09-13 13:29:26,139,135,109,38.9,22.6,9.77,0.4148,22.99,Moderate Risk
1999,WB-107,2026-09-16 17:46:26,213,205,148,17.0,28.9,1.87,0.1667,46.71,Moderate Risk
2000,WB-109,2026-09-29 14:16:26,146,147,106,38.2,74.7,3.15,0.382,32.22,Moderate Risk
