record_id,device_id,timestamp,red_value,green_value,blue_value,temperature,humidity,exposure_time,sensor_response,exposure_level,risk_class
1,WB-107,2026-09-15 18:56:42,209,214,166,43.5,71.2,7.38,0.1154,3.53,Low
2,WB-106,2026-09-09 06:17:42,214,206,169,28.0,40.4,7.54,0.1173,6.17,Low
3,WB-109,2026-09-12 17:35:42,156,145,111,40.8,67.6,5.68,0.3626,18.78,Low
4,WB-108,2026-10-03 06:55:42,192,173,155,42.3,38.1,8.12,0.2235,10.59,Low
5,WB-108,2026-10-02 20:58:42,237,218,171,20.9,23.2,4.24,0.05,5.76,Low
6,WB-103,2026-09-13 14:47:42,207,199,158,17.2,45.1,1.83,0.124,29.89,Moderate
7,WB-103,2026-09-08 07:57:42,84,87,63,26.5,88.0,10.26,0.6383,27.66,Moderate
8,WB-104,2026-09-17 10:02:42,179,167,143,19.2,62.3,6.71,0.2817,18.79,Low
9,WB-105,2026-09-06 16:34:42,174,175,130,28.7,35.3,5.29,0.2775,23.65,Moderate
10,WB-105,2026-09-27 00:29:42,193,176,156,18.6,43.6,11.34,0.2249,10.56,Low
11,WB-101,2026-09-24 01:49:42,220,202,160,23.0,88.4,5.23,0.1322,7.19,Low
12,WB-108,2026-09-13 15:09:42,147,133,101,36.8,45.7,7.77,0.4186,22.7,Moderate
13,WB-104,2026-09-09 08:47:42,170,163,135,36.3,76.7,4.51,0.3026,18.75,Low
14,WB-110,2026-09-25 20:47:42,222,215,165,21.9,32.2,11.79,0.1222,5.56,Low
15,WB-109,2026-10-04 10:23:42,90,89,73,36.8,82.8,10.7,0.6233,22.52,Moderate
16,WB-109,2026-09-24 17:04:42,142,128,95,36.4,36.6,4.24,0.4429,45.39,Moderate
17,WB-106,2026-09-07 04:57:42,192,182,133,29.6,83.4,5.5,0.2398,13.02,Low
18,WB-105,2026-09-27 11:36:42,54,49,42,15.5,85.0,5.42,0.7823,92.65,High
19,WB-109,2026-09-27 13:26:42,176,155,130,43.1,68.7,7.06,0.3056,12.43,Low
20,WB-107,2026-09-08 20:22:42,59,54,44,39.3,76.7,10.47,0.7685,35.0,Moderate
21,WB-107,2026-09-14 03:04:42,234,217,181,32.4,50.7,8.23,0.0859,3.51,Low
22,WB-105,2026-09-19 19:47:42,215,214,159,17.6,23.6,6.61,0.1345,12.87,Low
23,WB-103,2026-09-24 10:32:42,227,204,183,37.3,37.6,2.62,0.0804,8.81,Low
24,WB-107,2026-09-25 05:16:42,219,192,152,31.6,62.8,5.33,0.1258,7.41,Low
25,WB-110,2026-09-29 07:08:42,100,91,71,39.2,44.2,5.84,0.5967,48.38,Moderate
26,WB-108,2026-10-01 15:47:42,63,65,52,43.3,80.7,7.82,0.7323,37.14,Moderate
27,WB-108,2026-09-07 12:54:42,248,224,185,21.2,39.2,2.97,0.0127,1.26,Low
28,WB-107,2026-09-07 02:08:42,192,181,142,35.8,44.4,11.27,0.2322,8.61,Low
29,WB-103,2026-09-19 00:44:42,169,157,115,18.8,37.5,7.18,0.3361,27.13,Moderate
30,WB-103,2026-09-14 11:44:42,228,207,169,15.3,83.4,1.55,0.1082,18.93,Low
31,WB-109,2026-09-26 19:28:42,68,69,54,35.2,72.7,9.6,0.7076,34.78,Moderate
32,WB-106,2026-09-05 21:23:42,156,149,126,27.8,35.6,5.06,0.3568,35.35,Moderate
33,WB-107,2026-09-30 13:41:42,203,186,152,32.8,44.5,8.64,0.1743,7.83,Low
34,WB-104,2026-09-13 22:17:42,181,171,140,39.7,72.1,8.33,0.246,8.26,Low
35,WB-105,2026-09-19 02:20:42,147,142,107,30.8,89.5,1.35,0.4077,76.15,High
36,WB-105,2026-09-25 10:44:42,225,212,166,20.1,65.3,4.97,0.0756,5.66,Low
37,WB-103,2026-09-08 18:54:42,141,132,103,27.5,60.7,11.07,0.4237,17.51,Low
38,WB-101,2026-09-18 23:25:42,209,204,165,29.1,49.0,3.64,0.1697,17.28,Low
39,WB-105,2026-09-08 03:50:42,174,164,136,40.5,37.3,5.68,0.2851,19.01,Low
40,WB-102,2026-10-04 18:26:42,67,66,53,39.9,41.5,9.89,0.7188,43.68,Moderate
41,WB-103,2026-09-15 18:42:42,121,115,93,33.5,88.6,7.49,0.5066,22.72,Moderate
42,WB-104,2026-09-18 14:37:42,158,142,111,29.8,38.1,5.78,0.3637,29.83,Moderate
43,WB-108,2026-10-03 11:01:42,208,196,156,41.9,53.2,8.18,0.1228,4.23,Low
44,WB-110,2026-09-16 03:03:42,174,155,125,16.2,76.0,7.72,0.305,17.45,Low
45,WB-104,2026-09-05 00:43:42,206,181,151,26.1,53.9,7.61,0.1703,9.47,Low
46,WB-102,2026-10-02 21:42:42,208,180,149,25.6,47.8,1.71,0.1865,36.86,Moderate
47,WB-109,2026-10-04 09:04:42,125,116,88,25.7,65.4,6.02,0.5032,36.68,Moderate
48,WB-106,2026-09-07 11:13:42,232,203,179,43.0,20.5,3.09,0.0814,9.96,Low
49,WB-104,2026-09-20 08:11:42,125,114,99,39.5,38.1,2.47,0.4929,77.84,High
50,WB-101,2026-10-01 22:32:42,164,151,126,18.4,62.7,3.82,0.3184,34.39,Moderate
51,WB-105,2026-09-18 03:57:42,114,104,91,18.5,53.1,7.47,0.5443,45.44,Moderate
52,WB-105,2026-09-26 00:24:42,146,128,110,19.9,31.5,9.87,0.4327,30.73,Moderate
53,WB-103,2026-09-10 05:45:42,167,163,138,24.0,72.3,6.28,0.3051,17.95,Low
54,WB-108,2026-09-26 12:54:42,170,153,119,19.2,75.6,7.63,0.3241,17.84,Low
55,WB-104,2026-09-18 00:50:42,181,167,131,36.4,54.6,9.18,0.2766,10.91,Low
56,WB-102,2026-09-16 06:19:42,60,59,43,33.0,59.6,8.74,0.7509,48.68,Moderate
57,WB-110,2026-09-12 00:41:42,218,206,144,19.2,27.1,3.44,0.1443,23.06,Moderate
58,WB-103,2026-10-02 13:45:42,204,190,165,18.1,78.8,10.97,0.1506,5.08,Low
59,WB-103,2026-09-06 16:49:42,186,182,154,26.4,72.1,2.86,0.2352,23.42,Moderate
60,WB-103,2026-09-06 04:51:42,197,195,159,20.0,22.4,4.08,0.1793,26.58,Moderate
61,WB-106,2026-09-26 11:36:42,227,219,167,31.1,32.9,3.95,0.0768,8.21,Low
62,WB-103,2026-09-17 15:10:42,199,194,141,23.8,70.0,6.57,0.1874,9.83,Low
63,WB-103,2026-09-13 21:48:42,31,28,29,23.2,82.8,6.56,0.8685,91.99,High
64,WB-109,2026-09-18 11:55:42,64,58,49,32.1,82.1,6.9,0.7508,49.56,Moderate
65,WB-102,2026-09-09 02:11:42,128,128,103,34.0,71.5,10.25,0.4742,17.5,Low
66,WB-107,2026-09-14 22:57:42,115,100,84,25.4,74.2,4.67,0.5473,49.14,Moderate
67,WB-101,2026-09-24 15:10:42,183,178,136,15.7,38.8,6.73,0.2713,24.17,Moderate
68,WB-106,2026-09-23 07:58:42,230,240,194,31.6,65.6,10.04,0.0184,0.71,Low
69,WB-109,2026-09-10 19:47:42,134,121,92,32.2,78.7,5.15,0.4674,30.58,Moderate
70,WB-108,2026-09-24 19:10:42,234,213,183,26.9,86.8,2.05,0.0528,5.74,Low
71,WB-102,2026-09-05 21:05:42,148,138,108,25.3,44.6,5.25,0.3731,33.74,Moderate
72,WB-101,2026-09-19 01:12:42,67,59,48,31.3,81.1,8.92,0.7375,40.7,Moderate
73,WB-107,2026-09-20 07:18:42,202,193,148,32.0,84.1,0.89,0.2041,47.64,Moderate
74,WB-101,2026-09-21 12:58:42,221,219,154,32.9,36.1,1.89,0.0888,14.01,Low
75,WB-106,2026-09-10 01:45:42,246,214,192,33.8,82.0,7.58,0.0257,0.97,Low
76,WB-105,2026-09-13 20:05:42,220,211,153,32.4,39.0,5.08,0.1068,7.03,Low
77,WB-102,2026-09-27 16:14:42,236,212,187,22.0,22.9,0.71,0.0558,31.49,Moderate
78,WB-102,2026-09-21 16:03:42,75,70,53,44.7,36.2,11.34,0.6909,35.33,Moderate
79,WB-106,2026-09-15 20:17:42,42,40,31,16.7,87.8,10.66,0.832,58.69,High
80,WB-109,2026-09-30 19:44:42,234,228,185,32.4,26.4,10.59,0.0657,3.01,Low
81,WB-105,2026-09-15 15:26:42,190,191,142,27.3,46.1,3.49,0.1939,22.42,Moderate
82,WB-110,2026-09-05 22:12:42,50,46,36,34.9,58.1,10.44,0.7933,45.96,Moderate
83,WB-105,2026-09-19 04:11:42,72,71,50,36.0,33.2,10.64,0.7042,46.28,Moderate
84,WB-101,2026-09-29 00:13:42,221,216,184,18.5,46.4,0.6,0.0611,28.47,Moderate
85,WB-105,2026-09-08 08:25:42,90,79,56,38.7,32.2,9.36,0.6553,43.05,Moderate
86,WB-101,2026-09-10 05:54:42,236,232,167,26.2,77.3,3.4,0.0394,3.58,Low
87,WB-104,2026-09-14 00:42:42,112,111,86,21.9,29.2,10.48,0.5545,41.86,Moderate
88,WB-106,2026-09-18 16:43:42,95,92,65,37.4,34.0,10.48,0.6099,34.1,Moderate
89,WB-107,2026-09-16 20:44:42,166,162,131,23.8,83.8,11.63,0.3026,9.46,Low
90,WB-106,2026-09-08 08:50:42,141,133,116,24.8,61.3,5.48,0.4246,33.89,Moderate
91,WB-109,2026-09-19 02:42:42,223,198,168,42.2,70.7,9.12,0.0957,2.49,Low
92,WB-109,2026-09-17 13:14:42,223,220,161,16.0,25.5,5.06,0.0915,11.51,Low
93,WB-106,2026-09-17 15:01:42,57,50,46,43.1,23.6,6.72,0.773,85.7,High
94,WB-109,2026-09-25 08:06:42,93,90,77,28.2,70.7,7.32,0.6094,38.41,Moderate
95,WB-103,2026-09-21 17:44:42,86,83,62,31.7,70.3,3.13,0.6436,82.52,High
96,WB-104,2026-09-13 17:04:42,190,171,142,37.1,73.7,6.31,0.2254,10.47,Low
97,WB-104,2026-09-13 07:02:42,219,190,162,44.8,39.9,4.63,0.1489,9.54,Low
98,WB-102,2026-09-27 20:03:42,226,213,170,27.4,24.8,5.53,0.0927,8.36,Low
99,WB-109,2026-09-23 07:17:42,213,203,182,27.0,80.1,0.6,0.0968,31.86,Moderate
100,WB-109,2026-10-04 03:41:42,188,186,141,28.5,61.2,11.41,0.2178,7.47,Low
101,WB-108,2026-09-22 23:36:42,247,215,170,28.4,80.5,6.92,0.0347,1.16,Low
102,WB-105,2026-09-25 13:17:42,191,180,142,30.2,22.9,2.21,0.2522,50.25,High
103,WB-102,2026-09-11 03:31:42,229,226,193,35.0,29.8,0.84,0.04,14.17,Low
104,WB-106,2026-10-01 05:07:42,28,27,24,43.3,67.8,6.22,0.882,78.53,High
105,WB-105,2026-10-04 04:28:42,98,95,75,34.5,27.5,8.07,0.6049,49.22,Moderate
106,WB-104,2026-09-23 00:34:42,129,122,97,28.1,83.1,10.6,0.4723,17.36,Low
107,WB-110,2026-09-30 21:55:42,124,123,97,31.9,46.6,6.81,0.4667,33.29,Moderate
108,WB-108,2026-09-29 13:32:42,212,197,154,40.4,84.0,9.86,0.1417,3.39,Low
109,WB-102,2026-09-23 13:28:42,226,202,174,43.7,21.3,2.75,0.1106,13.06,Low
110,WB-104,2026-09-23 15:38:42,190,172,138,24.2,76.2,6.7,0.2408,12.34,Low
111,WB-110,2026-09-25 11:15:42,170,166,129,30.8,69.6,1.73,0.3073,48.79,Moderate
112,WB-106,2026-09-28 11:29:42,162,144,114,41.5,36.0,2.94,0.3626,45.11,Moderate
113,WB-103,2026-09-30 03:12:42,186,187,154,27.7,66.7,1.6,0.2166,37.54,Moderate
114,WB-107,2026-09-21 06:52:42,224,215,173,34.1,38.0,7.77,0.0807,3.25,Low
115,WB-109,2026-09-27 09:17:42,100,97,75,15.5,43.9,9.92,0.5919,47.08,Moderate
116,WB-107,2026-09-09 11:25:42,191,172,140,40.0,66.9,1.3,0.2357,37.73,Moderate
117,WB-103,2026-09-11 13:07:42,135,128,98,29.0,24.2,6.97,0.4406,40.63,Moderate
118,WB-104,2026-09-12 06:55:42,181,173,142,42.8,36.4,5.09,0.273,19.75,Low
119,WB-102,2026-09-23 02:43:42,224,213,172,40.9,62.6,6.33,0.0533,1.72,Low
120,WB-103,2026-10-01 06:08:42,140,131,106,23.4,86.0,10.54,0.4308,15.75,Low
121,WB-106,2026-09-22 07:10:42,132,119,90,33.8,67.2,6.62,0.4755,26.34,Moderate
122,WB-110,2026-09-08 17:57:42,132,120,105,32.3,53.6,4.11,0.4735,46.86,Moderate
123,WB-102,2026-09-29 15:13:42,169,160,128,15.8,29.5,11.58,0.304,19.24,Low
124,WB-102,2026-10-01 04:08:42,226,218,170,25.9,47.1,6.99,0.0865,4.61,Low
125,WB-109,2026-09-25 12:15:42,211,201,153,17.2,74.8,3.55,0.144,13.92,Low
126,WB-106,2026-09-15 12:43:42,183,169,135,38.8,48.3,8.02,0.2515,10.69,Low
127,WB-106,2026-09-10 04:59:42,151,136,106,32.5,67.7,2.68,0.3902,44.95,Moderate
128,WB-105,2026-09-25 04:01:42,172,165,141,29.6,30.5,4.23,0.2844,31.24,Moderate
129,WB-101,2026-09-07 08:12:42,210,207,158,22.6,78.9,0.94,0.154,39.05,Moderate
130,WB-101,2026-09-20 12:35:42,214,219,172,35.4,22.9,1.48,0.0987,22.13,Moderate
131,WB-104,2026-10-01 06:39:42,228,203,151,34.8,33.0,2.5,0.1012,13.31,Low
132,WB-102,2026-09-22 13:19:42,158,146,109,18.6,63.1,9.41,0.3864,21.25,Moderate
133,WB-105,2026-10-01 22:52:42,197,175,145,37.4,76.8,8.05,0.2171,7.06,Low
134,WB-104,2026-09-12 18:16:42,168,162,130,20.9,82.1,7.93,0.3343,16.33,Low
135,WB-105,2026-09-15 22:18:42,65,62,45,40.3,71.0,9.43,0.7431,36.3,Moderate
136,WB-103,2026-09-19 02:28:42,140,130,111,25.3,48.9,9.22,0.4118,23.17,Moderate
137,WB-108,2026-10-03 12:22:42,110,102,80,31.7,76.8,9.03,0.5631,25.8,Moderate
138,WB-109,2026-09-18 06:24:42,209,196,148,15.2,73.3,0.91,0.1426,48.65,Moderate
139,WB-105,2026-09-16 16:22:42,114,117,80,26.0,51.4,8.8,0.5221,31.71,Moderate
140,WB-103,2026-09-15 23:48:42,215,202,142,18.1,35.8,8.58,0.1436,9.94,Low
141,WB-103,2026-09-13 15:14:42,120,115,85,35.9,72.2,11.79,0.5065,16.51,Low
142,WB-109,2026-09-28 06:48:42,232,230,177,24.0,32.1,7.83,0.0684,3.96,Low
143,WB-110,2026-09-29 00:46:42,94,81,71,20.0,69.0,7.24,0.6315,47.8,Moderate
144,WB-105,2026-09-22 09:00:42,212,206,153,29.5,29.3,1.43,0.1394,33.06,Moderate
145,WB-104,2026-09-14 12:36:42,238,225,194,29.2,20.9,3.75,0.0061,1.2,Low
146,WB-106,2026-10-03 20:21:42,215,203,176,29.6,22.4,1.22,0.112,35.92,Moderate
147,WB-107,2026-09-13 02:30:42,105,103,79,27.6,38.2,8.9,0.5632,39.56,Moderate
148,WB-102,2026-09-25 04:01:42,154,146,109,21.8,37.6,10.28,0.3825,23.43,Moderate
149,WB-106,2026-09-13 11:46:42,208,188,157,40.4,50.0,2.12,0.1822,22.92,Moderate
150,WB-103,2026-09-06 00:28:42,121,106,86,38.8,54.8,4.41,0.5142,42.68,Moderate
151,WB-109,2026-09-09 13:24:42,241,221,175,44.5,74.0,0.81,0.0515,9.5,Low
152,WB-103,2026-09-09 13:53:42,181,173,140,43.9,34.3,6.52,0.2696,15.88,Low
153,WB-108,2026-09-14 05:02:42,163,145,127,19.7,68.7,9.62,0.3599,17.13,Low
154,WB-104,2026-10-02 12:42:42,79,76,61,33.5,25.8,10.65,0.6814,48.92,Moderate
155,WB-106,2026-09-05 21:10:42,232,203,176,27.8,31.4,0.64,0.0836,41.51,Moderate
156,WB-103,2026-09-16 03:20:42,207,196,150,44.6,83.1,7.99,0.1857,5.43,Low
157,WB-110,2026-09-22 00:26:42,70,67,53,36.6,49.4,10.91,0.7165,38.35,Moderate
158,WB-103,2026-09-11 03:48:42,163,155,132,15.1,67.7,2.42,0.3193,53.63,High
159,WB-105,2026-09-09 05:51:42,65,66,50,37.9,48.6,9.23,0.7291,44.14,Moderate
160,WB-105,2026-09-11 02:12:42,237,217,194,18.9,48.9,9.73,0.0228,0.85,Low
161,WB-103,2026-09-18 05:51:42,223,199,172,37.6,76.3,0.71,0.1198,29.11,Moderate
162,WB-109,2026-09-09 13:17:42,221,197,176,29.1,41.1,7.38,0.111,6.32,Low
163,WB-106,2026-09-08 13:15:42,205,196,152,17.4,36.8,9.64,0.1891,11.81,Low
164,WB-108,2026-09-21 09:13:42,224,207,163,35.8,25.8,10.97,0.0734,3.17,Low
165,WB-109,2026-09-13 11:27:42,234,234,176,22.1,55.9,1.7,0.0527,9.96,Low
166,WB-109,2026-09-24 12:30:42,249,224,177,25.9,53.1,1.02,0.0257,5.87,Low
167,WB-104,2026-09-26 00:20:42,145,133,107,32.7,57.6,10.32,0.4192,16.67,Low
168,WB-109,2026-09-08 14:44:42,238,217,177,17.6,63.2,1.81,0.0649,10.34,Low
169,WB-103,2026-09-13 16:04:42,183,173,144,35.1,38.1,8.26,0.2733,14.44,Low
170,WB-104,2026-09-16 14:38:42,151,140,114,17.8,61.7,6.82,0.3952,29.6,Moderate
171,WB-110,2026-09-11 03:22:42,118,105,95,34.1,83.9,7.54,0.5187,23.6,Moderate
172,WB-110,2026-10-01 09:05:42,144,132,108,18.7,59.1,4.45,0.4267,45.28,Moderate
173,WB-110,2026-09-29 20:08:42,183,159,134,21.8,46.9,5.68,0.2724,22.96,Moderate
174,WB-105,2026-09-16 04:51:42,250,232,176,19.3,82.3,4.48,0.0091,0.99,Low
175,WB-101,2026-09-12 13:01:42,171,167,124,35.3,62.4,4.69,0.2952,19.67,Low
176,WB-104,2026-10-04 01:59:42,211,205,156,21.3,84.8,5.26,0.1119,6.58,Low
177,WB-105,2026-09-26 21:19:42,37,37,32,41.7,62.2,10.01,0.8376,48.74,Moderate
178,WB-106,2026-09-19 14:41:42,226,214,168,40.0,50.8,3.98,0.0542,4.28,Low
179,WB-103,2026-09-18 14:21:42,167,157,120,32.4,29.7,5.61,0.3524,32.01,Moderate
180,WB-105,2026-09-22 08:13:42,175,159,140,36.3,83.5,2.02,0.2791,30.57,Moderate
181,WB-108,2026-09-06 04:21:42,189,187,148,41.3,86.1,2.21,0.2225,19.53,Low
182,WB-109,2026-10-02 04:31:42,122,115,97,32.3,80.6,11.78,0.5112,16.55,Low
183,WB-104,2026-10-02 11:53:42,132,122,101,28.2,79.3,10.77,0.4666,17.64,Low
184,WB-110,2026-09-23 12:44:42,231,200,181,24.0,45.1,9.75,0.0924,4.59,Low
185,WB-107,2026-09-12 09:07:42,252,239,191,16.3,43.9,7.78,0.0095,0.61,Low
186,WB-102,2026-09-10 19:06:42,134,127,114,15.7,41.4,6.81,0.4264,40.86,Moderate
187,WB-102,2026-09-21 16:38:42,211,191,150,22.3,53.5,2.17,0.165,26.31,Moderate
188,WB-107,2026-09-06 11:09:42,243,218,188,31.5,35.3,0.89,0.0262,8.57,Low
189,WB-104,2026-09-05 22:10:42,160,154,110,17.2,67.8,3.28,0.351,44.04,Moderate
190,WB-102,2026-09-10 07:48:42,242,218,176,33.9,23.8,9.11,0.0135,0.5,Low
191,WB-102,2026-09-14 14:28:42,234,216,187,15.1,37.3,9.02,0.041,2.48,Low
192,WB-101,2026-10-03 09:38:42,199,190,134,26.3,87.5,1.53,0.202,31.59,Moderate
193,WB-105,2026-09-21 18:48:42,183,185,131,18.9,67.3,11.36,0.2505,9.72,Low
194,WB-102,2026-10-03 02:04:42,215,192,160,26.1,45.9,1.1,0.15,44.58,Moderate
195,WB-101,2026-09-24 02:08:42,207,185,155,35.3,62.5,3.9,0.1799,13.14,Low
196,WB-103,2026-09-10 00:21:42,161,163,131,39.7,74.7,6.75,0.3287,13.85,Low
197,WB-103,2026-09-21 19:33:42,160,144,114,37.1,43.1,10.92,0.3623,14.56,Low
198,WB-110,2026-09-07 12:07:42,231,216,173,32.3,25.3,4.9,0.0495,4.03,Low
199,WB-109,2026-09-18 18:34:42,154,149,122,32.1,59.8,8.12,0.3723,17.56,Low
200,WB-108,2026-09-22 00:31:42,234,222,186,36.3,85.6,7.44,0.0596,1.66,Low
201,WB-104,2026-09-13 15:42:42,156,153,125,34.3,59.3,9.43,0.3666,14.58,Low
202,WB-104,2026-09-09 16:27:42,161,149,113,35.2,38.2,4.47,0.3614,34.05,Moderate
203,WB-106,2026-09-28 18:05:42,199,183,158,43.7,57.1,3.28,0.1788,13.68,Low
204,WB-106,2026-09-05 14:17:42,134,126,102,29.4,82.8,8.26,0.4557,19.8,Low
205,WB-108,2026-09-26 00:28:42,185,179,132,43.6,56.6,3.02,0.218,18.34,Low
206,WB-102,2026-09-08 13:07:42,211,205,170,26.8,79.8,9.39,0.1414,5.0,Low
207,WB-109,2026-09-17 21:53:42,182,175,148,15.3,45.0,11.15,0.2382,12.81,Low
208,WB-103,2026-09-18 22:32:42,211,180,156,34.9,28.3,3.82,0.1821,18.34,Low
209,WB-105,2026-10-04 09:30:42,137,137,105,42.6,86.6,7.14,0.4213,15.78,Low
210,WB-109,2026-09-19 02:45:42,184,177,135,21.9,86.9,2.2,0.2556,32.9,Moderate
211,WB-107,2026-09-21 09:15:42,80,69,57,42.1,79.2,5.11,0.6824,46.58,Moderate
212,WB-104,2026-09-16 09:15:42,186,164,147,41.4,52.2,1.59,0.2627,41.73,Moderate
213,WB-105,2026-09-09 23:16:42,201,183,150,23.7,85.2,5.01,0.1775,10.82,Low
214,WB-106,2026-09-20 07:39:42,110,106,85,20.7,41.7,8.91,0.56,42.7,Moderate
215,WB-109,2026-09-19 09:16:42,38,36,30,42.1,76.5,11.83,0.8416,37.66,Moderate
216,WB-110,2026-09-23 15:49:42,185,173,128,25.9,86.4,7.77,0.2675,11.37,Low
217,WB-102,2026-09-19 02:44:42,241,215,164,20.4,26.9,9.74,0.0484,2.93,Low
218,WB-107,2026-09-30 13:16:42,186,185,132,29.9,46.6,2.37,0.2224,31.49,Moderate
219,WB-103,2026-09-08 06:58:42,227,208,177,31.4,87.7,1.09,0.0876,14.44,Low
220,WB-107,2026-09-22 22:54:42,152,150,121,41.1,67.1,9.66,0.382,12.62,Low
221,WB-105,2026-09-23 05:21:42,181,169,134,25.6,63.5,4.34,0.2676,22.04,Moderate
222,WB-104,2026-10-02 01:01:42,195,174,137,34.3,67.0,7.77,0.2226,8.62,Low
223,WB-109,2026-09-22 20:52:42,197,186,144,17.0,56.3,2.56,0.2135,32.07,Moderate
224,WB-109,2026-09-14 14:55:42,157,164,118,23.1,40.1,8.05,0.3341,22.3,Moderate
225,WB-104,2026-09-30 01:03:42,225,208,160,34.5,38.7,0.67,0.1066,40.21,Moderate
226,WB-106,2026-09-23 21:52:42,189,184,155,36.0,67.6,5.19,0.212,11.81,Low
227,WB-110,2026-09-21 17:32:42,102,106,85,21.4,66.5,6.23,0.5644,46.61,Moderate
228,WB-109,2026-09-12 01:10:42,83,82,59,36.0,34.3,8.02,0.6472,47.25,Moderate
229,WB-110,2026-09-17 00:29:42,84,76,57,35.2,25.7,11.44,0.6728,44.61,Moderate
230,WB-103,2026-09-22 05:30:42,212,208,166,26.1,84.5,7.22,0.1315,5.72,Low
231,WB-110,2026-09-07 21:59:42,231,214,171,34.1,78.4,6.24,0.0753,3.3,Low
232,WB-107,2026-09-30 02:33:42,210,208,177,29.1,22.0,2.92,0.1028,14.33,Low
233,WB-101,2026-09-29 11:50:42,42,48,35,43.3,72.3,8.79,0.8111,44.09,Moderate
234,WB-108,2026-09-09 04:37:42,104,96,79,39.8,35.1,9.81,0.568,31.17,Moderate
235,WB-109,2026-09-23 17:54:42,199,188,153,38.8,81.9,4.46,0.1647,8.54,Low
236,WB-101,2026-09-30 03:16:42,162,161,136,40.9,57.2,9.58,0.309,11.0,Low
237,WB-102,2026-09-23 10:50:42,219,217,159,20.0,37.1,3.58,0.1166,15.04,Low
238,WB-110,2026-09-10 19:41:42,122,111,94,21.1,42.9,6.79,0.5186,48.26,Moderate
239,WB-101,2026-09-15 19:11:42,191,187,149,21.1,55.5,5.32,0.1955,15.88,Low
240,WB-101,2026-09-27 22:13:42,231,222,169,41.2,34.2,1.96,0.0687,10.81,Low
241,WB-109,2026-10-04 03:16:42,225,224,185,15.5,39.7,2.89,0.0575,9.8,Low
242,WB-106,2026-09-06 11:23:42,241,230,186,21.9,86.0,0.99,0.0281,1.86,Low
243,WB-110,2026-09-10 09:27:42,151,149,114,26.4,78.2,10.19,0.3439,12.76,Low
244,WB-107,2026-09-12 20:38:42,183,170,125,37.8,21.0,2.88,0.2606,39.81,Moderate
245,WB-105,2026-09-15 21:16:42,98,87,75,38.2,79.7,6.73,0.6099,32.41,Moderate
246,WB-101,2026-09-17 23:26:42,151,143,114,19.0,51.1,5.68,0.3947,36.43,Moderate
247,WB-105,2026-09-05 11:03:42,94,85,77,32.9,38.5,8.11,0.6073,42.75,Moderate
248,WB-108,2026-09-28 01:18:42,204,203,148,38.5,50.0,2.81,0.1504,14.78,Low
249,WB-106,2026-09-29 11:24:42,94,90,68,39.8,83.2,11.24,0.6169,20.17,Moderate
250,WB-105,2026-09-29 13:19:42,166,145,131,15.5,21.2,11.04,0.3339,23.97,Moderate
251,WB-103,2026-09-12 07:17:42,112,104,79,17.1,64.7,8.93,0.5594,37.31,Moderate
252,WB-105,2026-09-29 12:56:42,90,76,67,29.8,80.3,5.8,0.6556,48.38,Moderate
253,WB-109,2026-09-14 01:09:42,136,133,110,17.1,58.8,9.1,0.4204,26.1,Moderate
254,WB-106,2026-09-06 16:31:42,44,48,34,34.2,86.7,10.64,0.8055,39.21,Moderate
255,WB-108,2026-09-21 03:34:42,128,127,91,17.5,62.5,10.63,0.4838,26.32,Moderate
256,WB-108,2026-09-28 10:19:42,199,191,155,40.4,24.4,4.36,0.2111,19.42,Low
257,WB-102,2026-09-16 22:59:42,227,215,191,21.3,36.1,5.89,0.0427,2.46,Low
258,WB-108,2026-09-28 04:10:42,235,207,183,15.6,77.9,4.7,0.075,6.37,Low
259,WB-105,2026-09-28 11:18:42,196,189,151,30.2,30.1,7.68,0.172,9.96,Low
260,WB-103,2026-09-10 10:21:42,35,29,27,40.9,42.0,6.69,0.8604,94.48,High
261,WB-106,2026-09-17 01:19:42,180,169,145,34.7,28.2,9.7,0.2663,14.05,Low
262,WB-106,2026-09-20 11:04:42,183,175,135,31.6,46.1,8.11,0.2324,11.58,Low
263,WB-106,2026-09-09 13:56:42,151,142,118,31.8,46.0,9.53,0.3895,18.71,Low
264,WB-104,2026-09-18 16:03:42,96,93,75,32.7,72.6,7.67,0.5957,31.26,Moderate
265,WB-108,2026-10-01 19:58:42,62,62,52,43.5,86.1,7.51,0.7355,37.64,Moderate
266,WB-102,2026-09-28 19:05:42,84,82,65,36.2,53.3,8.26,0.6502,39.33,Moderate
267,WB-104,2026-09-06 02:29:42,219,200,173,28.1,78.7,2.35,0.093,9.21,Low
268,WB-101,2026-09-26 05:27:42,152,151,121,39.0,47.4,9.13,0.3611,15.49,Low
269,WB-102,2026-09-21 19:45:42,228,215,172,37.5,50.2,1.51,0.0509,8.62,Low
270,WB-108,2026-09-05 13:12:42,69,60,53,40.4,86.3,10.68,0.7267,28.42,Moderate
271,WB-103,2026-09-19 21:10:42,154,156,125,23.3,30.0,4.1,0.3683,49.65,Moderate
272,WB-108,2026-09-07 03:39:42,220,215,177,19.5,87.8,5.64,0.0913,5.29,Low
273,WB-103,2026-09-07 18:28:42,240,224,174,39.5,73.0,1.14,0.0342,4.62,Low
274,WB-109,2026-09-22 23:58:42,146,135,105,20.5,43.9,5.44,0.413,41.97,Moderate
275,WB-109,2026-09-26 16:49:42,220,221,160,32.5,47.3,4.58,0.0653,4.73,Low
276,WB-110,2026-09-09 22:08:42,185,169,150,15.3,77.9,9.71,0.244,11.69,Low
277,WB-103,2026-09-08 21:59:42,183,179,128,31.0,27.2,2.48,0.2727,48.06,Moderate
278,WB-104,2026-10-04 09:12:42,83,79,57,30.7,35.3,11.88,0.6701,40.59,Moderate
279,WB-101,2026-09-30 18:53:42,165,148,113,31.7,30.9,10.1,0.3396,18.21,Low
280,WB-108,2026-09-11 06:16:42,239,224,170,18.6,85.4,8.36,0.0255,1.13,Low
281,WB-101,2026-09-08 13:09:42,216,196,148,36.4,24.8,5.3,0.1549,12.39,Low
282,WB-108,2026-09-20 17:29:42,237,224,164,26.2,37.9,1.72,0.0488,8.52,Low
283,WB-104,2026-09-30 17:13:42,215,194,152,21.6,56.3,8.67,0.1504,6.66,Low
284,WB-110,2026-09-24 04:18:42,155,141,119,30.9,67.4,5.43,0.3902,24.38,Moderate
285,WB-107,2026-09-17 14:58:42,219,199,153,22.5,79.1,6.07,0.1158,6.48,Low
286,WB-106,2026-09-24 05:19:42,123,124,102,43.4,48.0,9.51,0.4715,19.71,Low
287,WB-109,2026-09-22 11:17:42,222,200,156,20.4,63.6,3.06,0.1004,11.1,Low
288,WB-109,2026-09-28 07:17:42,248,243,171,34.9,62.2,2.37,0.0121,0.96,Low
289,WB-109,2026-09-22 13:34:42,243,217,187,16.5,22.8,7.1,0.0205,1.06,Low
290,WB-107,2026-09-08 21:38:42,165,159,114,31.3,39.3,8.66,0.3238,18.04,Low
291,WB-101,2026-09-16 12:29:42,180,177,127,21.8,77.2,11.2,0.2622,9.23,Low
292,WB-105,2026-09-21 00:25:42,204,195,142,25.0,47.6,6.59,0.1861,11.6,Low
293,WB-104,2026-09-07 13:50:42,240,215,181,27.3,67.6,1.15,0.0408,8.1,Low
294,WB-107,2026-09-26 20:31:42,104,98,79,27.3,36.8,8.23,0.5736,44.65,Moderate
295,WB-102,2026-09-26 13:29:42,72,65,46,44.8,30.9,11.87,0.7256,39.72,Moderate
296,WB-108,2026-09-27 09:49:42,228,214,184,30.0,65.1,0.77,0.0342,5.91,Low
297,WB-101,2026-09-21 07:57:42,121,108,89,29.8,33.7,8.0,0.5073,38.01,Moderate
298,WB-106,2026-10-03 15:34:42,204,210,156,22.5,65.5,2.94,0.1333,14.11,Low
299,WB-109,2026-09-19 10:48:42,96,90,72,15.8,63.6,9.78,0.6157,43.25,Moderate
300,WB-105,2026-09-26 23:20:42,205,208,169,20.0,21.7,4.67,0.1358,16.79,Low
301,WB-104,2026-09-09 19:30:42,59,53,43,30.8,68.8,10.85,0.762,40.32,Moderate
302,WB-107,2026-09-28 23:23:42,138,127,99,16.3,67.9,10.88,0.4633,23.78,Moderate
303,WB-104,2026-09-21 01:23:42,214,198,149,36.9,74.6,1.86,0.1219,14.32,Low
304,WB-109,2026-09-16 10:10:42,108,96,75,39.4,46.9,8.16,0.5644,31.66,Moderate
305,WB-103,2026-09-24 09:20:42,215,203,155,32.5,76.9,4.26,0.1383,8.31,Low
306,WB-104,2026-09-17 08:09:42,113,114,83,22.7,76.3,5.4,0.5352,43.33,Moderate
307,WB-103,2026-09-19 00:04:42,227,203,155,18.8,87.4,1.74,0.0855,11.86,Low
308,WB-110,2026-09-15 20:23:42,219,218,173,16.2,54.9,8.43,0.1082,6.47,Low
309,WB-108,2026-09-27 18:11:42,185,165,130,34.2,52.6,2.68,0.2652,30.72,Moderate
310,WB-101,2026-09-14 18:43:42,230,224,165,28.6,48.9,11.25,0.0792,2.84,Low
311,WB-104,2026-09-23 20:26:42,191,175,155,19.9,66.1,11.97,0.2135,7.38,Low
312,WB-104,2026-09-22 05:42:42,49,40,32,16.8,77.0,11.32,0.8186,57.57,High
313,WB-101,2026-09-08 21:28:42,234,229,190,26.8,31.4,8.95,0.0356,1.64,Low
314,WB-109,2026-09-05 04:08:42,157,140,115,41.4,59.1,10.5,0.3734,12.42,Low
315,WB-106,2026-09-09 22:31:42,224,204,184,38.7,84.1,4.64,0.095,4.29,Low
316,WB-103,2026-09-11 06:57:42,213,192,170,27.7,89.7,0.62,0.1445,43.5,Moderate
317,WB-102,2026-09-20 05:36:42,240,231,186,15.7,28.2,1.96,0.0447,9.41,Low
318,WB-102,2026-10-02 06:17:42,194,188,161,17.0,35.3,11.26,0.1741,9.14,Low
319,WB-103,2026-10-04 09:55:42,146,134,106,29.4,21.5,9.93,0.4209,28.47,Moderate
320,WB-106,2026-09-16 14:33:42,192,184,155,43.6,81.8,3.61,0.1734,9.7,Low
321,WB-109,2026-09-09 07:38:42,239,230,167,43.8,23.4,1.63,0.0265,4.09,Low
322,WB-110,2026-09-25 16:44:42,232,202,165,35.4,31.6,1.18,0.0847,21.4,Moderate
323,WB-103,2026-09-05 13:40:42,216,200,176,27.3,54.3,5.28,0.1026,7.01,Low
324,WB-105,2026-09-05 14:42:42,216,204,166,33.5,34.5,7.26,0.1259,6.94,Low
325,WB-107,2026-10-01 08:17:42,156,145,107,35.6,87.3,8.9,0.3777,12.74,Low
326,WB-101,2026-09-06 21:03:42,140,136,110,30.7,24.8,2.58,0.4236,82.61,High
327,WB-103,2026-09-19 08:24:42,145,137,106,44.8,20.8,8.9,0.4041,23.81,Moderate
328,WB-102,2026-09-08 23:15:42,226,228,169,22.3,65.9,2.79,0.0484,4.86,Low
329,WB-106,2026-10-04 05:11:42,78,79,56,35.8,59.7,9.66,0.6707,34.6,Moderate
330,WB-106,2026-09-05 10:42:42,186,186,141,15.7,60.9,11.33,0.2215,9.65,Low
331,WB-101,2026-09-20 10:40:42,196,183,140,23.3,54.6,1.9,0.2199,38.75,Moderate
332,WB-108,2026-09-05 20:03:42,97,99,83,26.5,50.5,7.33,0.5835,44.86,Moderate
333,WB-108,2026-09-30 16:25:42,100,88,82,39.4,21.0,7.97,0.5883,47.89,Moderate
334,WB-104,2026-09-08 07:34:42,207,186,168,37.1,34.6,2.03,0.1433,21.71,Moderate
335,WB-108,2026-09-21 22:29:42,181,178,128,37.8,41.9,5.22,0.2735,19.45,Low
336,WB-102,2026-09-06 23:05:42,217,209,172,27.8,64.2,8.85,0.0885,3.36,Low
337,WB-108,2026-09-07 04:53:42,46,45,32,26.1,72.6,10.82,0.8087,48.59,Moderate
338,WB-104,2026-09-20 21:03:42,114,114,85,41.3,41.2,10.38,0.5417,24.39,Moderate
339,WB-108,2026-09-12 03:51:42,144,130,106,30.3,28.4,4.09,0.4346,56.87,High
340,WB-107,2026-09-15 09:41:42,181,180,148,44.6,61.8,1.44,0.253,39.09,Moderate
341,WB-107,2026-09-18 17:09:42,168,163,139,39.6,67.4,7.81,0.2952,11.71,Low
342,WB-101,2026-10-01 17:18:42,197,188,161,27.2,82.0,1.04,0.1788,38.88,Moderate
343,WB-104,2026-09-25 06:05:42,231,223,166,21.6,23.9,3.44,0.0326,3.83,Low
344,WB-102,2026-09-14 07:29:42,175,175,135,34.9,61.7,5.27,0.2749,15.73,Low
345,WB-110,2026-09-30 12:14:42,128,124,99,42.9,66.3,9.08,0.4529,16.91,Low
346,WB-106,2026-09-29 11:10:42,196,190,142,20.0,28.4,1.28,0.1885,71.53,High
347,WB-110,2026-09-28 08:37:42,212,203,151,37.5,84.2,1.74,0.1273,15.06,Low
348,WB-101,2026-09-20 22:06:42,159,159,121,41.0,20.7,9.45,0.3563,19.68,Low
349,WB-101,2026-09-10 13:04:42,85,81,71,40.9,38.7,6.65,0.6382,48.53,Moderate
350,WB-103,2026-09-25 03:06:42,184,188,131,26.3,81.3,10.91,0.2294,6.91,Low
351,WB-107,2026-09-05 16:11:42,242,216,187,38.5,28.6,7.8,0.041,1.87,Low
352,WB-106,2026-09-20 20:06:42,41,36,27,30.4,73.9,11.25,0.8387,46.56,Moderate
353,WB-107,2026-09-29 10:55:42,149,136,108,36.0,33.6,5.64,0.3984,32.3,Moderate
354,WB-110,2026-10-02 12:27:42,160,158,121,36.0,79.7,1.83,0.3399,44.79,Moderate
355,WB-103,2026-09-29 06:49:42,53,56,43,19.4,85.7,11.05,0.764,44.17,Moderate
356,WB-104,2026-09-09 18:00:42,223,215,166,19.0,33.8,3.23,0.0921,12.97,Low
357,WB-102,2026-09-19 11:39:42,134,121,104,18.3,81.9,4.44,0.4485,40.63,Moderate
358,WB-105,2026-09-08 05:41:42,216,222,163,15.2,53.9,1.92,0.0874,18.47,Low
359,WB-107,2026-09-16 20:09:42,201,190,161,31.6,57.4,2.75,0.1682,18.28,Low
360,WB-109,2026-09-12 18:49:42,130,124,96,22.7,52.6,3.11,0.477,71.19,High
361,WB-110,2026-09-05 08:47:42,185,169,144,32.1,73.4,9.84,0.2621,8.91,Low
362,WB-106,2026-09-14 15:22:42,236,224,178,28.4,21.4,1.22,0.0394,11.82,Low
363,WB-110,2026-09-30 11:34:42,242,229,186,32.9,53.9,0.81,0.0104,2.56,Low
364,WB-108,2026-09-29 14:50:42,253,224,190,28.4,28.6,2.87,0.0052,1.26,Low
365,WB-104,2026-09-05 17:20:42,22,19,11,36.8,62.0,8.91,0.92,78.68,High
366,WB-107,2026-09-07 23:56:42,156,137,109,40.6,43.8,10.5,0.3904,15.57,Low
367,WB-105,2026-09-29 21:31:42,146,134,105,19.2,40.1,6.46,0.4264,41.06,Moderate
368,WB-101,2026-09-22 13:19:42,135,133,105,24.1,57.3,6.99,0.4542,31.35,Moderate
369,WB-102,2026-09-28 02:42:42,112,110,82,20.8,66.7,7.67,0.5327,35.81,Moderate
370,WB-106,2026-09-21 03:29:42,217,213,171,39.2,29.6,1.3,0.1243,28.61,Moderate
371,WB-110,2026-10-02 19:46:42,153,151,113,31.6,71.8,6.08,0.3661,19.37,Low
372,WB-110,2026-09-16 21:41:42,232,235,168,38.1,24.3,7.13,0.0238,1.21,Low
373,WB-105,2026-09-20 15:26:42,236,218,173,22.9,49.5,0.96,0.0416,11.71,Low
374,WB-102,2026-09-15 15:18:42,161,152,125,41.0,62.1,8.56,0.3452,12.74,Low
375,WB-108,2026-09-27 22:54:42,125,127,101,16.7,54.0,11.0,0.4731,27.47,Moderate
376,WB-102,2026-09-26 14:19:42,171,162,137,35.5,85.3,7.12,0.3056,11.79,Low
377,WB-109,2026-09-08 20:33:42,138,121,97,24.5,79.1,5.98,0.4545,28.91,Moderate
378,WB-101,2026-09-19 04:39:42,137,126,98,40.4,34.4,11.45,0.4624,19.62,Low
379,WB-104,2026-09-13 02:58:42,196,187,137,33.6,28.5,11.74,0.2098,9.14,Low
380,WB-105,2026-09-22 10:04:42,219,206,180,44.9,22.3,3.21,0.0883,8.24,Low
381,WB-102,2026-09-22 21:20:42,61,59,48,33.9,64.8,10.28,0.7454,39.54,Moderate
382,WB-104,2026-09-12 16:33:42,174,163,128,23.7,45.9,8.13,0.3131,19.01,Low
383,WB-107,2026-09-13 00:45:42,223,215,180,35.8,66.3,0.94,0.0821,19.49,Low
384,WB-104,2026-09-15 19:24:42,63,58,47,29.3,47.0,11.62,0.7427,45.8,Moderate
385,WB-110,2026-09-13 05:39:42,211,211,169,19.8,24.4,9.96,0.1252,8.29,Low
386,WB-103,2026-09-27 19:53:42,224,220,170,21.0,20.7,1.37,0.0502,16.42,Low
387,WB-110,2026-09-05 18:42:42,165,158,115,25.6,69.4,6.5,0.3356,19.15,Low
388,WB-103,2026-09-30 01:04:42,103,99,87,31.9,27.8,7.51,0.5687,49.5,Moderate
389,WB-108,2026-09-11 04:35:42,193,197,154,16.5,58.3,10.74,0.2,9.66,Low
390,WB-108,2026-09-22 16:53:42,237,239,189,28.2,55.7,3.48,0.0272,2.19,Low
391,WB-107,2026-09-29 03:17:42,228,207,156,15.2,76.7,11.41,0.1019,3.63,Low
392,WB-107,2026-09-20 01:50:42,239,222,173,23.6,57.7,6.63,0.0688,3.78,Low
393,WB-103,2026-09-30 10:18:42,192,168,153,23.9,26.3,8.18,0.2327,17.03,Low
394,WB-104,2026-09-29 22:21:42,228,223,186,20.6,72.5,3.21,0.0447,4.1,Low
395,WB-107,2026-09-26 02:21:42,130,120,103,32.1,80.8,7.21,0.4732,22.76,Moderate
396,WB-102,2026-09-09 05:59:42,249,220,193,20.2,38.7,1.87,0.008,2.56,Low
397,WB-102,2026-09-20 18:51:42,135,133,96,32.3,88.8,3.28,0.4362,38.16,Moderate
398,WB-106,2026-09-10 06:38:42,135,123,101,27.5,41.7,11.28,0.4458,22.06,Moderate
399,WB-103,2026-09-23 06:30:42,161,151,127,15.2,55.6,2.1,0.3378,70.92,High
400,WB-106,2026-10-01 16:13:42,156,160,125,20.5,36.3,7.81,0.3353,26.75,Moderate
401,WB-110,2026-09-20 17:01:42,224,214,156,26.9,50.2,7.05,0.0981,5.56,Low
402,WB-107,2026-10-01 04:14:42,201,185,148,42.9,28.7,8.0,0.1874,9.16,Low
403,WB-106,2026-09-18 01:34:42,199,178,149,42.0,64.0,5.54,0.2163,10.19,Low
404,WB-110,2026-09-15 22:15:42,243,225,175,35.7,75.7,2.38,0.04,3.32,Low
405,WB-105,2026-09-18 01:52:42,231,221,177,33.8,25.3,1.79,0.026,5.5,Low
406,WB-103,2026-09-17 12:53:42,222,206,164,43.0,80.1,2.46,0.1236,9.5,Low
407,WB-106,2026-09-06 23:38:42,146,149,122,15.6,26.4,8.33,0.3793,36.12,Moderate
408,WB-109,2026-09-05 15:52:42,172,175,143,38.5,86.3,3.66,0.2837,18.57,Low
409,WB-105,2026-09-06 22:33:42,223,208,164,36.0,41.5,1.16,0.0579,13.44,Low
410,WB-110,2026-09-24 14:18:42,162,151,134,27.6,78.7,10.59,0.3214,11.18,Low
411,WB-104,2026-09-06 10:12:42,240,225,169,40.3,50.7,4.44,0.0398,2.27,Low
412,WB-108,2026-09-26 22:17:42,174,163,124,15.5,23.4,7.09,0.2848,30.45,Moderate
413,WB-108,2026-09-05 07:47:42,149,146,114,35.6,82.5,8.43,0.3884,13.96,Low
414,WB-106,2026-09-22 07:53:42,194,195,143,24.7,74.4,1.31,0.2032,40.12,Moderate
415,WB-105,2026-09-25 04:00:42,79,78,56,43.6,34.7,9.57,0.6664,38.57,Moderate
416,WB-109,2026-09-30 09:34:42,223,199,152,32.8,72.8,4.06,0.1314,8.37,Low
417,WB-107,2026-09-24 21:51:42,160,153,126,22.8,81.5,2.76,0.3385,38.35,Moderate
418,WB-106,2026-09-17 15:28:42,195,176,138,19.3,27.3,5.36,0.2117,23.9,Moderate
419,WB-109,2026-10-01 01:18:42,135,132,104,31.1,67.4,8.35,0.4491,21.17,Moderate
420,WB-103,2026-10-02 17:05:42,234,214,173,39.5,51.4,6.13,0.0481,2.02,Low
421,WB-104,2026-09-30 11:44:42,236,231,186,41.3,39.0,0.54,0.0276,7.28,Low
422,WB-106,2026-09-22 21:29:42,195,189,156,32.4,83.9,2.54,0.1784,16.13,Low
423,WB-102,2026-09-20 15:04:42,180,165,142,33.9,89.2,4.46,0.2668,14.75,Low
424,WB-103,2026-09-19 10:40:42,135,129,110,27.5,31.7,11.84,0.4216,22.1,Moderate
425,WB-105,2026-10-03 07:18:42,164,149,122,16.9,62.8,11.81,0.3365,15.11,Low
426,WB-101,2026-09-28 23:41:42,160,159,122,36.4,37.4,10.97,0.3215,12.66,Low
427,WB-108,2026-09-11 15:26:42,60,62,44,19.9,87.2,10.29,0.736,42.79,Moderate
428,WB-107,2026-09-21 15:52:42,156,145,113,36.5,51.0,8.92,0.3622,16.27,Low
429,WB-110,2026-09-24 19:45:42,184,182,144,22.7,80.7,8.2,0.222,9.97,Low
430,WB-101,2026-09-09 12:50:42,115,108,93,39.0,51.6,8.77,0.5269,25.75,Moderate
431,WB-107,2026-09-11 16:08:42,241,225,191,33.9,58.0,1.99,0.0223,2.42,Low
432,WB-103,2026-09-05 15:50:42,211,191,168,27.6,56.2,1.47,0.1473,28.53,Moderate
433,WB-109,2026-09-09 12:10:42,243,215,181,29.4,88.1,0.56,0.0139,2.45,Low
434,WB-110,2026-09-06 05:25:42,192,191,157,15.6,81.6,11.6,0.1903,7.07,Low
435,WB-109,2026-09-15 16:44:42,215,193,169,16.3,63.6,4.05,0.151,15.43,Low
436,WB-108,2026-09-29 08:22:42,128,120,103,43.1,77.8,9.6,0.4821,16.12,Low
437,WB-105,2026-10-01 23:52:42,191,178,154,31.1,55.2,3.46,0.2242,21.48,Moderate
438,WB-109,2026-09-07 05:18:42,135,134,97,38.0,34.7,4.22,0.4343,45.71,Moderate
439,WB-102,2026-09-10 08:18:42,196,189,142,23.0,22.2,1.87,0.2216,60.33,High
440,WB-110,2026-09-20 04:05:42,177,177,138,18.0,26.4,3.52,0.2469,41.53,Moderate
441,WB-105,2026-09-15 15:08:42,191,177,153,36.4,81.2,1.96,0.2089,23.8,Moderate
442,WB-101,2026-09-24 00:07:42,122,117,95,43.5,57.5,5.03,0.5095,34.11,Moderate
443,WB-106,2026-09-14 18:53:42,170,162,113,42.5,83.6,7.45,0.3329,11.31,Low
444,WB-107,2026-10-04 03:56:42,223,206,162,41.3,40.3,1.44,0.0824,13.54,Low
445,WB-109,2026-10-04 00:30:42,233,234,187,17.3,66.5,3.23,0.053,6.05,Low
446,WB-107,2026-09-21 00:42:42,233,213,161,39.6,50.0,2.67,0.0588,5.69,Low
447,WB-109,2026-09-26 08:28:42,200,202,160,16.0,28.9,11.02,0.1483,9.3,Low
448,WB-101,2026-09-11 04:51:42,236,222,162,30.3,41.0,2.24,0.0548,7.79,Low
449,WB-107,2026-09-27 14:47:42,190,165,137,39.1,52.6,4.66,0.2548,17.49,Low
450,WB-103,2026-10-03 21:55:42,240,211,167,16.9,33.1,0.87,0.056,24.07,Moderate
451,WB-104,2026-09-23 06:28:42,251,222,190,27.2,89.1,1.14,0.0015,1.52,Low
452,WB-102,2026-09-05 08:30:42,201,184,151,36.7,55.5,6.24,0.1638,8.06,Low
453,WB-108,2026-09-18 22:44:42,81,77,57,34.3,74.8,11.28,0.6688,27.28,Moderate
454,WB-103,2026-09-23 09:20:42,240,220,176,43.4,38.1,4.38,0.0216,1.49,Low
455,WB-101,2026-09-07 20:42:42,227,206,147,30.6,59.6,0.68,0.1105,32.15,Moderate
456,WB-105,2026-09-25 07:27:42,198,182,150,30.0,46.9,11.68,0.2008,7.37,Low
457,WB-103,2026-09-06 06:46:42,233,230,195,30.0,49.1,2.45,0.0142,0.7,Low
458,WB-103,2026-09-27 17:21:42,148,147,123,35.2,89.4,10.65,0.3737,10.58,Low
459,WB-102,2026-09-16 08:29:42,36,34,25,40.1,87.3,9.41,0.8585,45.4,Moderate
460,WB-101,2026-09-12 13:14:42,110,106,80,31.1,26.0,3.98,0.5589,85.89,High
461,WB-102,2026-09-17 02:50:42,224,200,163,15.5,69.2,0.75,0.0918,36.91,Moderate
462,WB-106,2026-09-12 10:33:42,136,125,101,23.3,85.3,8.82,0.4568,20.88,Moderate
463,WB-110,2026-09-05 11:49:42,244,225,179,43.5,48.6,5.87,0.03,1.23,Low
464,WB-104,2026-10-03 19:38:42,104,97,78,34.9,27.4,8.23,0.5858,44.67,Moderate
465,WB-110,2026-09-22 04:53:42,175,174,136,28.7,86.2,8.25,0.2598,9.54,Low
466,WB-104,2026-09-15 00:33:42,236,230,191,25.2,85.5,10.99,0.0472,1.26,Low
467,WB-109,2026-09-19 00:35:42,128,126,106,37.0,55.6,11.91,0.4639,16.66,Low
468,WB-108,2026-09-21 10:59:42,72,67,50,42.6,50.8,6.81,0.7101,48.71,Moderate
469,WB-104,2026-09-23 00:22:42,241,231,186,21.2,34.4,2.68,0.0382,6.53,Low
470,WB-109,2026-10-03 09:50:42,172,173,128,26.6,74.9,6.17,0.2662,14.75,Low
471,WB-107,2026-09-07 04:06:42,204,204,161,18.8,57.1,3.59,0.1336,14.52,Low
472,WB-102,2026-09-12 02:22:42,127,118,93,44.9,50.1,4.18,0.4756,38.4,Moderate
473,WB-101,2026-09-11 01:59:42,252,239,188,23.0,76.8,1.14,0.0052,1.87,Low
474,WB-108,2026-10-03 20:52:42,192,181,150,30.8,28.9,7.31,0.1889,12.58,Low
475,WB-107,2026-10-04 07:56:42,235,208,168,36.4,62.3,3.94,0.0725,4.72,Low
476,WB-109,2026-09-15 11:52:42,218,196,172,34.8,40.1,6.94,0.1317,7.27,Low
477,WB-102,2026-09-22 20:19:42,204,187,171,44.4,30.9,3.1,0.149,15.88,Low
478,WB-108,2026-09-16 14:17:42,236,219,189,21.6,84.8,10.48,0.0585,1.69,Low
479,WB-107,2026-10-01 05:15:42,107,96,75,35.2,36.8,9.05,0.5644,34.46,Moderate
480,WB-109,2026-09-08 17:23:42,176,169,134,35.3,33.3,9.92,0.2819,13.23,Low
481,WB-101,2026-09-28 07:38:42,207,198,156,36.2,84.4,3.61,0.185,11.54,Low
482,WB-101,2026-09-25 05:42:42,186,191,134,22.5,44.9,2.54,0.2215,34.44,Moderate
483,WB-108,2026-09-12 01:17:42,209,212,173,31.5,86.1,2.94,0.1234,9.71,Low
484,WB-105,2026-10-03 08:34:42,118,117,95,35.2,57.1,8.12,0.5028,26.01,Moderate
485,WB-104,2026-09-06 17:44:42,182,179,144,17.1,44.2,9.05,0.2656,16.37,Low
486,WB-110,2026-09-20 22:48:42,121,118,89,35.3,35.9,7.42,0.4985,34.88,Moderate
487,WB-102,2026-09-13 18:22:42,228,218,174,24.6,32.5,3.25,0.0368,5.37,Low
488,WB-107,2026-09-06 08:17:42,221,222,165,37.7,43.2,9.06,0.0781,3.03,Low
489,WB-108,2026-10-02 03:30:42,153,151,109,31.7,56.9,8.04,0.3637,17.27,Low
490,WB-110,2026-09-26 18:50:42,209,205,156,27.5,39.8,3.76,0.1349,14.46,Low
491,WB-101,2026-09-20 20:53:42,223,210,165,23.0,37.1,3.11,0.0702,10.17,Low
492,WB-103,2026-09-05 03:47:42,197,202,162,39.8,49.9,7.35,0.169,7.04,Low
493,WB-109,2026-09-26 19:00:42,163,151,129,19.7,66.5,8.65,0.3291,17.74,Low
494,WB-110,2026-09-13 18:25:42,66,58,51,28.0,72.3,12.0,0.7388,35.5,Moderate
495,WB-102,2026-09-07 02:03:42,112,111,87,29.0,24.4,7.38,0.5342,49.08,Moderate
496,WB-104,2026-09-23 23:40:42,226,220,182,39.2,31.0,0.67,0.0412,11.91,Low
497,WB-104,2026-09-24 02:46:42,61,57,54,38.4,85.9,10.41,0.7357,29.96,Moderate
498,WB-103,2026-09-29 01:59:42,77,70,62,38.7,77.3,11.52,0.6776,25.37,Moderate
499,WB-101,2026-09-07 01:04:42,62,57,45,31.1,85.5,7.37,0.7538,47.87,Moderate
500,WB-105,2026-09-15 03:16:42,188,186,149,43.1,45.4,4.99,0.2113,13.51,Low
501,WB-109,2026-09-19 19:59:42,171,163,138,40.1,41.7,6.34,0.2891,17.09,Low
502,WB-109,2026-10-01 05:16:42,138,125,97,26.1,35.8,10.54,0.4515,26.0,Moderate
503,WB-109,2026-09-18 04:11:42,210,213,157,33.6,43.8,10.34,0.1159,4.24,Low
504,WB-110,2026-09-09 17:47:42,205,207,164,43.0,34.5,4.62,0.1587,10.39,Low
505,WB-106,2026-09-12 15:55:42,228,208,179,39.2,20.3,4.18,0.0527,4.96,Low
506,WB-105,2026-09-16 03:52:42,235,234,180,44.3,34.0,2.98,0.0368,3.85,Low
507,WB-105,2026-09-10 19:28:42,234,221,165,32.0,63.1,0.95,0.067,13.09,Low
508,WB-105,2026-09-29 09:34:42,144,142,102,29.9,41.7,9.84,0.4117,21.4,Moderate
509,WB-102,2026-09-14 05:16:42,145,134,107,42.3,26.5,5.88,0.4111,32.37,Moderate
510,WB-110,2026-09-10 21:30:42,213,202,157,32.3,65.0,10.27,0.1137,3.75,Low
511,WB-101,2026-09-27 10:44:42,128,122,98,25.6,42.8,5.93,0.4866,44.06,Moderate
512,WB-110,2026-09-30 10:53:42,203,190,152,39.6,36.5,8.11,0.1728,7.65,Low
513,WB-109,2026-09-07 16:37:42,179,179,136,23.4,33.4,6.3,0.2597,22.35,Moderate
514,WB-104,2026-09-24 07:28:42,157,151,110,15.3,76.6,3.48,0.3788,45.82,Moderate
515,WB-105,2026-09-08 22:13:42,188,177,128,30.2,21.3,11.23,0.2583,13.85,Low
516,WB-109,2026-09-08 02:26:42,108,106,91,28.9,82.1,5.73,0.5275,33.76,Moderate
517,WB-103,2026-09-24 18:44:42,233,205,175,29.9,30.8,2.6,0.0633,8.89,Low
518,WB-101,2026-09-27 00:19:42,246,232,175,22.7,48.5,5.79,0.0082,1.14,Low
519,WB-101,2026-09-14 07:23:42,219,191,152,25.7,61.5,10.11,0.1341,5.09,Low
520,WB-110,2026-09-27 15:33:42,67,67,59,22.3,81.7,5.28,0.7115,70.4,High
521,WB-108,2026-10-01 16:40:42,191,194,157,38.5,60.9,1.45,0.1966,34.31,Moderate
522,WB-105,2026-09-13 14:19:42,97,93,65,22.9,85.4,8.78,0.6135,33.25,Moderate
523,WB-106,2026-09-21 01:37:42,197,191,142,37.1,24.9,10.44,0.193,9.01,Low
524,WB-110,2026-09-09 22:39:42,196,200,138,18.0,87.3,8.0,0.191,8.22,Low
525,WB-109,2026-09-26 09:03:42,126,118,101,32.8,46.6,6.27,0.4803,34.54,Moderate
526,WB-110,2026-09-13 14:27:42,214,199,170,30.6,27.9,11.24,0.1253,5.4,Low
527,WB-108,2026-10-04 16:34:42,45,38,29,19.4,62.8,7.01,0.8287,95.61,High
528,WB-107,2026-09-13 10:32:42,188,192,158,23.5,82.1,4.73,0.2044,14.0,Low
529,WB-105,2026-09-14 01:06:42,217,220,177,16.7,53.6,6.66,0.1004,6.76,Low
530,WB-101,2026-09-08 02:26:42,238,224,189,27.3,42.9,9.07,0.0312,1.44,Low
531,WB-105,2026-09-27 03:21:42,223,207,169,37.8,62.4,7.06,0.0893,3.23,Low
532,WB-109,2026-09-04 23:57:42,232,209,170,19.8,88.5,2.32,0.0656,7.56,Low
533,WB-104,2026-09-09 12:47:42,211,193,146,36.4,53.6,5.13,0.1502,9.07,Low
534,WB-101,2026-09-25 18:32:42,212,205,158,36.1,24.8,2.73,0.1148,14.82,Low
535,WB-110,2026-09-25 04:19:42,184,166,132,42.7,33.7,11.55,0.2731,10.38,Low
536,WB-101,2026-09-13 19:12:42,199,176,143,19.9,88.9,1.37,0.2068,41.43,Moderate
537,WB-102,2026-09-10 10:21:42,229,216,166,37.0,30.8,10.34,0.0754,2.55,Low
538,WB-104,2026-09-17 02:23:42,100,93,80,35.5,67.9,6.27,0.5933,37.34,Moderate
539,WB-107,2026-09-26 18:36:42,133,119,105,17.4,32.8,7.28,0.4497,44.3,Moderate
540,WB-105,2026-09-11 04:48:42,233,223,177,30.4,54.7,4.33,0.0381,2.24,Low
541,WB-104,2026-09-18 09:03:42,194,185,151,20.5,26.0,8.71,0.1936,13.89,Low
542,WB-108,2026-09-16 22:11:42,248,222,174,23.6,52.2,2.72,0.0168,0.95,Low
543,WB-110,2026-09-11 19:34:42,202,184,152,17.3,29.4,7.91,0.1874,14.23,Low
544,WB-108,2026-09-12 19:51:42,200,194,153,41.1,89.9,7.49,0.1625,4.87,Low
545,WB-101,2026-09-19 06:33:42,69,62,52,41.1,78.4,10.08,0.7181,30.05,Moderate
546,WB-103,2026-09-07 10:31:42,222,211,180,25.3,29.7,5.55,0.0958,8.33,Low
547,WB-108,2026-09-29 11:39:42,172,151,129,26.9,43.6,7.05,0.3227,22.17,Moderate
548,WB-104,2026-09-26 13:06:42,226,214,160,41.5,59.3,2.64,0.1152,10.08,Low
549,WB-101,2026-09-16 00:06:42,20,21,12,38.5,42.7,8.79,0.9206,96.55,High
550,WB-109,2026-09-15 08:11:42,233,226,168,19.5,51.9,6.16,0.0657,4.3,Low
551,WB-104,2026-09-18 16:06:42,152,134,110,37.5,87.3,5.78,0.3972,18.77,Low
552,WB-109,2026-09-14 01:01:42,120,114,89,31.3,36.3,7.1,0.5039,38.86,Moderate
553,WB-109,2026-09-30 12:50:42,118,104,90,37.0,26.6,11.44,0.5321,28.91,Moderate
554,WB-106,2026-09-12 19:49:42,227,210,163,35.3,69.4,6.13,0.1045,4.81,Low
555,WB-108,2026-09-05 02:07:42,197,199,159,21.9,71.4,4.0,0.183,15.76,Low
556,WB-105,2026-09-28 20:43:42,166,172,137,41.6,78.8,5.94,0.2994,12.89,Low
557,WB-109,2026-10-03 02:07:42,72,67,56,35.7,55.9,7.98,0.7091,46.95,Moderate
558,WB-107,2026-09-17 07:14:42,239,232,167,41.8,88.2,1.03,0.0329,4.63,Low
559,WB-108,2026-09-12 18:22:42,126,117,96,19.4,25.1,9.84,0.4937,41.42,Moderate
560,WB-109,2026-09-12 19:46:42,91,91,67,23.3,65.0,8.47,0.6306,43.02,Moderate
561,WB-101,2026-09-28 11:13:42,196,182,157,17.2,23.7,11.28,0.1894,12.43,Low
562,WB-110,2026-10-01 15:20:42,120,108,89,41.4,38.0,7.32,0.5166,32.39,Moderate
563,WB-104,2026-09-20 10:56:42,234,225,174,25.2,20.5,6.01,0.0274,2.28,Low
564,WB-102,2026-09-20 00:09:42,236,238,164,34.2,23.8,5.18,0.0351,2.63,Low
565,WB-103,2026-09-28 10:00:42,236,208,178,30.8,29.9,0.51,0.0695,38.95,Moderate
566,WB-108,2026-09-22 00:15:42,164,161,120,28.9,62.0,2.47,0.3146,39.8,Moderate
567,WB-106,2026-09-12 04:05:42,155,145,119,41.5,82.4,2.76,0.3788,31.71,Moderate
568,WB-106,2026-09-25 10:58:42,231,223,171,22.5,42.7,4.34,0.0796,7.12,Low
569,WB-109,2026-10-03 20:08:42,149,138,120,23.6,40.6,5.1,0.3908,40.3,Moderate
570,WB-106,2026-09-20 01:23:42,158,151,128,35.4,33.1,3.6,0.3484,40.05,Moderate
571,WB-103,2026-09-24 06:45:42,213,202,164,27.5,63.1,6.03,0.1383,7.53,Low
572,WB-107,2026-10-03 20:54:42,170,164,121,31.7,79.8,11.19,0.2965,8.98,Low
573,WB-103,2026-09-09 14:25:42,216,195,163,42.2,78.7,5.92,0.1346,5.09,Low
574,WB-108,2026-09-10 02:55:42,228,209,165,29.9,49.5,5.22,0.0538,3.15,Low
575,WB-109,2026-09-15 05:02:42,101,86,73,40.2,22.2,11.31,0.6103,36.25,Moderate
576,WB-102,2026-09-26 05:21:42,156,147,113,27.0,30.5,6.29,0.3831,34.67,Moderate
577,WB-110,2026-09-10 17:19:42,205,206,145,38.5,73.1,6.0,0.1495,6.51,Low
578,WB-107,2026-09-19 10:21:42,237,226,164,22.3,67.6,1.89,0.0516,8.47,Low
579,WB-105,2026-09-06 16:11:42,180,175,129,17.9,26.6,8.87,0.2441,19.46,Low
580,WB-108,2026-09-20 22:33:42,112,112,84,33.7,71.0,11.22,0.521,18.93,Low
581,WB-102,2026-09-07 17:31:42,226,215,154,39.9,30.5,0.94,0.085,23.86,Moderate
582,WB-109,2026-09-27 05:05:42,134,128,101,15.6,38.9,9.75,0.4441,33.37,Moderate
583,WB-108,2026-09-16 23:23:42,235,220,174,34.6,36.0,3.65,0.0314,2.77,Low
584,WB-104,2026-09-28 05:11:42,189,177,147,16.7,67.1,10.19,0.2282,10.63,Low
585,WB-110,2026-09-20 23:02:42,182,174,150,22.5,43.6,7.28,0.2249,14.96,Low
586,WB-105,2026-09-05 03:54:42,234,234,187,38.3,38.8,9.84,0.0429,1.52,Low
587,WB-105,2026-09-14 15:07:42,233,231,179,23.1,53.0,8.68,0.0565,2.69,Low
588,WB-106,2026-10-04 07:20:42,176,164,134,40.8,28.6,5.48,0.2541,18.7,Low
589,WB-107,2026-09-07 00:07:42,85,80,64,27.4,71.3,8.39,0.6533,38.22,Moderate
590,WB-104,2026-09-24 09:48:42,209,194,160,30.9,49.1,10.28,0.1405,5.15,Low
591,WB-103,2026-09-06 02:24:42,219,203,179,27.3,72.4,1.8,0.1143,16.16,Low
592,WB-110,2026-09-29 08:44:42,196,193,150,38.6,21.3,6.05,0.1953,14.86,Low
593,WB-110,2026-09-21 01:57:42,39,35,27,41.0,36.4,9.45,0.8451,68.68,High
594,WB-110,2026-09-20 03:37:42,206,188,145,34.3,46.2,11.44,0.1821,6.39,Low
595,WB-108,2026-09-28 00:23:42,161,153,110,43.3,75.7,2.58,0.3658,32.03,Moderate
596,WB-107,2026-09-25 17:19:42,127,126,104,18.2,89.1,7.62,0.4829,27.19,Moderate
597,WB-108,2026-09-24 12:12:42,226,227,170,19.6,24.8,11.95,0.0685,3.4,Low
598,WB-110,2026-09-18 03:25:42,89,97,66,25.5,73.0,7.2,0.6133,40.44,Moderate
599,WB-101,2026-09-17 05:16:42,20,15,10,43.4,52.7,10.56,0.9331,96.33,High
600,WB-101,2026-09-10 03:02:42,203,201,156,31.5,45.2,1.95,0.1663,26.07,Moderate
601,WB-105,2026-10-01 10:34:42,124,120,87,33.9,30.7,8.67,0.4946,32.31,Moderate
602,WB-110,2026-09-23 01:07:42,214,213,155,33.4,75.5,1.48,0.0995,15.21,Low
603,WB-109,2026-09-10 00:35:42,182,162,124,16.9,77.1,6.19,0.2723,17.68,Low
604,WB-107,2026-09-20 05:00:42,124,125,92,36.7,76.7,9.66,0.4943,18.02,Low
605,WB-108,2026-09-04 20:17:42,59,53,44,38.1,78.9,7.6,0.7666,44.77,Moderate
606,WB-103,2026-09-22 02:59:42,228,217,179,29.3,38.9,0.84,0.0914,28.93,Moderate
607,WB-108,2026-09-16 05:56:42,162,144,109,31.3,69.8,2.93,0.3627,36.7,Moderate
608,WB-104,2026-09-10 21:56:42,162,150,133,20.1,43.5,7.49,0.3177,23.74,Moderate
609,WB-104,2026-09-24 14:29:42,133,130,111,29.7,73.4,10.08,0.448,17.81,Low
610,WB-109,2026-09-30 15:52:42,231,214,168,40.9,51.4,1.22,0.0777,13.87,Low
611,WB-108,2026-09-06 09:35:42,156,147,118,19.8,43.8,4.23,0.3755,44.81,Moderate
612,WB-108,2026-09-22 02:20:42,65,53,47,43.7,54.9,11.21,0.7408,33.59,Moderate
613,WB-101,2026-09-19 21:20:42,243,225,185,44.4,44.5,5.7,0.0363,1.43,Low
614,WB-106,2026-09-05 06:15:42,152,155,108,38.5,38.8,8.53,0.3564,17.41,Low
615,WB-103,2026-10-02 06:52:42,188,183,141,36.8,66.8,1.33,0.2156,36.23,Moderate
616,WB-103,2026-09-15 21:07:42,121,120,98,42.5,83.8,9.0,0.4927,16.86,Low
617,WB-105,2026-09-28 14:50:42,173,163,146,18.0,41.6,7.53,0.2637,20.67,Moderate
618,WB-107,2026-09-16 13:45:42,104,103,77,15.1,37.4,11.17,0.5608,42.9,Moderate
619,WB-108,2026-09-30 00:04:42,204,188,165,43.2,80.7,3.81,0.1489,8.77,Low
620,WB-106,2026-09-05 08:45:42,200,189,145,32.9,84.1,3.81,0.1982,13.14,Low
621,WB-105,2026-09-26 06:39:42,188,175,136,29.7,75.6,8.11,0.2484,9.96,Low
622,WB-109,2026-09-10 17:05:42,178,171,145,31.2,42.7,2.07,0.2711,46.26,Moderate
623,WB-106,2026-09-22 15:12:42,118,117,101,39.1,79.2,1.83,0.4911,67.87,High
624,WB-109,2026-09-04 20:32:42,160,153,114,41.9,65.9,10.64,0.3714,11.02,Low
625,WB-106,2026-09-09 17:04:42,209,191,149,21.0,39.6,11.99,0.158,6.88,Low
626,WB-102,2026-09-06 02:41:42,179,182,127,31.1,41.7,2.17,0.2496,39.6,Moderate
627,WB-110,2026-09-15 23:13:42,225,207,171,36.4,80.3,2.28,0.0921,8.42,Low
628,WB-108,2026-09-23 15:30:42,225,220,185,43.7,26.8,0.67,0.0549,19.82,Low
629,WB-109,2026-09-14 23:11:42,157,144,119,29.0,36.8,10.79,0.3855,19.48,Low
630,WB-105,2026-10-04 18:40:42,237,214,168,23.0,57.5,5.67,0.0486,2.27,Low
631,WB-102,2026-09-14 21:18:42,141,138,97,28.2,53.5,10.82,0.4297,18.99,Low
632,WB-107,2026-09-16 10:06:42,174,171,141,16.0,31.9,6.25,0.3034,31.93,Moderate
633,WB-102,2026-09-23 07:52:42,185,160,136,27.5,65.4,4.06,0.2599,20.73,Moderate
634,WB-106,2026-09-27 15:36:42,178,165,136,30.1,72.1,6.29,0.2832,14.54,Low
635,WB-108,2026-09-29 16:35:42,200,180,141,30.8,68.4,10.66,0.2073,6.58,Low
636,WB-108,2026-09-06 22:46:42,204,209,156,23.5,32.3,9.05,0.1495,9.31,Low
637,WB-107,2026-09-20 16:10:42,224,214,163,28.0,23.8,6.44,0.0508,3.4,Low
638,WB-106,2026-09-14 09:10:42,174,178,128,21.4,47.0,9.01,0.2672,14.79,Low
639,WB-105,2026-09-25 04:49:42,238,220,189,18.8,47.9,2.46,0.0413,5.61,Low
640,WB-104,2026-09-12 00:16:42,201,180,152,24.3,66.1,7.01,0.1947,10.12,Low
641,WB-104,2026-09-09 02:24:42,217,199,160,27.1,29.6,6.33,0.1288,9.75,Low
642,WB-107,2026-09-23 00:10:42,92,84,78,25.4,65.8,8.66,0.6173,37.25,Moderate
643,WB-106,2026-09-11 10:25:42,158,154,124,25.3,48.7,8.78,0.3353,18.81,Low
644,WB-104,2026-09-11 11:58:42,90,83,73,20.6,55.8,11.91,0.6307,35.71,Moderate
645,WB-105,2026-09-25 19:27:42,197,191,155,33.2,27.3,5.72,0.205,16.71,Low
646,WB-102,2026-09-05 04:11:42,229,215,172,19.0,67.0,0.55,0.0485,22.84,Moderate
647,WB-101,2026-09-11 23:57:42,107,103,90,24.6,76.7,8.43,0.5446,29.3,Moderate
648,WB-107,2026-09-17 15:13:42,61,62,49,43.3,45.6,10.99,0.7442,38.14,Moderate
649,WB-102,2026-09-12 05:40:42,236,218,179,41.2,35.1,1.46,0.0549,10.47,Low
650,WB-106,2026-09-28 05:27:42,202,189,148,32.8,61.6,2.39,0.1627,19.51,Low
651,WB-104,2026-09-30 10:44:42,118,115,86,16.9,68.1,4.71,0.5163,55.73,High
652,WB-101,2026-09-30 00:44:42,89,80,66,27.0,31.9,9.26,0.6395,51.33,High
653,WB-109,2026-10-04 09:43:42,119,113,98,15.3,59.0,8.11,0.4901,37.08,Moderate
654,WB-104,2026-09-20 10:26:42,161,154,129,35.6,46.1,3.52,0.335,33.62,Moderate
655,WB-105,2026-09-11 09:49:42,138,131,101,28.8,65.0,8.32,0.4519,22.89,Moderate
656,WB-106,2026-09-26 19:49:42,230,220,166,29.9,60.6,3.8,0.0293,2.13,Low
657,WB-103,2026-10-02 22:39:42,192,177,136,18.4,57.3,1.66,0.2069,44.16,Moderate
658,WB-110,2026-09-11 18:54:42,222,223,163,18.2,79.2,8.96,0.0836,3.32,Low
659,WB-110,2026-09-25 18:25:42,136,134,111,32.1,86.7,6.44,0.4349,21.22,Moderate
660,WB-107,2026-09-06 03:55:42,192,186,141,40.6,74.2,5.02,0.1936,9.51,Low
661,WB-106,2026-09-29 23:11:42,110,109,82,26.1,71.9,9.52,0.5394,26.11,Moderate
662,WB-105,2026-09-05 03:04:42,210,198,167,21.8,62.9,5.48,0.152,9.96,Low
663,WB-107,2026-09-26 11:12:42,231,228,188,38.1,56.6,2.32,0.0475,4.15,Low
664,WB-107,2026-09-18 06:55:42,194,183,145,16.3,63.7,6.97,0.2021,12.99,Low
665,WB-101,2026-09-07 19:21:42,89,83,64,36.6,60.9,8.43,0.6442,36.0,Moderate
666,WB-102,2026-10-01 09:08:42,169,161,122,27.1,33.9,11.56,0.3092,14.74,Low
667,WB-101,2026-09-21 02:46:42,244,224,184,29.9,29.4,6.2,0.0391,2.95,Low
668,WB-108,2026-09-24 05:01:42,187,173,150,43.8,77.4,10.32,0.2309,5.76,Low
669,WB-110,2026-09-05 00:47:42,235,236,183,43.0,20.6,1.05,0.0079,3.75,Low
670,WB-109,2026-09-30 03:52:42,182,183,141,31.1,30.7,6.31,0.2388,17.51,Low
671,WB-103,2026-09-10 01:30:42,189,181,140,42.8,46.3,3.28,0.2297,20.11,Moderate
672,WB-110,2026-09-15 00:31:42,196,180,141,26.8,40.4,9.96,0.2099,10.23,Low
673,WB-103,2026-09-20 09:42:42,226,207,183,38.9,30.8,7.69,0.0651,2.95,Low
674,WB-105,2026-10-03 02:25:42,70,71,51,31.0,78.3,5.12,0.7138,60.82,High
675,WB-103,2026-09-22 13:32:42,115,111,82,38.0,75.0,7.02,0.5363,26.57,Moderate
676,WB-105,2026-10-02 18:34:42,110,109,87,17.6,79.2,8.92,0.5354,32.08,Moderate
677,WB-106,2026-09-30 17:25:42,247,226,177,33.9,21.2,6.72,0.0114,1.01,Low
678,WB-104,2026-09-17 08:28:42,119,115,81,25.4,69.9,6.88,0.5334,34.74,Moderate
679,WB-102,2026-09-16 21:53:42,124,113,90,27.9,32.8,11.34,0.5202,30.1,Moderate
680,WB-105,2026-09-22 15:30:42,173,155,140,24.3,52.3,8.25,0.3032,16.86,Low
681,WB-105,2026-09-27 16:12:42,157,153,114,27.2,59.3,3.13,0.353,41.09,Moderate
682,WB-105,2026-10-01 14:12:42,134,138,109,16.5,24.9,9.73,0.436,38.4,Moderate
683,WB-103,2026-10-01 04:58:42,235,222,159,42.7,24.0,0.84,0.0611,19.64,Low
684,WB-105,2026-09-06 08:49:42,183,162,136,32.4,70.4,1.58,0.2654,42.85,Moderate
685,WB-103,2026-09-11 20:40:42,232,232,170,15.3,41.8,0.64,0.0149,6.26,Low
686,WB-103,2026-09-19 13:50:42,125,128,99,22.9,56.9,6.45,0.4824,37.43,Moderate
687,WB-110,2026-09-14 06:08:42,162,159,119,39.9,77.6,2.67,0.3292,28.9,Moderate
688,WB-109,2026-09-24 09:14:42,231,209,168,24.6,51.4,7.7,0.0788,4.17,Low
689,WB-102,2026-09-10 03:02:42,57,48,38,15.6,71.5,6.1,0.7855,96.29,High
690,WB-106,2026-09-09 20:55:42,211,201,162,39.5,88.5,10.62,0.1209,2.56,Low
691,WB-108,2026-09-22 18:19:42,208,205,150,25.5,32.5,7.94,0.152,10.11,Low
692,WB-105,2026-09-25 15:30:42,214,203,173,20.4,21.8,0.95,0.1062,48.66,Moderate
693,WB-102,2026-09-09 09:49:42,164,156,135,21.5,37.8,6.14,0.3242,28.51,Moderate
694,WB-101,2026-09-19 10:47:42,209,201,155,34.0,74.2,0.89,0.1357,30.34,Moderate
695,WB-108,2026-09-29 18:05:42,113,113,83,43.4,71.3,7.83,0.5389,23.2,Moderate
696,WB-101,2026-09-09 08:54:42,214,205,164,41.7,54.7,9.98,0.0875,2.49,Low
697,WB-101,2026-09-06 18:07:42,238,227,167,21.6,39.2,6.8,0.0559,3.1,Low
698,WB-108,2026-09-21 08:34:42,216,201,161,37.2,47.8,3.52,0.1106,10.16,Low
699,WB-102,2026-09-23 05:20:42,89,91,71,29.8,34.4,8.98,0.6295,47.01,Moderate
700,WB-105,2026-09-29 10:02:42,218,210,150,17.1,47.3,9.03,0.1244,6.91,Low
701,WB-105,2026-09-17 03:10:42,192,180,137,18.2,66.5,3.79,0.2009,18.67,Low
702,WB-106,2026-09-17 01:02:42,112,112,85,35.2,74.8,6.6,0.5181,28.59,Moderate
703,WB-110,2026-09-26 19:29:42,116,112,97,20.9,64.9,9.9,0.5044,27.85,Moderate
704,WB-110,2026-09-21 12:02:42,173,169,121,26.9,60.6,11.4,0.2822,10.34,Low
705,WB-103,2026-09-21 20:38:42,221,223,168,28.9,48.9,3.45,0.0632,5.83,Low
706,WB-103,2026-09-22 09:43:42,231,208,180,27.0,34.5,2.8,0.096,13.53,Low
707,WB-106,2026-09-06 16:37:42,247,220,190,34.4,49.5,2.19,0.0051,0.84,Low
708,WB-108,2026-09-05 23:06:42,144,144,110,19.9,43.6,6.88,0.3977,33.68,Moderate
709,WB-107,2026-09-18 19:19:42,249,234,174,15.6,41.8,7.83,0.0151,1.14,Low
710,WB-104,2026-09-05 06:22:42,240,210,176,29.8,73.8,3.05,0.0615,5.21,Low
711,WB-107,2026-09-19 16:16:42,223,210,166,23.0,53.4,9.96,0.1025,4.09,Low
712,WB-102,2026-09-26 22:29:42,229,211,167,17.7,34.8,6.27,0.057,5.41,Low
713,WB-101,2026-09-05 12:40:42,116,111,89,34.4,49.0,11.2,0.5327,23.91,Moderate
714,WB-104,2026-09-20 02:28:42,89,85,67,39.8,37.6,9.44,0.6314,37.82,Moderate
715,WB-106,2026-09-05 00:12:42,50,47,39,44.8,88.6,10.64,0.7917,30.9,Moderate
716,WB-103,2026-09-15 12:59:42,202,186,148,44.7,40.6,8.67,0.1987,8.39,Low
717,WB-106,2026-09-23 18:30:42,234,220,163,16.7,60.2,10.42,0.0495,2.02,Low
718,WB-108,2026-09-04 21:27:42,207,195,162,23.6,56.2,3.53,0.1179,12.12,Low
719,WB-101,2026-10-01 21:56:42,170,158,118,32.0,45.6,11.27,0.3328,13.56,Low
720,WB-110,2026-09-16 16:57:42,230,226,188,35.4,78.2,0.98,0.038,7.74,Low
721,WB-106,2026-09-13 22:18:42,186,188,135,15.9,43.0,10.94,0.2301,12.26,Low
722,WB-109,2026-09-18 11:02:42,134,131,106,22.0,60.5,7.94,0.4606,29.31,Moderate
723,WB-110,2026-10-03 14:13:42,116,106,79,35.3,81.2,9.12,0.5391,20.36,Moderate
724,WB-110,2026-09-19 21:03:42,227,217,164,26.6,37.6,2.41,0.0841,14.89,Low
725,WB-106,2026-09-11 19:18:42,92,88,82,31.5,54.4,7.0,0.6022,42.41,Moderate
726,WB-107,2026-09-30 09:04:42,143,139,103,32.4,66.6,5.55,0.4177,26.58,Moderate
727,WB-101,2026-09-09 15:09:42,192,186,142,40.7,82.8,11.39,0.1951,4.71,Low
728,WB-109,2026-09-09 19:30:42,232,220,169,36.9,84.9,4.33,0.0208,0.77,Low
729,WB-108,2026-09-24 12:51:42,168,162,128,42.3,20.6,8.96,0.3258,18.2,Low
730,WB-108,2026-09-06 19:14:42,164,152,131,42.7,29.9,3.09,0.3148,38.52,Moderate
731,WB-105,2026-09-27 18:24:42,142,130,114,30.7,53.4,5.65,0.4049,29.47,Moderate
732,WB-104,2026-09-23 17:02:42,219,202,170,42.0,77.3,11.89,0.0917,2.18,Low
733,WB-101,2026-10-01 07:02:42,171,158,121,15.6,44.4,8.77,0.2993,20.51,Moderate
734,WB-104,2026-09-08 12:11:42,186,186,140,32.7,70.5,3.27,0.2381,19.36,Low
735,WB-104,2026-09-04 20:03:42,245,230,172,30.4,42.4,2.43,0.011,1.19,Low
736,WB-108,2026-09-05 01:43:42,124,109,92,17.2,77.5,6.17,0.5145,40.39,Moderate
737,WB-104,2026-09-15 01:57:42,136,124,103,18.6,65.4,7.02,0.46,34.03,Moderate
738,WB-104,2026-09-22 23:10:42,202,193,152,20.3,53.4,6.19,0.1615,10.95,Low
739,WB-107,2026-09-23 01:12:42,224,202,153,27.3,56.3,0.89,0.1156,33.32,Moderate
740,WB-102,2026-09-30 19:51:42,189,184,144,33.8,70.9,8.31,0.2206,8.03,Low
741,WB-102,2026-09-10 18:20:42,232,218,162,30.6,67.6,1.49,0.0848,14.93,Low
742,WB-105,2026-09-12 10:56:42,227,206,155,21.2,75.2,2.42,0.1041,12.71,Low
743,WB-107,2026-09-17 00:25:42,192,187,138,33.7,42.1,6.73,0.23,13.67,Low
744,WB-101,2026-09-15 13:28:42,95,91,69,26.4,46.8,7.28,0.6064,48.96,Moderate
745,WB-104,2026-09-08 02:55:42,154,138,105,23.0,87.7,2.34,0.3859,51.0,High
746,WB-106,2026-09-09 13:59:42,221,196,172,21.4,39.0,4.0,0.1266,14.34,Low
747,WB-110,2026-09-30 17:26:42,136,129,100,17.7,84.6,6.02,0.4428,30.78,Moderate
748,WB-106,2026-09-09 23:35:42,66,66,55,24.5,67.4,6.07,0.7227,67.95,High
749,WB-106,2026-09-30 23:58:42,232,215,189,36.4,20.3,1.04,0.0481,13.02,Low
750,WB-108,2026-09-20 11:41:42,186,180,136,20.7,58.7,3.41,0.2243,25.97,Moderate
751,WB-110,2026-09-26 01:34:42,148,143,126,16.1,30.3,11.05,0.3873,28.58,Moderate
752,WB-101,2026-09-21 05:07:42,193,189,140,23.5,73.6,5.91,0.2115,12.58,Low
753,WB-103,2026-09-24 12:51:42,217,216,155,38.3,46.8,4.3,0.1033,7.22,Low
754,WB-103,2026-09-27 22:34:42,183,170,132,16.6,37.0,9.65,0.2645,17.09,Low
755,WB-107,2026-09-30 10:09:42,122,122,95,29.9,76.7,5.91,0.4882,29.96,Moderate
756,WB-102,2026-09-05 23:20:42,191,189,152,32.7,62.7,2.27,0.2165,27.1,Moderate
757,WB-104,2026-09-23 08:55:42,149,148,125,31.1,39.2,6.02,0.3757,28.76,Moderate
758,WB-107,2026-09-08 05:20:42,45,40,33,25.3,68.6,9.23,0.8237,63.33,High
759,WB-102,2026-09-28 15:36:42,73,61,50,43.6,78.4,10.88,0.7163,27.53,Moderate
760,WB-108,2026-09-12 12:44:42,134,126,96,39.0,56.7,7.08,0.4598,23.95,Moderate
761,WB-104,2026-09-12 00:47:42,193,198,163,37.4,37.7,5.27,0.1761,12.27,Low
762,WB-110,2026-09-17 19:08:42,144,130,113,37.4,52.4,7.42,0.4138,21.97,Moderate
763,WB-105,2026-09-15 06:36:42,197,177,140,17.0,37.7,9.79,0.2195,14.05,Low
764,WB-105,2026-09-15 12:10:42,101,93,77,15.9,72.4,9.23,0.5795,37.85,Moderate
765,WB-106,2026-09-09 22:31:42,224,204,156,17.0,32.0,4.08,0.11,13.28,Low
766,WB-107,2026-09-28 12:48:42,155,161,114,30.3,27.3,10.37,0.3426,19.34,Low
767,WB-106,2026-09-17 23:56:42,186,179,145,33.9,79.2,3.91,0.2656,18.08,Low
768,WB-109,2026-09-15 09:34:42,194,170,153,31.6,57.1,4.2,0.2259,17.88,Low
769,WB-109,2026-09-13 06:26:42,192,195,145,15.5,43.4,2.61,0.1976,36.86,Moderate
770,WB-106,2026-10-02 00:42:42,191,182,153,41.1,57.6,9.15,0.2189,7.26,Low
771,WB-107,2026-10-03 10:44:42,197,200,161,32.2,21.7,5.06,0.149,14.36,Low
772,WB-104,2026-09-21 23:01:42,173,165,131,43.0,70.2,9.29,0.2861,8.64,Low
773,WB-103,2026-09-21 18:29:42,41,49,32,44.8,67.6,11.27,0.8176,37.02,Moderate
774,WB-110,2026-09-17 15:09:42,241,234,170,41.5,51.1,7.27,0.0084,0.57,Low
775,WB-101,2026-09-18 17:52:42,107,94,79,21.7,72.4,5.53,0.5678,48.43,Moderate
776,WB-108,2026-09-06 10:04:42,226,198,155,44.8,22.7,1.98,0.1028,16.24,Low
777,WB-104,2026-09-24 03:26:42,226,228,162,16.5,38.5,1.25,0.056,16.66,Low
778,WB-109,2026-09-29 09:24:42,241,219,180,16.1,40.0,2.75,0.0297,5.2,Low
779,WB-102,2026-09-10 11:36:42,59,57,46,36.9,56.7,11.78,0.7595,38.06,Moderate
780,WB-104,2026-09-10 09:32:42,48,53,42,30.8,51.6,7.17,0.7814,72.55,High
781,WB-101,2026-09-08 07:09:42,172,165,140,34.4,32.8,9.13,0.2743,14.27,Low
782,WB-109,2026-09-23 04:18:42,148,134,109,29.5,61.8,5.93,0.3876,26.05,Moderate
783,WB-110,2026-09-06 06:34:42,101,90,81,43.8,55.2,11.05,0.5822,22.54,Moderate
784,WB-101,2026-09-13 04:01:42,212,198,161,20.9,67.0,3.4,0.14,14.06,Low
785,WB-107,2026-09-23 04:46:42,212,203,159,16.9,31.6,3.96,0.1142,15.57,Low
786,WB-110,2026-10-01 19:42:42,205,192,146,19.0,48.6,1.73,0.1511,35.17,Moderate
787,WB-109,2026-09-11 17:47:42,204,189,152,32.0,47.9,9.38,0.1872,8.29,Low
788,WB-108,2026-09-07 03:13:42,169,167,121,23.4,59.0,8.65,0.319,16.29,Low
789,WB-109,2026-09-16 13:03:42,170,166,129,21.2,65.2,10.23,0.3281,14.6,Low
790,WB-104,2026-09-25 01:45:42,155,150,123,26.2,25.7,4.95,0.3493,40.77,Moderate
791,WB-101,2026-09-24 13:01:42,105,95,74,29.8,29.2,11.49,0.5862,36.09,Moderate
792,WB-108,2026-09-28 11:33:42,225,205,178,41.7,80.1,1.38,0.0865,10.11,Low
793,WB-104,2026-09-09 05:01:42,202,194,160,18.2,84.6,9.76,0.1454,5.47,Low
794,WB-110,2026-09-07 22:52:42,110,102,84,15.1,37.0,4.22,0.5631,97.46,High
795,WB-104,2026-09-21 22:48:42,195,183,140,16.0,86.2,11.15,0.2269,8.41,Low
796,WB-110,2026-09-20 11:06:42,226,231,158,17.8,70.5,2.12,0.0558,8.48,Low
797,WB-104,2026-09-10 00:34:42,205,178,151,37.8,59.3,3.95,0.1952,13.88,Low
798,WB-104,2026-09-15 21:57:42,127,123,96,40.1,72.9,9.16,0.4882,17.78,Low
799,WB-110,2026-09-05 14:11:42,194,173,149,41.3,67.3,4.61,0.2376,13.61,Low
800,WB-107,2026-10-01 03:58:42,202,180,157,16.5,66.6,1.32,0.1807,45.19,Moderate
801,WB-103,2026-09-07 09:13:42,232,211,185,27.5,26.0,1.58,0.0576,12.73,Low
802,WB-105,2026-09-10 17:33:42,77,74,59,38.2,31.8,9.33,0.6799,45.89,Moderate
803,WB-102,2026-10-03 02:28:42,175,159,131,18.2,37.6,3.63,0.274,39.47,Moderate
804,WB-102,2026-09-12 19:02:42,227,211,160,28.3,75.7,0.65,0.0591,14.92,Low
805,WB-107,2026-09-10 07:46:42,182,168,125,26.8,83.3,6.94,0.2858,13.05,Low
806,WB-108,2026-09-24 12:10:42,242,219,175,16.8,89.5,1.33,0.0431,7.35,Low
807,WB-102,2026-09-05 18:37:42,120,111,94,30.6,52.7,10.4,0.5217,25.16,Moderate
808,WB-105,2026-10-04 14:26:42,157,151,120,34.3,83.2,6.35,0.3813,17.3,Low
809,WB-110,2026-09-18 15:55:42,221,205,174,34.8,45.5,9.54,0.0766,2.76,Low
810,WB-102,2026-09-08 22:07:42,160,146,117,40.0,41.7,11.35,0.3537,13.36,Low
811,WB-108,2026-09-07 09:06:42,248,234,199,31.0,24.3,2.9,0.0104,2.17,Low
812,WB-106,2026-09-15 22:36:42,123,117,86,34.3,22.2,8.82,0.5104,37.46,Moderate
813,WB-109,2026-09-14 18:30:42,211,198,149,40.0,44.6,1.22,0.1652,37.01,Moderate
814,WB-102,2026-09-24 18:03:42,170,162,139,28.1,37.9,1.88,0.2839,59.03,High
815,WB-105,2026-10-01 06:06:42,236,215,169,27.9,50.9,1.25,0.0696,15.34,Low
816,WB-110,2026-09-07 23:25:42,228,213,163,18.3,63.9,2.65,0.0883,10.76,Low
817,WB-103,2026-10-01 02:31:42,207,206,169,21.8,42.2,11.57,0.1574,7.22,Low
818,WB-108,2026-10-02 05:53:42,222,205,163,16.0,77.5,6.78,0.0948,5.37,Low
819,WB-107,2026-09-26 07:39:42,140,124,102,37.8,73.4,8.14,0.4301,17.32,Low
820,WB-110,2026-09-28 16:22:42,140,134,96,43.4,44.0,5.56,0.4356,29.51,Moderate
821,WB-101,2026-09-26 02:13:42,230,208,162,27.3,44.3,1.84,0.0823,14.56,Low
822,WB-108,2026-09-30 14:47:42,201,184,147,43.3,74.6,7.42,0.2135,7.41,Low
823,WB-107,2026-09-10 13:11:42,212,191,159,18.4,78.6,0.82,0.1494,46.51,Moderate
824,WB-110,2026-09-13 21:26:42,167,145,116,20.1,46.8,10.52,0.3444,18.96,Low
825,WB-101,2026-09-25 22:20:42,243,215,159,27.1,65.8,0.72,0.0558,15.67,Low
826,WB-101,2026-09-19 18:30:42,237,223,194,21.6,60.4,1.25,0.0117,3.12,Low
827,WB-102,2026-09-07 11:42:42,231,211,189,24.4,46.6,0.71,0.0684,29.37,Moderate
828,WB-107,2026-09-22 03:55:42,74,66,63,37.0,38.8,5.66,0.6963,71.23,High
829,WB-109,2026-09-10 10:11:42,159,142,117,40.4,40.8,9.6,0.3678,16.46,Low
830,WB-105,2026-09-28 20:13:42,225,202,166,43.3,57.1,10.06,0.0918,2.44,Low
831,WB-107,2026-09-09 18:22:42,191,171,128,43.9,64.4,10.7,0.245,6.95,Low
832,WB-108,2026-09-17 11:43:42,214,203,153,26.8,77.8,3.57,0.1373,10.63,Low
833,WB-101,2026-09-09 21:55:42,185,170,150,17.4,63.9,4.37,0.246,23.99,Moderate
834,WB-106,2026-10-02 04:40:42,230,216,161,18.5,49.2,3.53,0.0902,11.02,Low
835,WB-110,2026-09-30 06:41:42,193,172,131,35.7,87.8,9.69,0.2484,7.24,Low
836,WB-106,2026-09-21 04:44:42,184,188,141,18.3,86.4,6.12,0.2218,12.55,Low
837,WB-103,2026-09-28 06:27:42,127,125,102,39.1,76.0,11.26,0.4768,14.25,Low
838,WB-101,2026-09-30 22:05:42,197,196,149,44.1,25.9,10.86,0.2028,8.12,Low
839,WB-110,2026-09-11 09:57:42,211,209,161,18.6,76.7,6.03,0.1396,8.72,Low
840,WB-105,2026-10-03 16:59:42,222,198,168,39.6,28.6,10.26,0.132,5.42,Low
841,WB-105,2026-09-11 16:42:42,222,220,182,23.3,51.1,1.5,0.0711,15.66,Low
842,WB-107,2026-09-23 18:43:42,239,227,178,36.5,64.8,8.13,0.0414,1.36,Low
843,WB-101,2026-09-25 20:17:42,219,200,168,41.2,75.8,6.42,0.1276,4.67,Low
844,WB-103,2026-09-19 20:33:42,81,72,61,40.2,79.9,10.06,0.6773,26.5,Moderate
845,WB-101,2026-09-23 19:07:42,136,129,106,17.1,75.4,7.42,0.4405,28.28,Moderate
846,WB-109,2026-09-19 08:56:42,65,61,50,29.5,48.0,11.84,0.7265,41.75,Moderate
847,WB-109,2026-09-09 07:34:42,125,116,103,26.4,55.1,11.44,0.4821,21.63,Moderate
848,WB-101,2026-09-15 08:15:42,77,69,59,17.3,22.0,10.67,0.6802,69.84,High
849,WB-102,2026-10-01 10:06:42,200,178,149,22.1,55.2,3.62,0.2104,21.76,Moderate
850,WB-103,2026-09-19 20:32:42,156,155,112,20.4,87.9,6.84,0.3617,19.6,Low
851,WB-108,2026-09-29 10:05:42,190,173,156,33.0,79.9,1.85,0.2086,26.16,Moderate
852,WB-102,2026-09-08 07:55:42,229,217,178,20.8,77.5,6.96,0.0632,3.02,Low
853,WB-109,2026-09-16 20:36:42,50,43,40,42.9,52.1,9.34,0.7974,49.73,Moderate
854,WB-102,2026-09-22 19:30:42,81,76,62,40.2,83.7,6.36,0.6681,36.9,Moderate
855,WB-108,2026-09-23 11:23:42,166,160,129,24.2,28.9,6.77,0.3269,28.85,Moderate
856,WB-109,2026-09-20 08:41:42,56,53,47,40.4,66.9,8.93,0.7682,42.7,Moderate
857,WB-108,2026-09-20 18:59:42,226,211,182,35.0,82.7,7.15,0.0975,3.61,Low
858,WB-107,2026-09-12 05:24:42,197,197,143,25.3,74.1,7.06,0.1926,8.85,Low
859,WB-108,2026-09-26 03:15:42,150,141,114,41.3,33.9,9.55,0.41,19.88,Low
860,WB-110,2026-10-02 20:12:42,186,193,157,28.0,49.9,6.56,0.209,12.65,Low
861,WB-110,2026-09-11 16:48:42,194,190,135,31.9,28.4,6.62,0.2176,15.87,Low
862,WB-104,2026-09-13 19:24:42,46,38,34,26.9,43.2,7.68,0.8252,90.16,High
863,WB-104,2026-09-20 04:51:42,71,63,58,18.6,79.5,11.52,0.7087,39.27,Moderate
864,WB-107,2026-09-21 13:10:42,205,199,156,35.8,66.4,6.56,0.1895,8.3,Low
865,WB-105,2026-09-09 03:19:42,20,15,10,21.1,84.4,11.02,0.9334,99.89,High
866,WB-108,2026-09-24 18:07:42,191,176,145,37.3,77.1,8.39,0.2409,7.86,Low
867,WB-105,2026-09-23 08:16:42,233,235,168,26.1,32.1,1.63,0.0152,3.14,Low
868,WB-102,2026-09-30 17:44:42,193,194,135,44.0,79.3,4.06,0.2079,11.13,Low
869,WB-101,2026-10-02 20:46:42,178,182,149,41.2,46.1,10.18,0.2371,8.29,Low
870,WB-106,2026-09-17 03:29:42,227,229,192,27.9,87.7,8.83,0.0298,0.87,Low
871,WB-107,2026-09-22 03:16:42,176,162,130,44.0,89.0,6.82,0.3132,10.99,Low
872,WB-109,2026-09-27 09:11:42,102,101,72,21.2,38.5,10.96,0.5881,41.09,Moderate
873,WB-102,2026-09-13 16:28:42,134,124,98,26.3,68.7,3.4,0.4432,48.65,Moderate
874,WB-105,2026-09-28 05:27:42,218,198,153,28.6,70.9,1.6,0.1293,19.57,Low
875,WB-110,2026-09-26 17:14:42,200,188,143,30.3,76.8,5.53,0.2205,11.45,Low
876,WB-102,2026-09-08 06:44:42,236,216,181,40.9,42.6,5.83,0.0698,3.39,Low
877,WB-109,2026-09-06 02:49:42,212,202,162,37.9,60.7,7.69,0.1173,4.59,Low
878,WB-106,2026-09-20 10:57:42,203,177,142,24.7,71.8,10.42,0.2027,7.09,Low
879,WB-102,2026-09-21 09:04:42,44,39,32,40.5,50.6,11.63,0.828,47.88,Moderate
880,WB-104,2026-09-08 01:43:42,128,135,100,28.6,61.6,11.7,0.4624,18.41,Low
881,WB-104,2026-09-16 13:26:42,239,231,165,22.0,81.5,10.11,0.0372,1.19,Low
882,WB-103,2026-10-02 19:01:42,238,212,185,15.8,21.0,1.99,0.0355,8.83,Low
883,WB-102,2026-09-08 09:47:42,179,177,142,26.8,30.8,4.83,0.2601,26.91,Moderate
884,WB-108,2026-10-01 08:27:42,95,89,73,16.2,89.2,8.14,0.602,38.11,Moderate
885,WB-110,2026-09-20 16:01:42,116,110,98,17.2,70.0,8.58,0.5171,32.97,Moderate
886,WB-105,2026-09-17 08:28:42,167,161,131,42.7,87.9,6.28,0.3369,13.28,Low
887,WB-107,2026-09-11 04:06:42,168,147,121,44.7,88.8,7.8,0.3303,10.03,Low
888,WB-108,2026-09-25 15:52:42,143,136,116,17.5,58.5,3.62,0.4106,55.57,High
889,WB-101,2026-09-10 09:02:42,191,177,138,44.8,27.2,1.11,0.1984,54.53,High
890,WB-101,2026-09-22 01:54:42,69,57,50,24.4,59.3,6.64,0.7358,70.55,High
891,WB-102,2026-09-27 01:47:42,158,147,112,33.3,28.3,11.13,0.3673,18.54,Low
892,WB-103,2026-09-18 14:55:42,179,164,136,21.4,49.2,3.86,0.2513,28.74,Moderate
893,WB-110,2026-09-13 16:38:42,133,122,94,22.7,82.4,6.15,0.4783,31.45,Moderate
894,WB-109,2026-09-14 15:56:42,129,120,98,20.2,70.4,7.57,0.4716,29.38,Moderate
895,WB-105,2026-09-15 20:14:42,239,226,166,15.2,64.9,1.28,0.0394,11.72,Low
896,WB-103,2026-09-26 04:11:42,40,37,29,44.2,44.5,10.23,0.8347,53.35,High
897,WB-109,2026-09-10 21:15:42,192,174,145,21.3,76.8,9.4,0.2349,9.5,Low
898,WB-109,2026-09-13 13:47:42,233,220,162,40.2,23.5,5.06,0.0737,6.03,Low
899,WB-107,2026-09-26 06:22:42,230,209,182,32.2,55.1,6.13,0.087,4.49,Low
900,WB-109,2026-10-01 06:20:42,240,223,175,25.8,62.0,2.3,0.0412,4.97,Low
901,WB-102,2026-10-03 23:09:42,134,122,104,18.0,27.9,7.09,0.4474,49.24,Moderate
902,WB-110,2026-09-21 17:24:42,64,63,46,44.6,23.4,10.7,0.7332,48.55,Moderate
903,WB-110,2026-09-26 10:08:42,237,221,165,42.4,36.2,1.89,0.0724,10.35,Low
904,WB-101,2026-09-11 09:18:42,27,29,19,41.1,87.9,11.16,0.8862,43.37,Moderate
905,WB-107,2026-09-13 22:50:42,171,160,120,35.4,40.5,4.3,0.2974,26.36,Moderate
906,WB-107,2026-09-30 02:38:42,142,133,123,16.9,35.8,9.62,0.3963,30.04,Moderate
907,WB-107,2026-10-04 01:16:42,161,150,123,35.0,69.4,11.28,0.3262,9.58,Low
908,WB-107,2026-09-21 01:53:42,116,105,91,17.1,81.1,7.78,0.5393,33.89,Moderate
909,WB-109,2026-09-29 11:44:42,199,195,158,43.6,43.3,7.0,0.1734,8.19,Low
910,WB-110,2026-09-17 02:17:42,125,125,97,33.2,67.6,7.89,0.4788,24.02,Moderate
911,WB-109,2026-09-27 22:31:42,202,189,158,23.8,72.9,4.9,0.1978,13.55,Low
912,WB-101,2026-09-25 19:16:42,240,227,171,18.3,28.5,7.34,0.0163,1.18,Low
913,WB-103,2026-09-20 15:11:42,102,99,80,22.9,34.6,9.3,0.5744,46.36,Moderate
914,WB-108,2026-09-19 11:27:42,144,133,107,29.3,53.0,4.97,0.4445,38.05,Moderate
915,WB-110,2026-09-17 12:29:42,230,222,182,34.5,25.7,2.06,0.0804,12.73,Low
916,WB-101,2026-09-12 16:33:42,233,230,170,32.3,71.7,6.14,0.0412,1.75,Low
917,WB-107,2026-09-06 12:33:42,43,39,28,37.4,48.3,8.3,0.8291,67.27,High
918,WB-108,2026-09-17 00:29:42,70,72,52,43.3,79.5,10.22,0.7136,27.4,Moderate
919,WB-106,2026-09-20 01:52:42,238,226,173,18.2,80.4,2.33,0.0384,4.74,Low
920,WB-108,2026-09-11 09:21:42,218,216,165,22.4,71.0,9.1,0.1161,4.58,Low
921,WB-103,2026-10-03 01:28:42,198,193,150,44.6,59.2,8.5,0.1626,5.36,Low
922,WB-102,2026-09-27 22:23:42,232,222,165,38.9,52.0,4.28,0.0559,3.75,Low
923,WB-110,2026-10-03 09:44:42,81,79,64,31.8,25.9,10.89,0.6701,47.69,Moderate
924,WB-102,2026-09-16 00:47:42,116,120,93,42.9,59.9,8.94,0.5034,20.17,Moderate
925,WB-108,2026-10-02 12:19:42,235,233,191,20.3,46.0,0.83,0.0129,3.86,Low
926,WB-104,2026-09-07 18:41:42,176,161,130,27.6,62.9,9.26,0.2945,12.68,Low
927,WB-106,2026-09-13 11:14:42,201,183,155,25.3,33.6,2.78,0.1705,26.17,Moderate
928,WB-102,2026-09-30 20:40:42,190,167,134,30.6,88.4,2.37,0.2542,25.81,Moderate
929,WB-101,2026-09-10 11:48:42,175,156,126,29.2,72.1,9.3,0.3074,12.0,Low
930,WB-105,2026-09-06 10:40:42,212,193,153,20.4,88.8,4.83,0.1433,8.53,Low
931,WB-104,2026-10-01 12:50:42,178,171,132,33.0,27.0,11.39,0.2643,12.63,Low
932,WB-101,2026-09-25 18:23:42,191,172,141,28.7,30.5,5.67,0.2367,18.8,Low
933,WB-101,2026-09-13 12:47:42,239,228,191,25.4,43.7,7.0,0.0426,2.78,Low
934,WB-109,2026-09-16 23:25:42,42,40,33,20.1,87.6,6.56,0.824,81.23,High
935,WB-109,2026-09-07 05:18:42,221,211,178,17.2,38.8,1.42,0.0868,22.99,Moderate
936,WB-103,2026-09-27 17:15:42,166,171,135,25.0,43.7,2.76,0.3027,47.17,Moderate
937,WB-104,2026-10-04 05:32:42,172,155,130,44.0,89.7,1.84,0.3011,31.59,Moderate
938,WB-107,2026-09-21 22:00:42,139,132,101,25.8,50.8,6.47,0.4405,33.52,Moderate
939,WB-105,2026-09-19 08:18:42,92,88,75,16.9,57.1,10.87,0.6117,40.38,Moderate
940,WB-106,2026-09-15 19:40:42,53,56,36,33.5,40.5,5.34,0.7793,94.66,High
941,WB-103,2026-09-25 10:33:42,165,148,125,41.5,86.2,1.81,0.3388,38.92,Moderate
942,WB-109,2026-09-20 09:38:42,215,212,153,25.7,83.0,1.86,0.1212,15.6,Low
943,WB-109,2026-09-25 06:06:42,197,188,157,38.7,76.8,2.73,0.2107,17.51,Low
944,WB-105,2026-09-23 17:57:42,206,191,152,37.9,87.2,3.68,0.1887,11.43,Low
945,WB-102,2026-09-14 16:22:42,214,207,177,20.6,37.8,4.01,0.0775,8.66,Low
946,WB-107,2026-09-23 06:08:42,143,141,105,44.3,45.7,2.89,0.4006,44.95,Moderate
947,WB-103,2026-09-13 15:14:42,207,201,154,16.3,61.1,3.66,0.1473,16.42,Low
948,WB-108,2026-09-12 13:45:42,123,104,86,23.1,57.1,10.65,0.5343,28.13,Moderate
949,WB-110,2026-09-27 02:30:42,232,215,166,29.5,69.1,3.11,0.0902,7.15,Low
950,WB-104,2026-09-13 03:10:42,158,157,109,39.7,73.6,4.81,0.3631,20.54,Moderate
951,WB-108,2026-09-17 05:00:42,134,138,115,36.9,59.7,2.76,0.4246,47.88,Moderate
952,WB-108,2026-09-11 18:27:42,129,122,95,42.7,79.3,4.83,0.4811,27.87,Moderate
953,WB-108,2026-09-06 09:07:42,217,215,176,43.6,68.8,6.7,0.1019,3.59,Low
954,WB-106,2026-09-07 07:10:42,177,159,134,29.1,57.1,3.54,0.2896,28.94,Moderate
955,WB-110,2026-09-05 17:31:42,125,116,91,16.8,61.2,6.96,0.4967,41.7,Moderate
956,WB-108,2026-09-26 12:17:42,20,15,11,40.5,36.5,11.25,0.9294,91.88,High
957,WB-104,2026-10-04 08:11:42,226,222,169,30.2,44.2,2.64,0.0817,10.38,Low
958,WB-104,2026-09-15 04:38:42,188,178,158,21.5,79.1,7.76,0.2089,9.94,Low
959,WB-105,2026-09-12 13:26:42,195,185,140,15.2,47.2,3.69,0.2138,29.31,Moderate
960,WB-101,2026-09-07 05:45:42,234,228,174,26.5,71.4,11.29,0.0244,0.69,Low
961,WB-101,2026-09-09 23:14:42,210,200,153,29.5,71.0,5.58,0.1185,6.19,Low
962,WB-103,2026-09-29 05:03:42,80,75,55,35.0,70.2,7.18,0.6869,42.09,Moderate
963,WB-108,2026-09-14 07:59:42,170,146,124,24.5,57.8,8.45,0.334,17.07,Low
964,WB-106,2026-09-19 18:55:42,250,236,177,18.4,58.4,0.52,0.015,4.77,Low
965,WB-108,2026-09-08 13:54:42,63,60,46,31.1,78.5,7.58,0.7461,47.73,Moderate
966,WB-108,2026-09-11 09:19:42,120,108,88,20.9,53.6,10.71,0.5265,30.14,Moderate
967,WB-109,2026-09-09 16:36:42,192,186,158,43.8,32.8,4.08,0.209,17.24,Low
968,WB-106,2026-10-01 09:08:42,228,203,176,28.1,57.8,2.77,0.1015,10.23,Low
969,WB-105,2026-10-02 20:25:42,147,142,118,25.7,46.1,4.16,0.4004,45.29,Moderate
970,WB-102,2026-09-27 00:02:42,219,205,162,34.0,73.5,1.46,0.104,14.72,Low
971,WB-105,2026-09-05 03:10:42,202,195,139,16.9,43.1,3.16,0.1746,25.28,Moderate
972,WB-109,2026-09-19 02:38:42,169,159,141,34.5,81.8,2.62,0.2859,26.43,Moderate
973,WB-105,2026-10-03 22:46:42,156,150,108,29.3,41.9,3.78,0.3691,41.37,Moderate
974,WB-108,2026-09-28 05:05:42,232,212,175,27.6,34.2,4.96,0.079,6.23,Low
975,WB-108,2026-09-11 00:52:42,151,145,121,33.8,77.2,5.74,0.3691,20.11,Moderate
976,WB-101,2026-09-19 16:04:42,146,136,101,44.3,32.8,4.65,0.423,37.38,Moderate
977,WB-109,2026-09-21 16:06:42,207,183,157,29.1,21.9,1.56,0.1682,45.86,Moderate
978,WB-103,2026-10-03 01:54:42,83,79,69,29.9,86.1,5.61,0.6496,46.06,Moderate
979,WB-109,2026-09-10 09:40:42,56,52,46,16.0,65.3,6.87,0.7674,84.36,High
980,WB-102,2026-09-28 14:28:42,219,226,175,42.8,38.0,3.6,0.0687,5.22,Low
981,WB-103,2026-09-29 09:32:42,202,190,146,31.4,25.8,11.03,0.1725,8.14,Low
982,WB-109,2026-09-15 13:54:42,175,164,136,41.2,23.7,10.73,0.2976,13.66,Low
983,WB-101,2026-09-26 22:16:42,223,197,168,39.3,35.2,9.73,0.1062,4.16,Low
984,WB-107,2026-09-08 20:51:42,156,141,120,43.6,36.1,3.41,0.372,41.48,Moderate
985,WB-108,2026-09-18 04:47:42,77,68,52,44.9,48.0,7.84,0.704,43.14,Moderate
986,WB-110,2026-09-27 18:42:42,179,165,123,32.1,27.9,10.95,0.2973,14.92,Low
987,WB-108,2026-09-20 06:39:42,155,143,118,24.8,29.3,6.13,0.3507,32.7,Moderate
988,WB-108,2026-09-28 20:42:42,149,144,116,29.9,22.8,10.77,0.3843,23.6,Moderate
989,WB-110,2026-09-06 20:23:42,183,176,142,33.4,68.2,6.4,0.2529,13.01,Low
990,WB-105,2026-09-14 04:28:42,216,221,163,32.7,88.0,4.66,0.0815,4.41,Low
991,WB-110,2026-09-26 11:18:42,101,96,78,41.3,51.1,3.78,0.5679,58.2,High
992,WB-109,2026-09-26 14:46:42,232,220,158,29.5,68.8,1.1,0.0476,6.34,Low
993,WB-109,2026-09-30 22:53:42,167,156,120,16.2,73.4,2.44,0.3082,48.31,Moderate
994,WB-107,2026-09-20 20:43:42,123,121,89,23.0,82.3,11.76,0.4929,18.68,Low
995,WB-108,2026-09-29 14:47:42,202,188,158,42.2,82.9,1.68,0.1602,17.22,Low
996,WB-109,2026-09-04 21:08:42,235,214,172,42.8,59.1,3.38,0.0437,3.14,Low
997,WB-107,2026-09-28 14:51:42,215,205,151,34.7,65.8,1.59,0.139,19.76,Low
998,WB-102,2026-09-05 21:58:42,181,179,133,32.2,43.0,9.93,0.2285,9.51,Low
999,WB-108,2026-09-27 20:42:42,111,105,76,37.8,33.4,7.03,0.5694,44.01,Moderate
1000,WB-101,2026-09-11 04:35:42,128,123,90,38.5,85.1,9.2,0.4928,16.74,Low
1001,WB-104,2026-10-02 19:30:42,99,99,71,42.3,76.6,10.79,0.5913,19.24,Low
1002,WB-108,2026-09-10 06:36:42,208,200,146,15.3,41.9,2.51,0.1538,27.74,Moderate
1003,WB-105,2026-09-23 17:00:42,215,217,164,16.8,57.6,2.14,0.0984,17.8,Low
1004,WB-109,2026-09-21 03:27:42,167,162,116,21.6,22.0,11.77,0.3299,20.76,Moderate
1005,WB-107,2026-09-05 18:15:42,141,132,105,44.6,26.7,3.79,0.4229,46.19,Moderate
1006,WB-105,2026-09-17 06:14:42,131,114,89,22.7,63.3,5.79,0.4898,39.23,Moderate
1007,WB-108,2026-09-17 14:23:42,224,206,151,29.6,52.6,8.03,0.1204,5.42,Low
1008,WB-109,2026-09-12 22:24:42,146,140,119,31.6,68.8,7.36,0.3847,19.18,Low
1009,WB-110,2026-10-03 10:12:42,171,154,117,30.7,56.1,8.45,0.3127,14.27,Low
1010,WB-105,2026-09-23 10:57:42,227,209,181,43.0,34.9,1.69,0.0884,14.97,Low
1011,WB-106,2026-09-22 14:34:42,212,205,155,25.7,82.6,1.31,0.147,25.49,Moderate
1012,WB-107,2026-09-08 08:04:42,149,132,122,25.3,33.3,10.28,0.3973,23.5,Moderate
1013,WB-109,2026-09-27 01:23:42,97,89,74,25.8,74.8,11.71,0.6153,26.66,Moderate
1014,WB-110,2026-09-06 17:54:42,204,207,160,33.3,22.8,9.26,0.1407,8.2,Low
1015,WB-107,2026-09-11 06:03:42,221,203,164,19.0,66.2,7.11,0.0853,4.41,Low
1016,WB-106,2026-10-02 08:54:42,79,77,63,17.7,65.6,6.1,0.6774,69.42,High
1017,WB-110,2026-09-11 16:05:42,150,144,112,32.2,60.3,11.45,0.3836,13.9,Low
1018,WB-103,2026-09-09 01:28:42,115,102,83,18.0,49.3,9.87,0.5454,37.17,Moderate
1019,WB-109,2026-09-18 06:30:42,232,215,188,19.6,63.9,1.35,0.036,7.05,Low
1020,WB-105,2026-09-27 09:53:42,20,15,12,39.7,48.4,11.82,0.9309,75.72,High
1021,WB-101,2026-09-18 10:57:42,180,165,132,20.4,44.3,11.21,0.2658,12.77,Low
1022,WB-106,2026-09-29 15:21:42,218,209,151,32.3,27.6,2.55,0.1077,16.2,Low
1023,WB-108,2026-09-30 00:29:42,162,146,117,28.0,48.4,4.75,0.3447,30.28,Moderate
1024,WB-105,2026-09-18 14:56:42,203,196,145,18.2,85.7,1.01,0.1444,33.97,Moderate
1025,WB-104,2026-09-12 22:28:42,214,199,153,22.7,52.1,2.99,0.1293,15.17,Low
1026,WB-106,2026-09-28 06:42:42,95,92,68,19.6,82.1,8.92,0.6089,35.26,Moderate
1027,WB-108,2026-09-10 08:27:42,213,201,162,15.3,37.3,1.7,0.1508,45.13,Moderate
1028,WB-102,2026-09-29 05:18:42,205,182,159,29.2,41.7,10.51,0.1745,7.34,Low
1029,WB-105,2026-09-27 21:08:42,112,113,82,16.2,89.7,7.43,0.5396,33.69,Moderate
1030,WB-101,2026-09-23 21:52:42,153,145,123,37.9,70.7,7.0,0.3854,17.73,Low
1031,WB-103,2026-09-11 19:01:42,174,174,140,16.2,87.0,1.03,0.2614,76.22,High
1032,WB-107,2026-09-26 19:54:42,233,220,188,30.7,57.8,6.45,0.0148,0.53,Low
1033,WB-109,2026-09-11 10:55:42,137,130,94,32.5,30.4,10.13,0.4639,26.25,Moderate
1034,WB-110,2026-09-19 05:41:42,163,155,129,27.8,82.3,5.44,0.325,19.03,Low
1035,WB-109,2026-09-20 22:59:42,151,137,111,18.3,83.1,6.72,0.3994,24.97,Moderate
1036,WB-101,2026-09-11 16:29:42,139,123,95,35.8,55.4,6.69,0.4498,26.92,Moderate
1037,WB-101,2026-10-04 01:45:42,213,212,171,38.3,37.2,9.33,0.1084,4.71,Low
1038,WB-106,2026-09-11 14:06:42,219,212,161,20.4,53.3,8.02,0.0777,4.09,Low
1039,WB-108,2026-09-21 03:31:42,212,213,170,36.6,28.9,1.06,0.0966,24.44,Moderate
1040,WB-102,2026-09-20 12:33:42,76,77,66,37.2,50.9,10.72,0.6707,33.7,Moderate
1041,WB-104,2026-09-13 09:56:42,103,94,69,32.6,70.4,5.35,0.5875,43.06,Moderate
1042,WB-110,2026-09-09 09:31:42,128,118,92,39.8,62.5,6.52,0.4968,27.71,Moderate
1043,WB-102,2026-09-19 13:59:42,190,186,158,28.6,54.5,2.64,0.2083,26.18,Moderate
1044,WB-104,2026-09-18 17:00:42,236,229,170,32.1,20.7,9.26,0.0508,2.77,Low
1045,WB-101,2026-09-20 04:50:42,243,222,185,21.2,38.3,5.47,0.0307,2.03,Low
1046,WB-109,2026-10-02 14:46:42,207,197,148,39.8,64.2,6.91,0.1588,6.08,Low
1047,WB-108,2026-09-25 03:56:42,176,166,132,25.2,51.9,4.5,0.2756,25.11,Moderate
1048,WB-110,2026-09-16 21:45:42,108,105,80,23.2,89.0,9.99,0.5535,24.3,Moderate
1049,WB-104,2026-09-27 14:54:42,228,223,177,33.1,64.4,0.99,0.0916,21.84,Moderate
1050,WB-108,2026-09-30 13:58:42,159,148,131,31.3,56.1,8.45,0.341,16.12,Low
1051,WB-104,2026-09-10 04:03:42,232,218,165,17.2,48.4,0.96,0.0788,29.82,Moderate
1052,WB-104,2026-10-02 18:20:42,232,229,192,37.5,72.6,4.3,0.0327,1.57,Low
1053,WB-102,2026-09-20 22:54:42,162,150,126,40.8,35.5,2.27,0.3349,50.63,High
1054,WB-106,2026-09-22 08:07:42,179,164,136,36.6,50.8,2.14,0.2763,39.08,Moderate
1055,WB-107,2026-09-25 19:56:42,141,146,114,40.4,43.5,6.54,0.4173,25.2,Moderate
1056,WB-108,2026-09-28 00:21:42,106,100,75,28.8,79.4,9.22,0.5722,25.59,Moderate
1057,WB-104,2026-09-16 00:11:42,214,210,155,25.3,43.5,11.83,0.0991,3.23,Low
1058,WB-110,2026-09-07 01:06:42,92,85,69,17.7,71.4,11.94,0.6459,34.49,Moderate
1059,WB-109,2026-10-04 15:55:42,182,169,122,23.8,49.7,6.37,0.2722,19.21,Low
1060,WB-110,2026-09-09 00:09:42,191,174,140,38.3,54.5,10.73,0.2461,7.67,Low
1061,WB-108,2026-09-21 20:53:42,171,167,137,41.4,74.5,2.69,0.2821,25.52,Moderate
1062,WB-106,2026-09-13 02:14:42,117,102,83,43.5,70.2,6.16,0.5405,28.93,Moderate
1063,WB-104,2026-09-12 03:39:42,77,73,54,21.5,88.9,10.18,0.684,36.02,Moderate
1064,WB-104,2026-09-20 06:49:42,225,229,175,38.8,32.0,0.92,0.0621,15.34,Low
1065,WB-107,2026-09-12 18:15:42,118,113,90,16.5,67.3,9.55,0.5285,31.72,Moderate
1066,WB-109,2026-10-04 09:30:42,201,195,149,42.4,55.4,6.75,0.1457,5.72,Low
1067,WB-102,2026-09-16 01:56:42,197,177,144,19.0,85.3,10.79,0.2034,7.16,Low
1068,WB-110,2026-09-29 17:23:42,208,192,143,42.9,85.3,11.65,0.168,3.61,Low
1069,WB-101,2026-09-08 21:29:42,56,48,41,34.7,84.8,3.35,0.7877,95.1,High
1070,WB-104,2026-09-25 21:14:42,165,163,127,39.8,73.3,6.22,0.3021,13.65,Low
1071,WB-102,2026-09-30 11:54:42,174,164,126,21.7,57.6,11.36,0.3227,13.69,Low
1072,WB-108,2026-09-17 06:22:42,151,136,115,38.2,71.8,6.69,0.3928,18.47,Low
1073,WB-104,2026-09-19 05:59:42,210,206,163,44.2,47.3,10.96,0.1407,4.17,Low
1074,WB-106,2026-09-20 15:38:42,169,172,125,18.8,24.3,11.95,0.2899,18.07,Low
1075,WB-105,2026-09-13 07:14:42,173,179,137,39.7,34.8,6.05,0.2677,17.78,Low
1076,WB-110,2026-09-14 21:51:42,235,227,189,20.2,43.7,3.08,0.0428,4.97,Low
1077,WB-109,2026-09-05 21:03:42,159,152,129,36.1,44.8,10.77,0.3388,13.03,Low
1078,WB-110,2026-09-15 22:38:42,150,151,113,22.0,84.7,9.02,0.3592,15.31,Low
1079,WB-104,2026-09-26 12:11:42,209,216,166,15.4,71.3,7.36,0.111,5.96,Low
1080,WB-108,2026-10-03 21:12:42,220,220,164,29.5,82.7,2.66,0.1006,8.18,Low
1081,WB-101,2026-09-05 21:59:42,233,210,189,34.6,22.0,3.86,0.0527,5.88,Low
1082,WB-101,2026-09-08 14:20:42,146,142,103,24.7,55.6,8.25,0.3936,21.96,Moderate
1083,WB-106,2026-09-20 22:17:42,189,185,136,30.1,59.3,4.38,0.2416,18.8,Low
1084,WB-106,2026-09-25 10:56:42,222,204,172,44.9,23.4,5.57,0.099,6.33,Low
1085,WB-108,2026-09-16 20:33:42,188,185,146,19.0,76.8,8.25,0.2308,10.91,Low
1086,WB-110,2026-09-06 08:17:42,66,61,45,22.5,82.2,9.19,0.7432,46.54,Moderate
1087,WB-106,2026-09-22 08:50:42,152,145,118,44.7,46.2,9.25,0.3921,15.89,Low
1088,WB-106,2026-09-18 11:35:42,232,213,183,32.0,23.1,9.66,0.0694,3.48,Low
1089,WB-103,2026-09-18 05:11:42,245,225,186,32.0,55.3,2.84,0.0387,3.83,Low
1090,WB-109,2026-09-30 05:30:42,184,182,137,23.2,78.2,1.46,0.2403,46.35,Moderate
1091,WB-103,2026-09-13 20:39:42,179,162,127,42.6,62.6,9.78,0.3002,9.65,Low
1092,WB-101,2026-09-07 09:39:42,68,64,49,25.7,54.7,10.51,0.7246,46.62,Moderate
1093,WB-101,2026-10-03 13:42:42,246,219,187,15.5,30.6,1.56,0.0093,2.44,Low
1094,WB-104,2026-09-08 10:28:42,32,26,20,42.0,31.8,10.65,0.8828,73.7,High
1095,WB-108,2026-09-29 00:14:42,199,186,153,21.8,64.8,5.76,0.1838,12.0,Low
1096,WB-110,2026-09-29 23:27:42,176,169,131,30.8,29.0,5.96,0.2725,22.08,Moderate
1097,WB-105,2026-09-19 15:45:42,219,204,172,24.6,32.3,5.2,0.0943,9.06,Low
1098,WB-102,2026-09-07 22:28:42,215,204,146,25.9,65.6,8.12,0.1527,6.65,Low
1099,WB-101,2026-09-29 19:46:42,219,202,165,16.8,46.1,1.39,0.1188,31.17,Moderate
1100,WB-102,2026-09-19 01:18:42,146,134,112,29.3,72.6,4.84,0.4245,30.46,Moderate
1101,WB-105,2026-09-09 06:03:42,219,203,157,31.9,59.2,2.41,0.0931,10.61,Low
1102,WB-106,2026-09-26 22:35:42,106,102,78,22.5,46.5,9.91,0.5692,36.23,Moderate
1103,WB-109,2026-09-06 15:33:42,163,166,120,44.9,32.4,6.78,0.321,18.62,Low
1104,WB-110,2026-10-03 15:36:42,219,213,181,43.2,89.5,11.53,0.0734,1.43,Low
1105,WB-103,2026-09-21 21:24:42,251,228,182,28.7,46.3,7.14,0.0174,0.84,Low
1106,WB-104,2026-09-08 07:30:42,133,128,92,32.5,42.2,7.52,0.4665,30.84,Moderate
1107,WB-105,2026-09-05 02:14:42,221,200,157,43.1,42.2,2.29,0.1282,14.82,Low
1108,WB-104,2026-09-26 12:22:42,202,203,154,23.9,63.1,4.82,0.1495,10.97,Low
1109,WB-108,2026-09-20 07:14:42,144,152,107,26.8,82.6,10.24,0.3902,13.92,Low
1110,WB-110,2026-09-21 22:04:42,201,189,159,25.1,43.5,6.74,0.1681,10.93,Low
1111,WB-109,2026-09-12 22:16:42,199,181,161,38.5,72.2,1.08,0.1942,36.55,Moderate
1112,WB-109,2026-09-17 14:58:42,227,229,175,30.8,78.4,0.88,0.0381,9.61,Low
1113,WB-107,2026-09-20 05:55:42,205,203,149,31.9,35.9,7.66,0.1715,9.98,Low
1114,WB-107,2026-09-17 14:44:42,50,52,35,35.2,60.0,11.85,0.7903,41.7,Moderate
1115,WB-105,2026-09-27 00:11:42,126,122,97,34.3,47.8,5.37,0.4953,40.73,Moderate
1116,WB-106,2026-10-03 12:20:42,231,215,164,26.2,64.2,6.51,0.0618,3.3,Low
1117,WB-103,2026-09-07 05:38:42,171,175,125,21.5,28.2,6.24,0.2868,26.94,Moderate
1118,WB-108,2026-09-15 17:19:42,232,219,168,25.4,23.0,5.11,0.0759,7.29,Low
1119,WB-108,2026-10-04 01:36:42,92,81,71,40.9,40.0,7.57,0.6299,41.67,Moderate
1120,WB-109,2026-10-01 19:03:42,134,120,101,24.3,50.7,4.63,0.4573,49.56,Moderate
1121,WB-108,2026-09-10 23:57:42,24,26,21,26.3,83.6,9.58,0.8962,68.31,High
1122,WB-101,2026-09-20 07:43:42,155,150,122,37.1,58.3,11.47,0.3591,12.26,Low
1123,WB-109,2026-09-13 20:08:42,228,216,167,17.3,44.0,8.4,0.0713,4.2,Low
1124,WB-110,2026-09-29 06:05:42,223,218,183,40.3,73.6,4.86,0.0784,4.11,Low
1125,WB-106,2026-09-15 05:44:42,130,128,100,16.7,46.2,5.83,0.4653,49.59,Moderate
1126,WB-106,2026-10-02 22:58:42,221,200,165,17.6,65.9,10.98,0.1251,5.61,Low
1127,WB-108,2026-09-15 19:05:42,154,146,113,32.9,54.2,8.16,0.3792,18.82,Low
1128,WB-101,2026-09-27 10:40:42,208,212,163,37.2,75.9,2.83,0.1294,10.1,Low
1129,WB-107,2026-10-02 20:58:42,130,122,99,28.6,81.2,7.06,0.4745,24.99,Moderate
1130,WB-105,2026-09-25 23:02:42,220,207,176,31.5,27.8,3.82,0.069,8.19,Low
1131,WB-109,2026-09-23 18:06:42,183,161,124,27.8,28.9,3.91,0.276,33.82,Moderate
1132,WB-109,2026-09-16 03:35:42,206,181,148,31.6,59.5,8.96,0.1974,7.34,Low
1133,WB-104,2026-09-06 03:50:42,184,174,127,39.2,71.2,5.83,0.2738,12.31,Low
1134,WB-104,2026-09-27 03:52:42,202,180,142,17.9,78.4,9.15,0.2032,8.83,Low
1135,WB-109,2026-09-16 12:13:42,207,184,143,38.2,36.8,8.88,0.1934,8.17,Low
1136,WB-104,2026-09-05 22:22:42,188,178,136,33.7,52.4,11.26,0.2422,8.32,Low
1137,WB-108,2026-09-20 10:52:42,182,171,143,21.0,61.3,2.37,0.2415,37.86,Moderate
1138,WB-110,2026-09-06 14:31:42,241,235,172,32.6,62.4,1.9,0.0102,0.73,Low
1139,WB-102,2026-09-15 07:27:42,212,200,171,18.2,86.5,1.76,0.109,18.7,Low
1140,WB-104,2026-09-12 16:58:42,212,197,152,17.1,73.7,1.32,0.1446,34.33,Moderate
1141,WB-108,2026-09-19 23:15:42,196,187,146,26.3,55.4,4.68,0.1919,15.07,Low
1142,WB-105,2026-09-11 22:29:42,237,222,192,16.8,26.7,0.94,0.0257,16.52,Low
1143,WB-104,2026-09-21 00:07:42,230,218,165,18.5,21.1,1.73,0.0348,11.2,Low
1144,WB-107,2026-09-08 07:50:42,98,88,77,17.9,35.9,10.82,0.6066,47.41,Moderate
1145,WB-110,2026-09-15 16:23:42,234,219,168,34.4,50.6,3.38,0.0839,7.13,Low
1146,WB-102,2026-09-27 13:15:42,142,129,106,35.9,37.1,7.96,0.4293,25.33,Moderate
1147,WB-105,2026-09-22 16:11:42,46,42,34,34.9,82.9,8.86,0.8113,47.25,Moderate
1148,WB-104,2026-09-21 13:38:42,201,187,158,32.6,73.2,2.59,0.1749,17.24,Low
1149,WB-101,2026-09-15 00:57:42,234,212,168,29.5,72.7,1.28,0.0619,9.47,Low
1150,WB-102,2026-09-12 17:07:42,251,217,186,22.6,48.0,2.1,0.0399,6.32,Low
1151,WB-108,2026-09-10 08:44:42,227,235,189,17.8,32.8,11.7,0.0353,1.36,Low
1152,WB-110,2026-09-09 21:32:42,119,105,87,35.5,44.7,7.73,0.5203,31.41,Moderate
1153,WB-101,2026-09-15 12:17:42,122,119,83,16.1,55.0,10.33,0.5107,31.89,Moderate
1154,WB-102,2026-09-08 16:48:42,217,222,176,20.9,29.1,11.24,0.0901,4.47,Low
1155,WB-106,2026-09-20 09:03:42,216,207,169,15.8,51.1,1.72,0.0998,21.13,Moderate
1156,WB-110,2026-09-17 07:27:42,190,183,147,19.0,37.9,11.7,0.2334,11.48,Low
1157,WB-106,2026-09-27 01:32:42,214,201,157,21.3,29.5,0.78,0.1068,52.52,High
1158,WB-105,2026-09-08 00:08:42,194,173,153,25.8,58.1,6.11,0.2248,14.45,Low
1159,WB-105,2026-09-22 02:44:42,214,210,164,29.0,78.4,2.54,0.1404,13.25,Low
1160,WB-103,2026-10-04 05:57:42,97,88,74,26.8,87.5,7.07,0.622,37.12,Moderate
1161,WB-105,2026-09-30 02:38:42,145,137,108,17.4,75.7,4.23,0.4042,40.14,Moderate
1162,WB-106,2026-09-25 21:55:42,202,190,140,18.2,48.3,7.07,0.1932,13.17,Low
1163,WB-102,2026-09-28 19:24:42,200,182,146,41.0,49.2,9.13,0.209,7.91,Low
1164,WB-110,2026-09-28 21:09:42,40,35,29,33.7,73.0,10.17,0.8388,49.8,Moderate
1165,WB-109,2026-09-28 09:02:42,241,239,191,17.2,34.2,1.57,0.023,5.69,Low
1166,WB-105,2026-09-26 17:10:42,167,164,135,25.9,28.8,2.16,0.2952,64.45,High
1167,WB-108,2026-09-29 08:39:42,231,218,176,24.8,69.1,5.55,0.0636,3.45,Low
1168,WB-108,2026-09-14 07:38:42,231,234,186,39.0,23.3,2.32,0.0447,4.96,Low
1169,WB-109,2026-09-09 21:01:42,171,159,122,15.4,83.4,3.11,0.3039,36.05,Moderate
1170,WB-110,2026-09-25 13:15:42,244,235,176,34.2,86.1,1.79,0.0387,4.23,Low
1171,WB-109,2026-09-11 00:18:42,195,180,144,44.0,31.0,2.64,0.1982,24.54,Moderate
1172,WB-110,2026-09-28 17:43:42,144,143,114,40.0,53.3,11.86,0.3996,13.1,Low
1173,WB-104,2026-09-20 09:58:42,207,193,145,22.5,32.7,5.81,0.184,15.86,Low
1174,WB-109,2026-09-15 16:10:42,126,126,103,43.0,64.0,11.93,0.4661,14.28,Low
1175,WB-108,2026-10-03 16:48:42,156,163,118,44.9,25.3,11.27,0.3369,13.87,Low
1176,WB-104,2026-10-02 16:12:42,69,62,60,36.5,88.6,9.75,0.7127,29.71,Moderate
1177,WB-106,2026-09-07 21:04:42,31,32,26,19.9,69.4,7.85,0.8664,92.86,High
1178,WB-110,2026-09-11 08:23:42,214,190,150,27.4,26.8,3.21,0.1378,19.83,Low
1179,WB-104,2026-10-01 01:31:42,96,92,75,33.0,33.1,9.5,0.6035,40.39,Moderate
1180,WB-108,2026-09-24 03:51:42,78,72,61,41.5,58.6,7.59,0.6882,40.81,Moderate
1181,WB-102,2026-09-10 14:03:42,236,211,171,39.4,79.1,3.47,0.085,5.08,Low
1182,WB-103,2026-09-26 10:27:42,219,193,152,23.8,30.5,4.74,0.1343,12.7,Low
1183,WB-105,2026-09-26 21:10:42,34,32,24,36.9,37.0,7.34,0.8657,97.94,High
1184,WB-101,2026-09-10 14:00:42,167,153,132,18.1,62.1,3.98,0.3017,31.05,Moderate
1185,WB-102,2026-09-08 22:59:42,244,214,193,25.8,21.1,6.97,0.0271,2.05,Low
1186,WB-102,2026-09-19 05:15:42,186,181,136,40.3,45.3,3.5,0.2342,20.5,Moderate
1187,WB-105,2026-09-29 13:56:42,245,239,172,26.4,86.2,2.87,0.0213,0.99,Low
1188,WB-108,2026-09-21 12:22:42,208,186,164,37.0,58.7,3.32,0.1616,12.89,Low
1189,WB-106,2026-09-23 01:56:42,192,184,155,28.8,88.2,1.02,0.209,43.79,Moderate
1190,WB-106,2026-09-07 03:33:42,110,107,83,24.7,65.6,8.64,0.5598,32.03,Moderate
1191,WB-106,2026-09-23 04:37:42,118,113,83,22.4,70.0,6.5,0.5225,37.9,Moderate
1192,WB-110,2026-09-16 22:48:42,232,210,187,35.5,47.5,5.04,0.0602,3.54,Low
1193,WB-103,2026-09-20 02:04:42,166,170,134,39.6,46.9,7.51,0.299,14.44,Low
1194,WB-108,2026-09-26 20:49:42,104,99,75,26.4,43.3,10.34,0.5864,35.68,Moderate
1195,WB-106,2026-10-01 14:46:42,94,95,67,15.5,79.0,7.15,0.6117,47.7,Moderate
1196,WB-107,2026-09-19 23:32:42,220,202,164,20.0,47.7,4.14,0.0897,8.89,Low
1197,WB-106,2026-09-10 04:00:42,163,150,120,28.8,24.4,10.91,0.3387,18.44,Low
1198,WB-107,2026-09-07 23:39:42,216,216,165,29.4,84.7,8.78,0.1195,3.95,Low
1199,WB-106,2026-09-24 06:39:42,156,142,127,42.6,81.9,1.63,0.3621,44.98,Moderate
1200,WB-110,2026-09-11 00:52:42,105,103,84,31.4,65.6,6.44,0.5454,34.68,Moderate
1201,WB-108,2026-09-12 09:56:42,162,152,125,31.0,77.1,7.72,0.3542,15.31,Low
1202,WB-106,2026-09-09 14:21:42,154,158,127,41.9,72.1,1.71,0.3344,45.43,Moderate
1203,WB-106,2026-09-07 11:25:42,237,230,190,26.2,79.4,2.37,0.0134,1.34,Low
1204,WB-103,2026-10-04 14:39:42,235,223,174,36.2,40.4,1.16,0.0224,4.48,Low
1205,WB-110,2026-10-02 20:19:42,128,130,103,41.7,52.8,5.26,0.4567,30.57,Moderate
1206,WB-103,2026-10-03 11:52:42,151,141,110,25.5,61.8,2.13,0.3821,64.66,High
1207,WB-101,2026-09-21 03:26:42,68,65,56,39.4,80.2,8.73,0.7213,34.25,Moderate
1208,WB-108,2026-09-29 21:37:42,208,212,156,41.1,55.8,7.0,0.1121,4.68,Low
1209,WB-108,2026-09-21 03:40:42,172,163,134,33.6,47.6,9.61,0.3088,13.7,Low
1210,WB-102,2026-09-28 13:14:42,68,69,50,39.9,58.6,11.82,0.7243,31.81,Moderate
1211,WB-102,2026-10-02 21:32:42,226,232,176,18.8,36.4,4.42,0.0345,3.41,Low
1212,WB-101,2026-09-07 23:14:42,148,149,116,33.3,70.6,4.8,0.3918,25.85,Moderate
1213,WB-103,2026-10-02 16:32:42,228,218,175,22.0,40.8,5.58,0.0848,7.76,Low
1214,WB-105,2026-09-27 04:57:42,144,133,106,38.3,34.0,9.62,0.3955,19.8,Low
1215,WB-110,2026-09-13 04:24:42,181,166,129,41.2,81.4,9.77,0.2752,7.73,Low
1216,WB-108,2026-09-28 02:18:42,171,163,123,28.2,44.8,9.18,0.3119,15.78,Low
1217,WB-109,2026-09-15 18:14:42,227,208,160,44.1,88.5,2.0,0.1055,8.51,Low
1218,WB-106,2026-09-12 16:57:42,28,27,20,33.4,81.5,11.49,0.885,48.98,Moderate
1219,WB-102,2026-10-01 01:41:42,209,189,147,30.2,60.9,1.27,0.1685,36.05,Moderate
1220,WB-105,2026-09-19 16:08:42,226,202,166,32.5,20.9,4.32,0.1032,10.62,Low
1221,WB-108,2026-09-20 10:48:42,239,215,181,17.4,61.1,0.86,0.0302,11.17,Low
1222,WB-105,2026-09-07 18:06:42,194,198,146,37.2,21.7,10.89,0.1724,7.8,Low
1223,WB-101,2026-09-30 05:19:42,87,86,68,23.7,51.8,8.48,0.6324,46.68,Moderate
1224,WB-108,2026-09-18 08:54:42,103,96,76,23.9,35.0,8.17,0.5918,50.8,High
1225,WB-101,2026-09-22 00:27:42,90,79,62,30.1,76.9,9.05,0.6532,32.78,Moderate
1226,WB-106,2026-09-21 07:44:42,128,126,94,33.6,60.9,7.48,0.4691,25.09,Moderate
1227,WB-105,2026-10-02 13:08:42,147,141,111,16.1,86.7,8.14,0.3917,21.22,Moderate
1228,WB-110,2026-09-25 20:30:42,208,186,145,42.7,31.7,3.57,0.1711,15.93,Low
1229,WB-102,2026-09-10 02:06:42,229,213,188,30.5,71.0,0.91,0.0423,9.8,Low
1230,WB-108,2026-09-21 19:20:42,209,197,162,44.3,53.0,2.37,0.1664,17.76,Low
1231,WB-107,2026-09-29 15:58:42,176,164,139,35.6,57.4,3.22,0.3023,28.81,Moderate
1232,WB-103,2026-09-23 01:11:42,67,65,50,34.7,75.4,4.58,0.7161,64.73,High
1233,WB-102,2026-09-18 16:03:42,220,197,172,17.8,46.4,4.15,0.1168,13.33,Low
1234,WB-104,2026-09-28 23:28:42,20,18,13,28.2,46.7,11.23,0.9214,89.85,High
1235,WB-104,2026-09-14 09:22:42,215,210,160,23.9,52.8,0.75,0.1234,45.53,Moderate
1236,WB-101,2026-09-20 08:18:42,116,115,87,22.2,58.0,8.75,0.5137,31.37,Moderate
1237,WB-101,2026-09-16 07:46:42,177,168,132,22.5,39.9,7.94,0.2788,18.55,Low
1238,WB-108,2026-09-11 05:01:42,200,178,140,28.1,21.7,11.13,0.2125,11.71,Low
1239,WB-105,2026-09-28 06:17:42,187,178,139,31.2,41.3,5.53,0.2544,18.83,Low
1240,WB-102,2026-09-21 19:01:42,245,235,185,43.0,72.3,3.16,0.0247,1.19,Low
1241,WB-103,2026-10-01 07:08:42,66,61,44,42.4,71.1,10.03,0.7453,32.77,Moderate
1242,WB-108,2026-09-23 20:52:42,184,177,142,30.8,31.9,9.7,0.2242,11.63,Low
1243,WB-108,2026-09-26 21:14:42,76,73,59,33.5,37.0,11.86,0.6941,40.9,Moderate
1244,WB-105,2026-09-26 15:09:42,148,136,103,15.9,22.5,11.46,0.4094,31.32,Moderate
1245,WB-107,2026-09-26 03:57:42,21,18,16,31.5,64.4,7.27,0.92,98.55,High
1246,WB-103,2026-09-11 05:02:42,215,188,144,26.2,53.6,2.77,0.1677,20.04,Moderate
1247,WB-108,2026-09-06 05:48:42,204,203,147,36.5,44.7,5.76,0.1389,8.36,Low
1248,WB-103,2026-09-27 23:46:42,111,104,81,30.7,56.0,5.88,0.5417,42.45,Moderate
1249,WB-110,2026-09-21 10:08:42,243,215,181,28.3,36.7,3.52,0.0361,4.27,Low
1250,WB-101,2026-09-23 05:49:42,206,179,150,38.1,66.4,2.98,0.192,15.56,Low
1251,WB-110,2026-09-05 22:55:42,81,73,58,33.2,20.7,9.47,0.6776,59.03,High
1252,WB-101,2026-09-26 18:40:42,137,139,99,30.0,65.7,8.05,0.4339,21.94,Moderate
1253,WB-101,2026-09-12 11:50:42,205,195,150,26.2,25.6,4.66,0.1805,19.14,Low
1254,WB-104,2026-09-07 06:15:42,130,130,97,29.9,89.1,3.93,0.4515,33.95,Moderate
1255,WB-101,2026-09-05 06:16:42,239,210,168,16.9,26.3,10.04,0.0499,3.79,Low
1256,WB-101,2026-09-15 00:19:42,184,183,131,30.0,62.6,10.82,0.2235,7.97,Low
1257,WB-106,2026-09-12 04:45:42,186,166,144,23.1,75.0,3.6,0.2682,25.08,Moderate
1258,WB-105,2026-09-15 12:53:42,169,157,114,28.2,68.8,7.79,0.3338,15.65,Low
1259,WB-110,2026-09-30 16:01:42,74,78,62,21.8,76.4,7.84,0.6842,47.45,Moderate
1260,WB-110,2026-09-13 14:56:42,194,173,149,35.5,38.8,9.87,0.2321,9.81,Low
1261,WB-110,2026-09-14 07:45:42,95,91,75,38.2,63.6,5.97,0.6205,42.53,Moderate
1262,WB-108,2026-09-09 01:12:42,183,176,133,36.1,72.7,1.26,0.2389,40.09,Moderate
1263,WB-105,2026-09-24 15:35:42,218,208,176,19.9,36.1,1.38,0.1135,31.86,Moderate
1264,WB-107,2026-09-05 21:54:42,182,167,120,19.4,21.8,11.88,0.2904,18.42,Low
1265,WB-108,2026-09-24 15:43:42,93,91,72,37.4,87.0,6.1,0.6156,34.34,Moderate
1266,WB-107,2026-10-01 21:36:42,200,182,148,31.2,26.9,4.16,0.1797,18.86,Low
1267,WB-109,2026-09-27 03:56:42,166,168,128,28.9,62.7,5.35,0.3017,19.62,Low
1268,WB-104,2026-09-24 12:01:42,197,176,141,37.4,63.1,10.55,0.229,6.92,Low
1269,WB-108,2026-09-11 06:16:42,210,208,152,16.6,38.6,6.42,0.1431,12.23,Low
1270,WB-110,2026-09-13 03:00:42,221,201,164,30.8,53.7,1.53,0.102,18.0,Low
1271,WB-103,2026-09-23 13:09:42,167,160,129,29.4,59.3,7.36,0.3135,16.77,Low
1272,WB-101,2026-10-02 07:54:42,105,107,84,42.9,82.7,2.09,0.5593,68.06,High
1273,WB-110,2026-09-26 12:00:42,177,172,141,38.8,54.6,10.36,0.2565,8.49,Low
1274,WB-108,2026-09-12 00:48:42,172,167,139,34.2,63.2,6.87,0.2976,14.65,Low
1275,WB-103,2026-09-11 09:56:42,205,196,148,44.7,60.7,1.75,0.1272,15.78,Low
1276,WB-105,2026-09-20 22:50:42,83,87,65,33.5,80.7,2.38,0.6474,93.6,High
1277,WB-110,2026-09-17 15:08:42,131,136,98,39.5,77.0,10.26,0.4427,14.19,Low
1278,WB-103,2026-09-28 03:43:42,196,193,136,37.7,45.8,8.72,0.2085,8.71,Low
1279,WB-110,2026-09-16 12:49:42,107,96,71,44.7,53.9,5.88,0.5947,38.96,Moderate
1280,WB-102,2026-09-26 02:30:42,183,174,130,16.5,80.0,2.86,0.2357,27.85,Moderate
1281,WB-106,2026-09-27 10:05:42,197,184,163,20.8,69.7,1.21,0.1943,47.34,Moderate
1282,WB-104,2026-09-16 19:40:42,198,182,136,15.6,69.8,8.69,0.2134,11.56,Low
1283,WB-110,2026-09-29 01:11:42,33,30,23,22.6,44.6,10.68,0.8663,84.95,High
1284,WB-108,2026-09-08 07:23:42,213,194,165,19.6,56.1,2.31,0.1242,18.79,Low
1285,WB-102,2026-09-21 07:39:42,182,181,150,44.7,37.0,10.14,0.2419,8.94,Low
1286,WB-102,2026-09-06 00:03:42,166,160,123,19.0,43.8,6.41,0.2992,25.26,Moderate
1287,WB-107,2026-09-16 16:18:42,61,60,52,36.3,59.9,9.73,0.7368,40.83,Moderate
1288,WB-105,2026-09-11 04:18:42,196,200,160,24.0,53.9,5.15,0.1658,12.66,Low
1289,WB-108,2026-09-21 04:31:42,186,178,134,29.8,86.6,2.69,0.241,23.07,Moderate
1290,WB-105,2026-09-15 11:53:42,116,115,80,30.9,66.7,4.53,0.5331,44.65,Moderate
1291,WB-107,2026-09-20 12:18:42,179,166,141,26.8,70.7,10.96,0.2728,9.2,Low
1292,WB-110,2026-09-17 14:30:42,235,213,175,23.0,81.5,2.37,0.0479,5.72,Low
1293,WB-109,2026-10-02 12:29:42,162,164,136,30.4,66.3,6.84,0.3203,15.95,Low
1294,WB-110,2026-09-06 16:42:42,239,228,161,27.9,36.4,1.12,0.0501,15.79,Low
1295,WB-108,2026-09-14 18:47:42,128,120,88,29.1,44.8,4.59,0.4843,49.67,Moderate
1296,WB-104,2026-09-08 22:38:42,197,177,147,43.3,31.6,3.86,0.1824,15.87,Low
1297,WB-107,2026-09-12 09:41:42,243,220,174,29.3,27.2,0.59,0.0037,4.23,Low
1298,WB-110,2026-10-02 15:47:42,131,113,105,38.1,44.8,8.48,0.4771,24.44,Moderate
1299,WB-106,2026-09-06 18:32:42,234,226,161,36.5,81.7,1.51,0.0741,8.22,Low
1300,WB-104,2026-09-19 06:31:42,151,142,105,18.4,25.0,10.3,0.387,29.69,Moderate
1301,WB-108,2026-09-20 00:06:42,239,225,184,26.4,56.9,0.84,0.0473,13.6,Low
1302,WB-101,2026-09-07 15:15:42,187,188,148,32.2,50.0,3.53,0.2276,22.02,Moderate
1303,WB-102,2026-09-27 04:15:42,238,231,190,43.8,37.2,0.6,0.0323,7.46,Low
1304,WB-107,2026-09-10 20:15:42,216,197,151,31.2,33.9,6.7,0.1416,9.01,Low
1305,WB-106,2026-09-23 22:47:42,232,227,182,15.1,42.5,1.53,0.0464,12.1,Low
1306,WB-102,2026-09-18 01:31:42,197,185,139,29.2,70.2,10.58,0.2147,7.14,Low
1307,WB-104,2026-09-16 06:18:42,229,213,179,41.3,56.8,10.73,0.063,1.7,Low
1308,WB-110,2026-09-06 05:06:42,123,120,90,40.3,69.8,6.34,0.5095,27.57,Moderate
1309,WB-110,2026-09-07 06:44:42,170,163,119,31.4,81.7,5.66,0.3191,16.88,Low
1310,WB-104,2026-10-03 18:44:42,170,160,141,16.8,34.7,6.91,0.2885,27.32,Moderate
1311,WB-105,2026-09-12 11:56:42,53,50,40,25.7,73.7,11.75,0.7814,41.42,Moderate
1312,WB-109,2026-09-07 09:38:42,164,168,137,19.5,49.4,10.98,0.3127,15.4,Low
1313,WB-104,2026-09-18 02:45:42,232,229,169,31.0,22.5,11.43,0.0235,0.81,Low
1314,WB-108,2026-09-21 08:47:42,188,173,143,20.8,22.2,10.3,0.2577,17.75,Low
1315,WB-109,2026-09-22 11:00:42,217,217,157,44.2,73.4,7.5,0.1278,4.02,Low
1316,WB-101,2026-09-24 10:03:42,50,49,41,26.0,72.4,10.55,0.7883,46.79,Moderate
1317,WB-109,2026-09-12 23:16:42,46,40,36,24.8,64.1,8.09,0.8121,71.63,High
1318,WB-107,2026-09-11 00:01:42,56,52,45,35.3,64.9,11.58,0.7619,37.64,Moderate
1319,WB-106,2026-10-02 01:41:42,179,165,126,26.3,66.2,4.29,0.2653,21.14,Moderate
1320,WB-108,2026-09-13 23:35:42,52,53,42,31.8,73.8,9.21,0.786,46.63,Moderate
1321,WB-109,2026-09-20 06:17:42,209,202,165,36.6,58.5,9.54,0.1287,4.07,Low
1322,WB-109,2026-09-14 07:36:42,114,103,89,40.6,32.1,6.09,0.5307,43.46,Moderate
1323,WB-104,2026-09-11 23:21:42,228,203,162,24.0,31.6,2.2,0.067,12.0,Low
1324,WB-109,2026-09-28 06:16:42,163,161,121,17.0,67.0,5.83,0.3252,24.33,Moderate
1325,WB-109,2026-10-02 23:23:42,113,101,84,43.2,58.4,9.56,0.5445,22.68,Moderate
1326,WB-109,2026-09-27 22:55:42,171,166,129,25.4,23.0,8.77,0.3071,22.62,Moderate
1327,WB-101,2026-09-27 18:09:42,177,158,136,28.5,46.0,5.8,0.2972,21.77,Moderate
1328,WB-109,2026-09-21 22:22:42,214,195,151,30.1,70.9,6.01,0.1519,7.55,Low
1329,WB-106,2026-09-09 16:33:42,156,145,123,22.7,35.6,2.8,0.352,61.53,High
1330,WB-101,2026-09-30 19:39:42,212,203,153,23.9,88.5,2.83,0.1518,15.07,Low
1331,WB-101,2026-10-01 16:23:42,219,211,153,22.7,24.1,4.38,0.1228,13.83,Low
1332,WB-101,2026-10-03 00:05:42,213,207,165,33.3,22.8,1.81,0.1133,24.59,Moderate
1333,WB-103,2026-09-06 22:32:42,115,108,80,39.9,61.2,8.12,0.547,26.52,Moderate
1334,WB-105,2026-09-09 21:37:42,213,186,163,21.7,52.0,1.82,0.1558,30.56,Moderate
1335,WB-103,2026-09-09 00:16:42,195,172,150,34.5,41.5,4.78,0.2203,17.13,Low
1336,WB-109,2026-09-14 14:37:42,130,118,92,36.2,63.1,10.68,0.4824,18.05,Low
1337,WB-102,2026-10-02 10:15:42,205,194,161,15.0,73.6,9.01,0.1664,7.67,Low
1338,WB-103,2026-09-16 22:11:42,213,188,166,28.3,33.5,5.67,0.1486,11.34,Low
1339,WB-103,2026-09-05 04:01:42,203,200,158,29.1,55.0,1.97,0.1624,24.05,Moderate
1340,WB-106,2026-09-27 17:16:42,166,159,134,37.9,30.7,11.69,0.312,12.69,Low
1341,WB-108,2026-09-25 21:08:42,217,211,178,28.6,81.8,2.2,0.1182,13.05,Low
1342,WB-107,2026-09-30 00:32:42,228,219,175,33.8,73.9,6.8,0.0586,2.21,Low
1343,WB-106,2026-09-24 19:21:42,225,226,166,26.9,36.3,4.44,0.0757,6.94,Low
1344,WB-101,2026-09-13 20:13:42,230,214,177,28.7,43.2,8.7,0.0761,3.61,Low
1345,WB-102,2026-09-14 04:40:42,107,96,79,35.3,52.4,5.53,0.5787,46.37,Moderate
1346,WB-103,2026-09-23 13:39:42,89,84,72,37.9,55.5,9.87,0.6407,31.97,Moderate
1347,WB-106,2026-09-08 19:04:42,209,205,150,36.1,68.5,5.78,0.1354,6.61,Low
1348,WB-103,2026-09-12 22:00:42,235,223,188,37.4,33.2,2.31,0.0598,7.6,Low
1349,WB-105,2026-09-14 17:23:42,200,193,155,32.5,69.2,4.95,0.1604,9.33,Low
1350,WB-105,2026-09-30 13:00:42,178,174,137,17.8,86.4,6.75,0.2507,13.95,Low
1351,WB-108,2026-09-26 05:07:42,126,120,96,44.3,70.9,11.02,0.4843,14.89,Low
1352,WB-108,2026-10-03 03:18:42,150,134,114,39.1,54.2,4.89,0.3965,27.37,Moderate
1353,WB-103,2026-10-04 12:47:42,38,41,35,38.6,63.7,10.15,0.8284,48.74,Moderate
1354,WB-101,2026-09-10 08:26:42,81,78,67,44.3,87.6,4.51,0.6632,45.47,Moderate
1355,WB-105,2026-10-01 17:01:42,246,215,182,36.6,63.3,1.55,0.0214,2.6,Low
1356,WB-106,2026-10-04 09:46:42,222,210,177,38.0,43.8,0.52,0.0997,42.29,Moderate
1357,WB-107,2026-09-18 23:20:42,64,57,49,39.5,87.7,5.8,0.7442,48.92,Moderate
1358,WB-108,2026-09-25 22:18:42,121,110,84,38.4,72.4,7.15,0.5125,24.84,Moderate
1359,WB-102,2026-09-08 16:26:42,205,194,156,25.0,86.8,1.29,0.1905,34.03,Moderate
1360,WB-110,2026-09-11 16:45:42,109,105,78,18.6,24.1,11.45,0.5566,45.64,Moderate
1361,WB-101,2026-09-24 22:10:42,186,182,146,23.0,86.5,2.63,0.2389,25.91,Moderate
1362,WB-110,2026-09-08 23:38:42,91,89,72,34.5,30.1,11.25,0.6337,37.79,Moderate
1363,WB-109,2026-09-27 03:26:42,195,202,161,20.7,37.9,3.68,0.1665,22.42,Moderate
1364,WB-104,2026-09-12 09:54:42,250,224,182,17.6,38.3,1.95,0.0126,2.56,Low
1365,WB-109,2026-09-20 01:17:42,199,183,156,41.3,65.0,10.74,0.2127,5.88,Low
1366,WB-109,2026-09-18 02:53:42,49,47,35,41.1,74.3,7.75,0.7963,49.17,Moderate
1367,WB-105,2026-09-27 07:43:42,188,178,153,44.3,42.1,5.43,0.2043,11.74,Low
1368,WB-102,2026-09-19 07:07:42,71,69,48,36.0,26.3,10.72,0.7031,49.62,Moderate
1369,WB-102,2026-09-09 18:46:42,234,209,187,38.2,32.4,3.42,0.0468,5.7,Low
1370,WB-102,2026-09-09 19:43:42,142,130,103,37.8,77.5,8.23,0.4151,15.68,Low
1371,WB-107,2026-09-07 03:02:42,107,102,80,34.6,31.1,8.98,0.5489,36.92,Moderate
1372,WB-106,2026-09-27 14:01:42,189,186,145,25.6,71.8,6.18,0.2253,12.47,Low
1373,WB-107,2026-10-03 05:31:42,221,214,184,36.6,83.3,0.89,0.0698,13.68,Low
1374,WB-106,2026-09-21 14:11:42,180,176,131,22.2,52.3,2.66,0.2416,35.52,Moderate
1375,WB-108,2026-10-03 13:59:42,203,208,154,36.0,73.6,4.12,0.144,8.39,Low
1376,WB-106,2026-09-25 01:38:42,201,193,158,15.0,80.6,9.96,0.1886,7.76,Low
1377,WB-107,2026-09-28 05:33:42,119,106,91,17.6,21.6,11.11,0.5371,45.87,Moderate
1378,WB-103,2026-09-06 16:06:42,228,216,162,28.3,70.8,8.35,0.0948,3.27,Low
1379,WB-102,2026-09-28 17:27:42,102,99,70,18.1,82.8,7.23,0.5821,40.25,Moderate
1380,WB-107,2026-09-27 12:32:42,141,131,110,36.2,59.6,11.14,0.4136,14.24,Low
1381,WB-105,2026-09-06 18:09:42,227,209,151,24.5,30.4,0.55,0.1157,74.18,High
1382,WB-106,2026-09-11 05:20:42,146,123,113,34.7,56.1,3.64,0.4284,41.0,Moderate
1383,WB-110,2026-09-26 19:57:42,109,102,74,18.0,79.7,6.32,0.5698,44.78,Moderate
1384,WB-110,2026-09-09 18:25:42,138,122,108,23.6,41.3,8.18,0.458,32.19,Moderate
1385,WB-102,2026-09-06 16:41:42,202,191,151,15.9,88.7,7.69,0.1708,7.94,Low
1386,WB-106,2026-09-26 22:52:42,89,93,65,16.0,37.3,11.77,0.6299,47.78,Moderate
1387,WB-102,2026-09-27 04:49:42,112,111,86,43.2,56.2,6.51,0.5448,31.46,Moderate
1388,WB-104,2026-09-23 18:19:42,181,159,135,36.4,42.5,8.54,0.2854,13.55,Low
1389,WB-101,2026-09-18 13:14:42,164,164,131,24.1,29.1,3.36,0.3116,48.4,Moderate
1390,WB-104,2026-09-08 18:32:42,153,147,110,28.3,43.5,5.86,0.3953,32.07,Moderate
1391,WB-107,2026-09-13 22:39:42,116,106,86,37.0,78.2,7.93,0.5421,24.12,Moderate
1392,WB-105,2026-09-10 02:11:42,185,179,138,16.6,58.6,8.76,0.2511,13.98,Low
1393,WB-106,2026-09-25 07:40:42,238,213,173,28.6,48.4,0.96,0.0519,16.98,Low
1394,WB-104,2026-09-22 16:25:42,170,162,115,36.8,53.7,6.54,0.3239,18.25,Low
1395,WB-109,2026-09-29 22:34:42,173,161,131,44.9,80.0,1.23,0.2901,43.95,Moderate
1396,WB-104,2026-09-26 17:57:42,117,100,77,41.5,22.3,9.14,0.5497,34.79,Moderate
1397,WB-105,2026-09-11 10:03:42,198,190,153,31.8,23.2,5.19,0.1977,19.23,Low
1398,WB-106,2026-09-16 14:03:42,20,21,17,37.3,89.8,9.73,0.912,57.56,High
1399,WB-108,2026-09-13 06:27:42,60,58,46,23.4,63.7,4.65,0.7445,96.75,High
1400,WB-104,2026-09-25 18:07:42,193,183,141,15.8,35.7,11.37,0.1875,11.09,Low
1401,WB-107,2026-09-20 22:05:42,66,60,51,44.1,55.7,7.85,0.7403,45.29,Moderate
1402,WB-102,2026-10-02 01:59:42,168,163,117,42.5,78.5,2.6,0.3326,28.69,Moderate
1403,WB-107,2026-09-25 10:22:42,217,193,151,18.6,49.0,3.63,0.1387,15.8,Low
1404,WB-102,2026-09-09 14:41:42,161,162,125,23.6,71.4,7.28,0.3451,17.99,Low
1405,WB-102,2026-09-17 22:39:42,45,36,35,40.8,83.2,10.75,0.8208,37.13,Moderate
1406,WB-105,2026-09-11 23:09:42,158,149,115,29.4,32.4,10.58,0.3355,17.32,Low
1407,WB-102,2026-09-09 11:43:42,239,222,190,41.3,28.7,6.18,0.0184,0.66,Low
1408,WB-107,2026-09-06 18:43:42,165,153,120,20.1,35.4,4.52,0.32,39.34,Moderate
1409,WB-102,2026-09-17 17:06:42,165,155,121,33.7,50.8,5.01,0.305,22.36,Moderate
1410,WB-104,2026-10-01 09:25:42,207,187,132,36.3,82.3,3.74,0.1964,12.57,Low
1411,WB-109,2026-09-28 11:16:42,146,144,101,36.9,87.5,9.5,0.4143,12.94,Low
1412,WB-108,2026-09-11 00:12:42,163,168,132,43.0,88.7,9.87,0.3187,8.33,Low
1413,WB-104,2026-09-29 00:07:42,249,243,200,28.0,64.2,4.93,0.0006,0.52,Low
1414,WB-106,2026-09-24 00:00:42,234,231,170,33.4,33.2,11.35,0.0272,0.99,Low
1415,WB-101,2026-09-12 14:09:42,188,189,146,31.6,75.3,2.96,0.1994,17.47,Low
1416,WB-108,2026-09-24 10:49:42,217,217,179,16.6,29.3,3.17,0.0875,14.37,Low
1417,WB-103,2026-09-08 17:06:42,229,218,172,17.1,72.2,4.39,0.0365,2.8,Low
1418,WB-108,2026-09-15 00:01:42,170,157,121,21.1,70.4,3.82,0.2932,28.15,Moderate
1419,WB-108,2026-10-01 04:26:42,38,32,30,37.1,78.3,10.89,0.8424,42.49,Moderate
1420,WB-107,2026-09-19 14:19:42,179,161,120,43.2,66.4,6.32,0.3045,13.55,Low
1421,WB-105,2026-09-08 14:10:42,184,173,134,37.4,32.1,7.47,0.2738,15.96,Low
1422,WB-108,2026-10-02 15:29:42,234,214,170,35.2,68.0,8.0,0.075,2.44,Low
1423,WB-102,2026-09-27 14:21:42,192,182,157,41.1,42.2,4.01,0.2119,17.51,Low
1424,WB-103,2026-09-10 07:50:42,172,162,133,22.3,57.4,8.37,0.3166,17.24,Low
1425,WB-109,2026-09-11 01:06:42,148,135,102,29.3,28.7,2.46,0.4161,83.69,High
1426,WB-101,2026-10-02 03:06:42,110,103,88,40.3,38.2,7.59,0.5504,35.04,Moderate
1427,WB-104,2026-09-20 19:25:42,195,182,150,16.3,48.6,8.76,0.2053,13.04,Low
1428,WB-105,2026-09-26 14:38:42,96,93,84,20.5,62.1,10.04,0.5949,35.3,Moderate
1429,WB-107,2026-09-17 15:15:42,201,181,162,34.8,52.6,8.39,0.1993,8.47,Low
1430,WB-101,2026-09-20 20:44:42,219,200,155,22.1,60.3,3.89,0.1143,9.94,Low
1431,WB-105,2026-09-21 08:59:42,20,15,10,41.7,68.7,10.83,0.9307,81.79,High
1432,WB-103,2026-09-28 01:30:42,88,83,66,24.5,70.0,11.71,0.6327,29.77,Moderate
1433,WB-108,2026-09-06 08:35:42,102,92,82,42.8,21.7,11.87,0.5832,31.65,Moderate
1434,WB-101,2026-09-20 22:04:42,198,177,151,17.2,82.5,7.53,0.1965,10.41,Low
1435,WB-103,2026-09-14 19:27:42,175,161,137,40.9,44.0,11.38,0.2901,9.93,Low
1436,WB-105,2026-09-15 05:40:42,223,212,160,44.9,82.8,3.86,0.1179,6.64,Low
1437,WB-108,2026-09-23 16:24:42,70,64,54,41.8,67.6,4.96,0.7182,59.39,High
1438,WB-107,2026-09-09 12:36:42,147,141,117,38.9,44.5,5.95,0.401,26.49,Moderate
1439,WB-110,2026-09-10 11:55:42,238,224,182,16.6,25.9,2.84,0.0378,6.89,Low
1440,WB-105,2026-09-06 15:11:42,99,95,76,36.8,45.3,6.78,0.5837,41.08,Moderate
1441,WB-102,2026-09-26 10:40:42,200,195,153,26.0,54.5,1.22,0.169,41.85,Moderate
1442,WB-109,2026-09-05 13:28:42,132,124,94,37.3,38.9,7.73,0.4464,26.49,Moderate
1443,WB-107,2026-09-12 13:13:42,178,177,133,20.8,32.7,4.19,0.2331,27.76,Moderate
1444,WB-101,2026-09-22 07:17:42,174,167,124,32.4,71.3,1.23,0.3111,63.1,High
1445,WB-102,2026-09-16 18:16:42,238,228,184,36.5,76.8,4.62,0.052,2.28,Low
1446,WB-107,2026-09-06 14:00:42,197,187,144,19.1,50.8,8.58,0.2134,12.1,Low
1447,WB-106,2026-09-26 18:42:42,236,214,165,23.4,88.0,6.85,0.0705,3.07,Low
1448,WB-104,2026-09-18 07:08:42,220,205,173,42.0,24.9,3.59,0.1076,10.86,Low
1449,WB-104,2026-09-08 01:27:42,90,85,68,27.7,44.0,8.36,0.6149,45.32,Moderate
1450,WB-107,2026-09-14 06:10:42,119,110,80,30.5,74.1,7.83,0.5247,26.79,Moderate
1451,WB-107,2026-09-25 08:04:42,223,203,153,23.5,33.3,0.81,0.1149,48.62,Moderate
1452,WB-108,2026-09-19 20:34:42,194,180,158,18.4,70.7,4.94,0.2052,16.27,Low
1453,WB-101,2026-09-05 00:46:42,186,179,149,24.0,38.2,10.74,0.2544,13.14,Low
1454,WB-102,2026-09-05 15:39:42,174,169,129,38.2,84.4,5.41,0.2857,12.91,Low
1455,WB-103,2026-09-16 11:11:42,145,132,113,29.8,31.6,5.27,0.4136,40.83,Moderate
1456,WB-104,2026-09-20 19:52:42,131,118,85,37.3,70.9,5.21,0.4988,32.6,Moderate
1457,WB-106,2026-09-29 02:02:42,109,108,72,38.0,60.3,9.98,0.5671,23.54,Moderate
1458,WB-110,2026-09-21 15:44:42,136,130,103,19.0,82.4,5.01,0.4672,38.42,Moderate
1459,WB-106,2026-09-17 22:45:42,187,183,150,17.2,37.6,2.55,0.2138,44.06,Moderate
1460,WB-109,2026-09-07 20:28:42,229,223,163,16.7,36.3,7.78,0.0639,4.19,Low
1461,WB-103,2026-09-23 07:07:42,198,194,159,26.8,56.8,6.88,0.1741,9.5,Low
1462,WB-103,2026-09-24 10:12:42,25,26,17,24.5,32.9,11.21,0.8948,98.62,High
1463,WB-105,2026-09-12 22:59:42,156,137,125,33.2,64.9,8.15,0.3688,16.14,Low
1464,WB-103,2026-09-20 10:00:42,229,229,176,32.9,33.4,3.04,0.0448,5.17,Low
1465,WB-110,2026-10-02 17:52:42,72,66,49,44.3,36.8,10.42,0.7084,39.48,Moderate
1466,WB-107,2026-09-10 23:55:42,87,76,64,26.2,41.5,9.4,0.6463,47.73,Moderate
1467,WB-105,2026-09-22 01:39:42,168,160,122,30.8,36.3,9.79,0.3215,16.67,Low
1468,WB-102,2026-10-03 07:50:42,103,89,72,32.8,84.4,7.72,0.5905,29.86,Moderate
1469,WB-110,2026-10-02 04:16:42,192,177,132,23.2,38.5,4.36,0.2476,26.88,Moderate
1470,WB-104,2026-09-07 20:01:42,216,208,156,40.1,67.7,7.47,0.1398,4.85,Low
1471,WB-105,2026-09-06 11:38:42,155,152,114,34.6,22.8,7.51,0.3681,26.44,Moderate
1472,WB-106,2026-09-16 15:14:42,149,134,105,37.6,39.4,4.73,0.4089,35.04,Moderate
1473,WB-101,2026-09-25 06:51:42,162,159,112,21.6,65.6,9.3,0.3358,16.05,Low
1474,WB-108,2026-09-23 18:54:42,211,201,164,26.6,27.9,11.39,0.1231,5.99,Low
1475,WB-106,2026-09-13 23:05:42,78,69,54,20.7,51.6,11.32,0.6958,45.4,Moderate
1476,WB-110,2026-09-23 00:49:42,128,127,94,25.2,51.7,7.01,0.475,34.05,Moderate
1477,WB-107,2026-09-26 06:00:42,146,147,118,40.4,41.9,7.14,0.3924,21.98,Moderate
1478,WB-105,2026-09-11 22:14:42,162,155,116,43.3,69.6,5.35,0.3505,18.32,Low
1479,WB-104,2026-09-05 03:12:42,225,216,173,25.8,75.3,2.07,0.0664,9.5,Low
1480,WB-106,2026-09-18 22:04:42,193,186,141,29.0,80.5,1.58,0.212,31.56,Moderate
1481,WB-107,2026-09-22 10:23:42,185,175,146,23.0,39.8,8.21,0.2164,13.63,Low
1482,WB-110,2026-09-09 00:49:42,209,200,148,19.4,58.1,4.94,0.1276,10.66,Low
1483,WB-105,2026-09-10 06:37:42,155,143,122,15.6,79.1,11.18,0.3806,16.91,Low
1484,WB-104,2026-09-14 15:14:42,81,77,65,24.5,43.7,9.14,0.6549,49.09,Moderate
1485,WB-109,2026-09-17 20:18:42,206,201,160,23.7,50.3,6.12,0.1546,9.93,Low
1486,WB-110,2026-09-26 17:48:42,90,94,72,37.5,80.1,2.36,0.6174,80.6,High
1487,WB-108,2026-09-19 01:55:42,167,156,128,44.6,85.6,6.2,0.3075,11.79,Low
1488,WB-105,2026-09-06 16:18:42,193,182,139,26.0,20.1,7.16,0.2315,20.1,Moderate
1489,WB-102,2026-09-07 21:45:42,173,163,123,22.4,33.0,8.83,0.297,19.68,Low
1490,WB-109,2026-09-19 22:17:42,244,241,187,25.9,42.0,8.69,0.01,0.75,Low
1491,WB-109,2026-09-18 13:47:42,229,225,174,36.6,77.7,3.08,0.0578,4.84,Low
1492,WB-102,2026-09-12 02:56:42,70,69,49,20.0,75.9,5.89,0.7135,70.42,High
1493,WB-102,2026-09-11 21:31:42,202,201,155,36.1,21.2,2.18,0.1753,30.89,Moderate
1494,WB-102,2026-09-05 23:52:42,239,237,192,41.5,62.3,8.48,0.04,1.06,Low
1495,WB-103,2026-09-17 06:06:42,156,149,118,19.0,47.4,11.67,0.3449,17.34,Low
1496,WB-106,2026-09-23 05:48:42,218,208,153,35.9,63.4,7.92,0.1278,4.54,Low
1497,WB-103,2026-09-30 09:23:42,197,195,145,37.0,57.7,2.99,0.2077,19.25,Low
1498,WB-101,2026-09-14 17:36:42,235,214,168,23.6,79.4,2.24,0.0393,2.92,Low
1499,WB-110,2026-09-09 03:39:42,182,174,150,23.2,56.6,6.35,0.2477,16.61,Low
1500,WB-109,2026-09-22 23:59:42,183,184,152,19.6,44.5,9.61,0.2226,12.15,Low
1501,WB-106,2026-09-18 19:47:42,214,196,166,30.5,26.8,9.05,0.1505,8.36,Low
1502,WB-102,2026-09-21 00:25:42,165,153,125,44.5,55.2,11.44,0.3271,9.65,Low
1503,WB-107,2026-10-01 08:14:42,36,28,26,21.4,80.7,7.39,0.8632,82.2,High
1504,WB-109,2026-10-01 04:13:42,104,98,71,37.3,55.4,2.36,0.5792,92.13,High
1505,WB-103,2026-09-25 12:46:42,108,105,81,22.1,85.2,9.95,0.5448,24.33,Moderate
1506,WB-108,2026-09-20 04:59:42,144,126,112,27.2,34.6,6.77,0.43,35.12,Moderate
1507,WB-109,2026-09-10 11:44:42,116,114,91,29.7,27.7,10.99,0.5207,31.19,Moderate
1508,WB-101,2026-09-18 05:22:42,249,238,173,18.0,34.4,0.52,0.0053,6.15,Low
1509,WB-110,2026-09-15 15:20:42,98,97,80,16.6,80.6,6.38,0.5927,48.9,Moderate
1510,WB-105,2026-09-09 15:13:42,199,193,151,37.8,60.9,0.94,0.2152,49.81,Moderate
1511,WB-101,2026-09-08 15:28:42,188,181,148,22.8,62.8,0.97,0.2323,69.04,High
1512,WB-109,2026-09-12 19:54:42,168,153,123,18.1,53.2,10.7,0.3196,15.79,Low
1513,WB-103,2026-09-21 21:11:42,170,168,117,37.2,45.5,3.95,0.3079,26.86,Moderate
1514,WB-104,2026-09-14 19:47:42,221,222,159,22.4,37.1,9.86,0.0882,4.81,Low
1515,WB-109,2026-09-15 00:54:42,123,115,84,41.6,63.3,4.91,0.4959,33.69,Moderate
1516,WB-104,2026-09-11 07:42:42,163,160,123,26.5,27.2,5.83,0.3175,29.94,Moderate
1517,WB-109,2026-09-29 07:10:42,117,118,90,30.2,77.8,10.11,0.526,20.76,Moderate
1518,WB-108,2026-09-08 00:33:42,235,209,173,29.7,78.5,9.86,0.0713,2.19,Low
1519,WB-106,2026-09-16 20:56:42,173,167,124,23.5,26.2,11.66,0.3185,17.98,Low
1520,WB-108,2026-09-14 04:31:42,215,195,147,31.9,69.8,5.31,0.1184,6.61,Low
1521,WB-102,2026-09-16 16:01:42,202,206,155,29.8,68.8,0.89,0.1444,33.61,Moderate
1522,WB-104,2026-09-20 15:12:42,185,179,137,17.2,33.4,6.84,0.2364,21.29,Moderate
1523,WB-101,2026-09-06 15:05:42,167,157,130,35.6,28.7,11.35,0.3188,14.34,Low
1524,WB-105,2026-09-22 03:55:42,48,50,37,35.4,88.7,9.67,0.7974,39.77,Moderate
1525,WB-101,2026-09-28 01:08:42,172,177,125,25.8,43.8,2.17,0.2739,51.0,High
1526,WB-106,2026-09-05 16:16:42,220,208,170,40.4,42.4,5.54,0.1007,5.91,Low
1527,WB-108,2026-09-19 15:03:42,234,217,175,33.3,29.3,3.41,0.0184,1.91,Low
1528,WB-105,2026-09-11 17:43:42,246,226,168,33.1,38.1,10.12,0.0298,0.93,Low
1529,WB-103,2026-09-24 21:01:42,234,210,174,15.3,74.8,1.16,0.0532,12.87,Low
1530,WB-109,2026-10-02 06:36:42,248,231,169,22.2,71.6,8.86,0.0255,0.76,Low
1531,WB-106,2026-09-10 06:52:42,234,217,176,16.1,75.9,8.73,0.0406,1.63,Low
1532,WB-103,2026-09-19 08:31:42,155,159,112,24.9,53.6,10.2,0.3498,16.14,Low
1533,WB-109,2026-09-29 15:32:42,56,49,38,38.2,88.2,3.62,0.7834,84.31,High
1534,WB-107,2026-09-27 13:45:42,180,171,138,19.3,54.4,4.23,0.2467,25.69,Moderate
1535,WB-102,2026-09-12 16:25:42,134,135,106,41.6,69.1,8.65,0.4419,16.8,Low
1536,WB-108,2026-09-08 00:49:42,152,144,103,29.2,59.3,9.8,0.3962,17.41,Low
1537,WB-106,2026-09-26 10:17:42,177,172,139,21.4,26.3,8.55,0.2705,20.84,Moderate
1538,WB-103,2026-09-22 15:19:42,174,176,139,28.7,59.9,5.71,0.2598,16.22,Low
1539,WB-109,2026-09-19 17:58:42,156,135,110,28.1,26.6,9.01,0.3814,26.05,Moderate
1540,WB-107,2026-09-21 20:57:42,199,192,161,43.2,32.7,2.63,0.1434,15.81,Low
1541,WB-103,2026-09-26 04:14:42,165,157,116,37.5,75.4,2.17,0.331,38.8,Moderate
1542,WB-102,2026-09-09 23:22:42,226,199,161,31.5,26.3,4.56,0.1001,9.77,Low
1543,WB-110,2026-09-28 19:17:42,228,223,185,25.8,81.8,0.65,0.028,7.04,Low
1544,WB-103,2026-10-03 12:03:42,208,209,149,24.7,40.1,1.98,0.128,24.5,Moderate
1545,WB-107,2026-09-04 20:54:42,111,111,86,29.6,76.3,8.62,0.5398,26.14,Moderate
1546,WB-108,2026-09-08 00:11:42,156,156,112,26.8,22.3,8.65,0.3508,25.63,Moderate
1547,WB-102,2026-09-29 08:02:42,213,210,162,24.2,35.3,9.61,0.1362,7.2,Low
1548,WB-105,2026-10-03 14:11:42,186,173,134,19.5,71.6,5.18,0.247,17.47,Low
1549,WB-109,2026-09-14 07:30:42,235,235,170,45.0,31.8,1.51,0.0353,5.72,Low
1550,WB-104,2026-10-01 08:03:42,140,124,102,18.3,74.2,7.18,0.4379,28.42,Moderate
1551,WB-105,2026-09-19 14:05:42,147,135,114,40.1,78.3,2.25,0.413,45.35,Moderate
1552,WB-105,2026-09-07 18:39:42,109,101,86,22.3,60.0,9.73,0.5483,31.22,Moderate
1553,WB-101,2026-09-25 08:31:42,167,169,134,21.4,30.5,11.44,0.2954,17.22,Low
1554,WB-104,2026-09-20 07:40:42,210,209,151,20.7,53.3,1.29,0.1315,34.84,Moderate
1555,WB-102,2026-09-09 21:03:42,216,193,175,20.7,38.0,1.94,0.1212,26.59,Moderate
1556,WB-110,2026-09-28 04:48:42,163,158,116,20.3,79.5,2.95,0.3559,42.37,Moderate
1557,WB-110,2026-09-17 04:22:42,183,175,145,32.2,32.7,11.93,0.268,11.35,Low
1558,WB-102,2026-10-04 17:12:42,146,133,117,36.9,36.3,5.42,0.4004,32.39,Moderate
1559,WB-108,2026-09-11 00:29:42,237,217,170,41.5,68.4,8.16,0.0503,1.65,Low
1560,WB-108,2026-09-08 16:17:42,179,167,139,18.0,88.0,2.19,0.2656,38.67,Moderate
1561,WB-110,2026-09-11 19:03:42,207,189,143,33.6,71.0,4.6,0.1909,11.85,Low
1562,WB-109,2026-10-03 11:43:42,208,195,165,25.0,55.5,9.47,0.1768,7.71,Low
1563,WB-110,2026-09-09 14:17:42,210,214,155,27.7,28.0,2.09,0.1244,26.38,Moderate
1564,WB-108,2026-09-14 12:28:42,189,184,143,42.9,63.8,2.62,0.2314,20.52,Moderate
1565,WB-109,2026-10-01 03:00:42,20,19,14,33.3,58.8,8.04,0.9235,99.03,High
1566,WB-102,2026-09-15 14:04:42,98,85,69,24.4,47.8,8.55,0.6178,45.76,Moderate
1567,WB-109,2026-09-20 15:14:42,157,145,121,40.4,60.0,7.79,0.3805,16.58,Low
1568,WB-101,2026-09-16 20:53:42,178,162,133,15.3,31.1,10.63,0.2809,19.32,Low
1569,WB-102,2026-09-10 12:34:42,152,156,126,35.1,65.3,3.02,0.3541,34.63,Moderate
1570,WB-110,2026-09-23 19:58:42,183,173,145,40.2,86.0,8.28,0.2519,7.49,Low
1571,WB-101,2026-09-09 19:44:42,146,133,111,18.1,38.7,6.66,0.4065,38.57,Moderate
1572,WB-101,2026-09-21 02:45:42,182,183,133,37.2,39.9,4.86,0.2546,19.34,Low
1573,WB-104,2026-09-08 12:12:42,135,118,98,42.0,41.5,5.85,0.4734,31.76,Moderate
1574,WB-109,2026-09-15 09:52:42,185,182,144,31.3,43.2,2.52,0.2506,35.12,Moderate
1575,WB-106,2026-10-03 01:01:42,166,165,129,31.4,52.2,4.31,0.2865,23.14,Moderate
1576,WB-104,2026-10-04 11:57:42,200,205,163,16.4,59.2,9.14,0.1519,7.64,Low
1577,WB-107,2026-09-16 10:47:42,60,59,45,26.8,56.8,4.59,0.7535,99.88,High
1578,WB-105,2026-09-16 23:33:42,242,236,185,30.7,32.8,0.75,0.0398,18.31,Low
1579,WB-104,2026-09-13 03:43:42,190,175,147,23.7,76.5,1.81,0.2108,34.05,Moderate
1580,WB-102,2026-09-15 13:09:42,225,218,173,18.1,20.2,4.11,0.0388,4.77,Low
1581,WB-102,2026-09-30 08:20:42,225,212,164,29.3,21.0,0.65,0.0754,43.48,Moderate
1582,WB-107,2026-09-19 07:20:42,215,202,156,35.8,48.4,4.98,0.1345,8.59,Low
1583,WB-104,2026-09-27 16:35:42,225,209,171,22.8,85.4,6.11,0.124,6.12,Low
1584,WB-105,2026-09-24 05:08:42,125,115,92,33.3,56.1,11.15,0.4909,19.72,Low
1585,WB-105,2026-09-17 22:40:42,214,206,146,29.1,26.8,5.89,0.1544,13.73,Low
1586,WB-101,2026-09-28 08:25:42,243,230,179,43.7,49.8,2.65,0.0135,1.16,Low
1587,WB-102,2026-09-06 13:12:42,197,192,157,18.1,26.1,6.79,0.1862,17.19,Low
1588,WB-105,2026-09-22 07:37:42,247,232,194,28.2,47.3,1.04,0.0116,2.94,Low
1589,WB-102,2026-09-28 03:43:42,208,203,150,44.3,34.9,2.44,0.1596,18.22,Low
1590,WB-106,2026-09-29 08:41:42,232,220,190,21.5,39.3,8.24,0.0343,2.05,Low
1591,WB-103,2026-09-23 21:22:42,166,164,131,35.1,61.6,3.71,0.3033,25.15,Moderate
1592,WB-106,2026-09-23 12:08:42,209,197,153,34.0,64.0,2.14,0.1213,14.11,Low
1593,WB-109,2026-09-05 04:01:42,93,94,79,23.0,50.9,10.21,0.6003,36.95,Moderate
1594,WB-110,2026-09-14 17:00:42,161,154,122,38.1,39.3,3.28,0.337,38.11,Moderate
1595,WB-105,2026-09-13 23:11:42,177,161,139,28.6,55.0,11.55,0.261,10.27,Low
1596,WB-108,2026-09-25 03:33:42,227,222,183,27.6,54.0,9.73,0.0603,2.38,Low
1597,WB-101,2026-10-01 18:34:42,159,156,127,44.9,86.6,3.62,0.3596,22.13,Moderate
1598,WB-102,2026-09-05 17:01:42,207,187,150,17.3,76.1,3.19,0.1637,18.27,Low
1599,WB-106,2026-09-10 02:58:42,218,212,154,29.0,45.7,1.96,0.1079,18.35,Low
1600,WB-102,2026-09-18 21:01:42,196,195,137,36.6,24.4,4.86,0.2023,17.21,Low
1601,WB-109,2026-09-23 16:57:42,175,171,134,33.7,51.3,10.97,0.2791,10.43,Low
1602,WB-103,2026-10-03 03:02:42,187,182,134,24.4,22.4,9.82,0.2115,14.5,Low
1603,WB-110,2026-09-12 18:48:42,62,67,47,44.5,33.3,5.66,0.7356,74.77,High
1604,WB-104,2026-09-21 18:40:42,200,202,153,28.3,39.2,2.02,0.1655,30.49,Moderate
1605,WB-102,2026-09-17 08:39:42,181,179,139,26.1,61.3,8.6,0.2501,11.29,Low
1606,WB-105,2026-09-19 03:15:42,228,215,167,16.9,87.5,7.68,0.0593,2.77,Low
1607,WB-105,2026-09-24 06:55:42,213,197,148,24.2,54.2,3.08,0.1386,15.62,Low
1608,WB-109,2026-09-20 20:45:42,210,194,145,37.3,81.4,4.76,0.1784,8.9,Low
1609,WB-110,2026-09-18 17:10:42,231,212,153,21.9,35.1,5.09,0.0946,9.08,Low
1610,WB-107,2026-09-24 16:50:42,147,149,102,29.3,72.5,3.98,0.3964,32.86,Moderate
1611,WB-105,2026-09-05 07:37:42,195,198,151,22.5,40.2,4.72,0.1759,16.37,Low
1612,WB-107,2026-09-29 21:30:42,213,213,167,37.8,31.6,2.43,0.1103,15.95,Low
1613,WB-109,2026-09-18 05:30:42,107,102,88,42.3,70.1,6.07,0.5577,30.71,Moderate
1614,WB-107,2026-09-27 22:05:42,243,227,187,37.9,79.4,7.25,0.0227,0.8,Low
1615,WB-108,2026-09-21 11:58:42,27,21,21,43.2,58.2,7.58,0.898,78.6,High
1616,WB-110,2026-09-19 00:50:42,20,15,10,39.7,78.8,9.98,0.9322,69.36,High
1617,WB-107,2026-09-25 19:26:42,208,211,161,20.4,87.8,4.57,0.1072,7.66,Low
1618,WB-109,2026-09-13 02:09:42,194,192,143,21.9,87.6,7.66,0.2023,8.56,Low
1619,WB-101,2026-09-20 05:28:42,235,224,161,36.5,64.4,1.44,0.0622,7.81,Low
1620,WB-105,2026-09-10 11:32:42,98,89,69,42.0,31.1,11.02,0.6112,31.8,Moderate
1621,WB-105,2026-09-06 15:40:42,169,168,131,41.1,26.5,10.95,0.2793,12.5,Low
1622,WB-101,2026-10-01 00:58:42,229,229,168,19.7,69.9,1.36,0.0557,9.89,Low
1623,WB-108,2026-10-03 09:29:42,128,128,86,16.8,37.3,10.57,0.4811,33.16,Moderate
1624,WB-103,2026-09-17 01:03:42,221,213,162,27.3,82.3,0.61,0.078,24.54,Moderate
1625,WB-103,2026-09-08 04:33:42,201,191,156,35.3,87.7,0.67,0.1792,46.99,Moderate
1626,WB-103,2026-09-13 15:26:42,73,67,51,27.9,89.4,7.1,0.7169,44.54,Moderate
1627,WB-108,2026-09-29 11:16:42,181,172,127,32.6,34.1,11.65,0.2768,11.48,Low
1628,WB-102,2026-09-07 10:07:42,102,90,67,38.2,35.9,10.74,0.5976,31.54,Moderate
1629,WB-101,2026-09-12 23:20:42,167,155,136,15.5,32.6,11.19,0.3175,21.35,Moderate
1630,WB-109,2026-10-04 04:09:42,170,163,132,35.4,47.6,9.65,0.3191,13.46,Low
1631,WB-102,2026-09-04 23:04:42,27,27,23,27.7,69.7,10.48,0.8804,66.27,High
1632,WB-109,2026-09-05 02:22:42,163,147,122,24.1,51.4,4.7,0.3599,34.34,Moderate
1633,WB-102,2026-09-06 17:19:42,162,151,125,18.2,39.1,5.13,0.3544,39.72,Moderate
1634,WB-107,2026-09-18 20:24:42,136,133,108,32.2,89.7,11.93,0.4462,12.82,Low
1635,WB-109,2026-09-13 12:32:42,212,204,169,28.4,65.9,4.99,0.1357,8.87,Low
1636,WB-106,2026-09-09 22:02:42,124,122,100,15.4,28.2,11.12,0.4826,38.45,Moderate
1637,WB-105,2026-10-04 13:12:42,200,196,137,24.7,43.5,8.54,0.1909,10.54,Low
1638,WB-106,2026-09-23 05:46:42,199,186,133,35.5,74.6,6.84,0.2159,8.86,Low
1639,WB-101,2026-09-27 20:08:42,20,15,10,38.4,60.7,11.72,0.9321,79.42,High
1640,WB-103,2026-09-11 11:00:42,234,213,180,43.2,36.8,1.59,0.0596,10.29,Low
1641,WB-107,2026-09-29 22:50:42,165,155,125,44.9,21.1,11.63,0.3249,13.94,Low
1642,WB-105,2026-09-25 08:51:42,177,164,124,16.8,53.1,6.44,0.274,22.37,Moderate
1643,WB-103,2026-09-05 07:58:42,134,121,103,32.2,77.4,9.32,0.4597,18.25,Low
1644,WB-103,2026-09-12 15:04:42,165,161,117,23.1,66.7,4.57,0.3401,29.08,Moderate
1645,WB-102,2026-09-25 22:33:42,158,157,113,31.2,86.8,9.4,0.346,11.33,Low
1646,WB-109,2026-09-09 06:31:42,142,146,115,25.9,60.6,7.32,0.3935,23.5,Moderate
1647,WB-106,2026-09-17 21:31:42,247,242,170,16.9,86.0,2.98,0.019,1.73,Low
1648,WB-103,2026-09-05 15:55:42,176,161,145,19.7,52.4,3.04,0.2635,36.59,Moderate
1649,WB-102,2026-09-09 17:17:42,139,138,113,33.3,53.1,5.32,0.4251,31.91,Moderate
1650,WB-102,2026-09-13 03:57:42,240,227,179,40.3,86.2,6.68,0.0217,0.71,Low
1651,WB-108,2026-10-01 12:44:42,158,145,109,40.7,83.2,6.24,0.3666,15.26,Low
1652,WB-108,2026-09-16 04:08:42,56,57,47,43.6,68.0,11.16,0.7646,32.38,Moderate
1653,WB-104,2026-09-11 05:32:42,165,158,134,30.5,68.0,11.02,0.31,10.26,Low
1654,WB-105,2026-09-29 08:04:42,134,132,97,29.1,30.0,6.34,0.4501,40.62,Moderate
1655,WB-101,2026-10-03 01:54:42,225,230,165,30.9,24.8,7.79,0.0495,2.51,Low
1656,WB-101,2026-09-20 17:50:42,195,197,148,17.9,76.1,6.71,0.1706,9.65,Low
1657,WB-101,2026-09-06 17:51:42,217,202,165,18.3,56.1,6.93,0.0937,6.02,Low
1658,WB-105,2026-09-16 14:05:42,185,175,138,40.4,63.5,7.79,0.2238,8.56,Low
1659,WB-102,2026-09-10 03:10:42,152,142,124,22.2,30.7,10.5,0.3704,23.44,Moderate
1660,WB-108,2026-09-15 03:40:42,100,95,84,15.1,28.4,6.79,0.5743,78.37,High
1661,WB-105,2026-09-10 17:34:42,142,139,104,24.1,35.5,8.21,0.3984,28.15,Moderate
1662,WB-109,2026-10-01 22:51:42,168,167,120,31.1,55.8,3.62,0.3212,30.78,Moderate
1663,WB-103,2026-09-25 02:51:42,141,141,106,36.3,37.4,9.97,0.4167,19.76,Low
1664,WB-102,2026-09-11 01:26:42,214,195,154,26.6,57.5,7.96,0.1317,6.2,Low
1665,WB-103,2026-09-18 16:21:42,230,206,167,32.7,75.1,1.02,0.0785,16.3,Low
1666,WB-106,2026-09-10 00:17:42,114,111,79,44.3,76.5,3.68,0.5442,41.82,Moderate
1667,WB-103,2026-09-30 18:47:42,156,141,109,34.4,25.5,4.47,0.3803,42.48,Moderate
1668,WB-102,2026-09-30 19:52:42,213,210,175,30.5,71.5,1.59,0.1293,18.48,Low
1669,WB-101,2026-10-01 14:15:42,162,161,122,44.0,79.8,2.87,0.3151,23.88,Moderate
1670,WB-109,2026-09-26 20:17:42,220,221,181,19.3,35.6,3.63,0.0701,8.46,Low
1671,WB-107,2026-09-05 16:36:42,115,110,86,44.0,34.2,8.6,0.5284,29.67,Moderate
1672,WB-108,2026-09-18 01:47:42,51,51,43,29.6,75.9,11.44,0.7822,39.03,Moderate
1673,WB-108,2026-09-08 19:03:42,199,192,151,19.3,67.2,5.0,0.189,15.34,Low
1674,WB-105,2026-09-22 23:56:42,243,222,182,26.3,60.4,1.49,0.0436,8.49,Low
1675,WB-104,2026-10-04 02:47:42,187,181,135,28.0,69.3,5.73,0.2303,13.49,Low
1676,WB-107,2026-10-01 02:53:42,88,86,69,18.7,35.2,10.45,0.6391,53.8,High
1677,WB-110,2026-09-18 18:25:42,133,126,93,15.1,47.8,6.08,0.4508,47.63,Moderate
1678,WB-107,2026-09-11 04:41:42,146,144,114,36.2,85.6,2.86,0.3895,34.36,Moderate
1679,WB-110,2026-09-05 20:35:42,225,195,173,16.2,42.3,9.62,0.1121,6.77,Low
1680,WB-105,2026-09-06 03:42:42,65,61,52,38.7,85.6,7.67,0.7341,38.74,Moderate
1681,WB-110,2026-09-29 12:51:42,198,200,144,28.1,69.7,5.79,0.1946,10.57,Low
1682,WB-110,2026-09-16 22:41:42,136,136,105,18.2,73.3,11.06,0.4228,18.46,Low
1683,WB-103,2026-10-02 18:26:42,137,127,111,36.8,71.2,3.05,0.4248,40.3,Moderate
1684,WB-105,2026-09-16 14:10:42,229,217,191,15.1,65.5,5.35,0.0393,2.33,Low
1685,WB-109,2026-09-26 22:16:42,97,93,71,20.2,65.0,7.33,0.6179,47.9,Moderate
1686,WB-108,2026-09-19 16:54:42,228,211,172,41.5,83.1,3.85,0.0632,3.39,Low
1687,WB-103,2026-09-17 01:24:42,69,65,55,31.8,72.0,7.35,0.7137,46.97,Moderate
1688,WB-108,2026-09-14 16:44:42,200,184,153,22.2,83.1,7.18,0.2107,9.57,Low
1689,WB-108,2026-09-15 18:23:42,204,194,157,42.6,54.0,7.86,0.1346,5.41,Low
1690,WB-101,2026-09-17 17:35:42,220,212,163,36.5,27.0,2.11,0.1142,18.52,Low
1691,WB-107,2026-09-06 05:26:42,226,209,164,19.4,68.3,1.99,0.1013,16.36,Low
1692,WB-104,2026-09-30 00:15:42,240,232,187,27.4,77.4,6.75,0.0343,1.57,Low
1693,WB-106,2026-09-12 06:48:42,243,214,163,25.9,59.2,5.54,0.036,2.35,Low
1694,WB-106,2026-09-16 12:31:42,178,182,142,44.8,32.8,8.67,0.2432,10.98,Low
1695,WB-110,2026-09-22 22:58:42,56,55,40,18.3,79.0,11.62,0.778,48.36,Moderate
1696,WB-105,2026-09-07 15:22:42,221,196,170,41.9,80.4,2.28,0.1175,9.78,Low
1697,WB-102,2026-09-26 18:05:42,184,183,139,37.3,24.7,2.43,0.2536,41.11,Moderate
1698,WB-108,2026-10-02 06:23:42,20,18,18,24.5,69.2,8.99,0.9151,93.43,High
1699,WB-101,2026-09-14 14:07:42,191,196,156,15.6,84.8,9.4,0.1902,7.95,Low
1700,WB-103,2026-10-02 10:39:42,109,99,83,28.0,35.8,4.52,0.558,69.25,High
1701,WB-108,2026-09-07 00:37:42,211,197,152,26.4,81.9,3.4,0.1603,12.9,Low
1702,WB-106,2026-09-13 15:14:42,147,142,119,15.9,61.0,7.34,0.3863,28.34,Moderate
1703,WB-104,2026-09-27 04:44:42,195,194,138,33.7,23.6,4.9,0.1931,19.88,Low
1704,WB-101,2026-09-09 14:50:42,241,230,171,37.8,50.3,8.87,0.0485,1.8,Low
1705,WB-105,2026-09-29 21:32:42,162,136,103,22.2,61.1,10.85,0.3819,17.13,Low
1706,WB-101,2026-09-23 15:53:42,196,184,149,40.8,40.7,11.23,0.2072,6.9,Low
1707,WB-108,2026-09-16 18:26:42,164,160,117,25.9,87.1,10.78,0.3538,11.62,Low
1708,WB-103,2026-09-17 06:46:42,192,179,149,30.3,36.2,5.13,0.2344,19.65,Low
1709,WB-102,2026-09-19 04:35:42,136,130,96,27.3,42.2,7.19,0.4571,33.72,Moderate
1710,WB-102,2026-09-19 23:05:42,196,192,140,37.6,50.6,7.61,0.2191,10.11,Low
1711,WB-103,2026-09-23 04:32:42,240,229,176,30.2,62.1,0.57,0.0142,4.52,Low
1712,WB-105,2026-09-13 23:28:42,223,220,158,36.5,50.2,0.73,0.0939,23.3,Moderate
1713,WB-101,2026-09-30 03:15:42,217,202,168,39.7,73.1,4.7,0.1432,7.28,Low
1714,WB-101,2026-09-30 09:35:42,138,129,105,31.3,86.6,4.72,0.4241,27.25,Moderate
1715,WB-105,2026-09-10 05:38:42,147,144,112,34.2,86.7,2.36,0.4104,44.43,Moderate
1716,WB-109,2026-10-03 19:39:42,114,102,81,27.1,22.1,9.16,0.5371,45.61,Moderate
1717,WB-110,2026-09-07 11:10:42,202,205,142,35.8,89.2,6.37,0.1652,6.06,Low
1718,WB-105,2026-09-06 02:04:42,217,206,161,16.7,70.3,4.78,0.1369,11.07,Low
1719,WB-110,2026-09-13 05:06:42,189,186,141,19.1,84.1,5.92,0.2362,14.31,Low
1720,WB-105,2026-09-26 02:58:42,205,192,155,36.4,85.3,11.9,0.1536,3.42,Low
1721,WB-105,2026-09-23 19:03:42,244,222,187,15.1,44.8,1.84,0.0245,4.31,Low
1722,WB-109,2026-10-04 16:25:42,171,164,125,42.8,86.5,8.21,0.3134,9.78,Low
1723,WB-106,2026-10-01 09:42:42,236,217,181,43.1,68.7,4.23,0.0522,2.05,Low
1724,WB-107,2026-09-07 21:54:42,108,97,82,22.1,36.7,8.4,0.5562,46.18,Moderate
1725,WB-106,2026-09-17 03:03:42,200,192,155,32.3,71.5,1.69,0.2027,30.84,Moderate
1726,WB-105,2026-09-11 15:28:42,166,155,133,27.9,48.6,8.78,0.3181,16.44,Low
1727,WB-109,2026-09-20 14:28:42,177,169,129,24.2,61.6,4.33,0.2675,24.36,Moderate
1728,WB-103,2026-09-23 00:51:42,167,158,113,24.0,68.0,9.76,0.3392,14.99,Low
1729,WB-104,2026-09-12 13:51:42,187,175,146,37.8,88.6,5.46,0.2195,9.44,Low
1730,WB-103,2026-09-21 15:27:42,207,186,141,16.9,33.6,8.95,0.1737,11.84,Low
1731,WB-101,2026-09-22 07:10:42,188,188,149,43.4,77.7,11.68,0.2079,4.64,Low
1732,WB-104,2026-09-18 16:53:42,178,170,131,17.7,38.4,4.77,0.2785,33.24,Moderate
1733,WB-107,2026-09-19 23:37:42,245,228,181,16.2,39.3,0.72,0.0056,5.53,Low
1734,WB-109,2026-09-16 19:03:42,105,102,72,21.3,47.2,7.48,0.5809,49.54,Moderate
1735,WB-103,2026-09-25 14:12:42,54,50,38,30.6,60.3,9.07,0.7793,55.92,High
1736,WB-106,2026-09-21 23:01:42,105,98,72,40.0,52.4,5.5,0.5765,42.78,Moderate
1737,WB-106,2026-09-27 08:35:42,204,196,150,32.3,69.1,6.04,0.134,6.83,Low
1738,WB-107,2026-09-12 07:01:42,144,136,111,15.2,44.1,9.14,0.4106,30.93,Moderate
1739,WB-106,2026-09-27 17:37:42,126,124,95,36.3,49.9,5.64,0.4831,35.44,Moderate
1740,WB-108,2026-09-19 18:40:42,237,218,184,42.3,82.3,5.85,0.0215,0.76,Low
1741,WB-105,2026-09-04 21:13:42,229,223,160,40.8,53.2,1.19,0.0802,16.28,Low
1742,WB-107,2026-09-26 04:01:42,164,144,115,24.7,25.4,5.74,0.3528,37.41,Moderate
1743,WB-104,2026-09-05 08:58:42,191,185,142,24.7,70.4,8.54,0.2125,8.98,Low
1744,WB-110,2026-09-27 11:42:42,234,219,189,40.7,33.3,11.97,0.0615,2.14,Low
1745,WB-106,2026-09-20 18:09:42,232,210,160,39.5,56.0,3.64,0.088,6.23,Low
1746,WB-108,2026-09-05 01:42:42,231,231,181,36.5,56.2,0.59,0.0433,14.49,Low
1747,WB-102,2026-09-19 21:56:42,236,236,170,37.5,31.5,10.24,0.0283,1.18,Low
1748,WB-103,2026-09-26 13:30:42,149,138,108,28.8,38.6,5.69,0.3991,35.42,Moderate
1749,WB-103,2026-09-19 09:30:42,227,205,180,35.6,42.4,6.93,0.0817,3.72,Low
1750,WB-103,2026-10-01 04:20:42,237,222,176,42.5,47.4,9.94,0.0512,1.43,Low
1751,WB-110,2026-09-25 06:01:42,176,171,130,41.0,28.4,11.19,0.2555,10.82,Low
1752,WB-105,2026-09-16 15:35:42,243,226,174,27.0,69.9,0.99,0.0074,2.56,Low
1753,WB-101,2026-09-21 07:59:42,155,148,105,32.3,26.9,11.25,0.3861,19.85,Low
1754,WB-108,2026-09-22 09:03:42,202,194,153,33.3,56.6,6.47,0.1913,9.59,Low
1755,WB-109,2026-09-05 14:43:42,194,183,131,39.0,32.5,1.39,0.2376,54.41,High
1756,WB-101,2026-09-14 13:58:42,148,136,108,16.6,86.7,9.61,0.4148,19.54,Low
1757,WB-108,2026-10-03 16:12:42,236,219,193,36.0,63.5,0.72,0.0187,2.44,Low
1758,WB-103,2026-09-18 17:47:42,121,110,84,24.4,80.9,6.93,0.5088,30.28,Moderate
1759,WB-105,2026-10-01 11:21:42,85,79,59,37.9,42.4,11.44,0.6573,34.0,Moderate
1760,WB-109,2026-10-03 00:31:42,60,55,43,43.9,47.0,10.86,0.7583,39.57,Moderate
1761,WB-107,2026-10-01 21:47:42,90,78,66,42.3,52.0,11.86,0.6427,25.68,Moderate
1762,WB-101,2026-09-18 02:04:42,226,207,166,22.6,45.7,1.3,0.0833,21.86,Moderate
1763,WB-110,2026-09-15 08:46:42,155,148,122,33.6,55.4,4.01,0.3819,34.27,Moderate
1764,WB-102,2026-10-02 14:05:42,125,118,95,31.0,72.3,5.24,0.4807,33.07,Moderate
1765,WB-106,2026-10-02 15:29:42,141,146,105,31.0,72.5,7.06,0.4005,20.07,Moderate
1766,WB-104,2026-09-07 21:51:42,210,202,154,33.4,66.8,3.22,0.1503,12.79,Low
1767,WB-104,2026-09-05 23:23:42,144,132,104,38.9,72.3,7.39,0.4243,18.26,Low
1768,WB-110,2026-09-24 10:14:42,126,126,94,38.9,51.4,4.21,0.4683,40.79,Moderate
1769,WB-107,2026-09-19 04:29:42,121,101,93,36.4,85.1,8.75,0.5301,20.46,Moderate
1770,WB-104,2026-09-07 21:34:42,199,188,158,19.4,43.9,0.73,0.1539,78.43,High
1771,WB-108,2026-09-26 04:27:42,163,153,117,39.2,25.0,3.36,0.3648,48.27,Moderate
1772,WB-106,2026-09-11 01:31:42,74,72,59,38.8,39.3,6.34,0.7011,63.33,High
1773,WB-109,2026-09-29 23:01:42,203,199,165,20.8,27.0,5.47,0.1714,18.15,Low
1774,WB-106,2026-09-24 20:52:42,206,196,168,18.8,29.7,2.6,0.1343,24.4,Moderate
1775,WB-103,2026-09-28 11:04:42,246,230,189,31.7,22.1,7.72,0.015,0.69,Low
1776,WB-102,2026-09-24 08:48:42,157,145,123,34.3,68.1,4.76,0.3711,25.24,Moderate
1777,WB-109,2026-09-19 01:15:42,208,183,163,42.5,36.2,3.46,0.1795,17.17,Low
1778,WB-103,2026-09-16 03:17:42,102,99,72,41.8,66.7,10.44,0.5987,22.89,Moderate
1779,WB-102,2026-09-20 13:56:42,119,112,94,29.6,35.1,6.06,0.5181,48.15,Moderate
1780,WB-107,2026-09-10 21:30:42,154,151,124,36.3,67.2,3.46,0.352,30.62,Moderate
1781,WB-101,2026-09-30 13:30:42,62,59,52,28.2,56.4,11.84,0.7368,40.49,Moderate
1782,WB-108,2026-09-19 15:46:42,162,143,113,29.4,61.0,10.55,0.3647,14.09,Low
1783,WB-104,2026-09-16 10:58:42,163,149,119,33.6,83.0,4.3,0.3352,21.25,Moderate
1784,WB-105,2026-09-29 18:03:42,39,37,32,31.7,78.4,5.21,0.8369,89.48,High
1785,WB-105,2026-10-01 15:27:42,55,53,42,32.1,54.4,6.46,0.7736,72.68,High
1786,WB-109,2026-09-14 08:55:42,223,207,180,34.2,61.0,2.54,0.0751,7.05,Low
1787,WB-103,2026-09-05 12:47:42,205,181,139,29.5,33.2,11.28,0.1996,8.5,Low
1788,WB-110,2026-09-20 19:19:42,108,97,88,41.8,30.2,6.98,0.5673,42.18,Moderate
1789,WB-101,2026-09-06 11:30:42,190,187,155,33.5,59.5,2.52,0.2076,22.9,Moderate
1790,WB-106,2026-09-18 08:22:42,233,221,175,26.0,80.5,0.84,0.0424,10.41,Low
1791,WB-107,2026-09-17 02:43:42,102,97,83,37.1,43.9,11.99,0.5779,25.83,Moderate
1792,WB-109,2026-09-26 23:58:42,137,140,116,27.9,59.7,10.04,0.426,19.06,Low
1793,WB-101,2026-09-09 04:04:42,223,205,165,36.7,64.2,9.66,0.0937,2.85,Low
1794,WB-108,2026-09-17 03:55:42,144,136,98,23.7,53.4,5.15,0.4369,40.44,Moderate
1795,WB-102,2026-10-02 03:46:42,236,219,168,18.8,78.7,1.81,0.0694,10.61,Low
1796,WB-104,2026-09-28 10:53:42,190,183,129,28.9,41.0,3.22,0.2455,29.97,Moderate
1797,WB-109,2026-09-23 19:31:42,218,216,155,42.4,36.3,4.46,0.1163,8.52,Low
1798,WB-102,2026-09-24 01:27:42,181,172,140,16.3,68.9,8.92,0.2635,13.63,Low
1799,WB-105,2026-09-24 04:11:42,168,171,132,24.9,77.5,5.86,0.2902,16.69,Low
1800,WB-110,2026-09-27 06:14:42,37,37,30,43.0,78.2,11.91,0.8438,36.23,Moderate
1801,WB-108,2026-09-16 06:45:42,214,192,162,40.6,61.9,3.64,0.1274,8.42,Low
1802,WB-108,2026-10-03 09:37:42,229,223,163,44.8,55.5,0.78,0.0712,17.38,Low
1803,WB-110,2026-09-13 21:16:42,233,217,170,16.8,33.3,5.63,0.0569,5.73,Low
1804,WB-104,2026-09-24 00:10:42,201,183,151,25.0,37.1,9.88,0.1843,9.95,Low
1805,WB-107,2026-09-27 23:40:42,136,131,94,23.8,59.9,11.81,0.4552,19.63,Low
1806,WB-101,2026-10-04 01:47:42,229,227,165,31.9,20.4,8.7,0.0508,3.01,Low
1807,WB-108,2026-09-28 23:59:42,211,201,149,34.5,30.1,7.34,0.1421,8.28,Low
1808,WB-110,2026-09-24 21:15:42,221,211,164,18.5,28.9,1.33,0.117,38.47,Moderate
1809,WB-110,2026-10-03 02:30:42,227,227,164,40.9,57.4,0.72,0.0417,12.9,Low
1810,WB-110,2026-09-24 17:08:42,140,127,111,35.1,51.2,3.63,0.4356,43.86,Moderate
1811,WB-104,2026-10-02 14:04:42,84,73,65,24.1,54.4,4.88,0.6639,80.32,High
1812,WB-107,2026-10-01 17:35:42,200,207,147,26.3,41.3,3.42,0.1506,16.73,Low
1813,WB-103,2026-09-13 11:28:42,166,161,122,29.7,60.2,3.8,0.3314,30.01,Moderate
1814,WB-105,2026-09-11 17:56:42,127,116,93,33.1,33.8,2.58,0.4985,89.43,High
1815,WB-109,2026-09-10 06:53:42,192,164,145,35.3,58.6,2.09,0.2521,33.68,Moderate
1816,WB-104,2026-09-24 14:18:42,168,153,121,23.6,43.4,9.52,0.3041,16.93,Low
1817,WB-107,2026-09-17 06:11:42,173,155,138,30.6,67.8,4.17,0.3024,23.36,Moderate
1818,WB-107,2026-09-20 21:48:42,168,161,140,18.3,25.0,5.44,0.2974,36.81,Moderate
1819,WB-108,2026-10-02 13:30:42,145,136,114,20.8,86.8,2.83,0.4018,49.47,Moderate
1820,WB-101,2026-09-22 10:15:42,55,54,40,29.6,63.4,6.68,0.7696,67.78,High
1821,WB-109,2026-09-15 21:46:42,82,77,64,40.7,31.6,10.86,0.6639,38.93,Moderate
1822,WB-109,2026-09-18 12:42:42,229,226,181,15.1,41.5,6.3,0.0799,6.47,Low
1823,WB-110,2026-10-02 01:18:42,135,129,112,17.9,53.5,11.38,0.4371,23.38,Moderate
1824,WB-108,2026-09-13 04:42:42,204,194,161,40.8,20.2,2.68,0.1334,18.93,Low
1825,WB-107,2026-09-10 00:10:42,200,182,140,35.1,35.2,8.85,0.1937,9.25,Low
1826,WB-106,2026-09-14 20:51:42,42,31,29,33.7,81.8,11.88,0.8493,41.64,Moderate
1827,WB-108,2026-09-20 15:46:42,63,62,49,36.8,45.0,7.07,0.7356,61.36,High
1828,WB-109,2026-09-25 21:13:42,243,224,191,29.2,60.6,3.02,0.0078,0.71,Low
1829,WB-110,2026-09-27 00:51:42,236,212,174,22.6,64.3,1.33,0.0616,13.05,Low
1830,WB-102,2026-09-13 10:10:42,221,209,172,35.7,43.1,4.25,0.1218,9.28,Low
1831,WB-107,2026-09-18 06:32:42,72,69,52,16.2,75.9,9.47,0.7078,49.82,Moderate
1832,WB-102,2026-09-18 11:07:42,210,198,151,23.5,63.6,2.39,0.1545,18.88,Low
1833,WB-107,2026-09-27 19:54:42,233,224,178,19.5,75.7,1.43,0.0827,13.91,Low
1834,WB-102,2026-09-13 20:57:42,217,205,177,30.3,58.7,4.28,0.0806,5.92,Low
1835,WB-104,2026-09-26 05:03:42,159,145,114,16.1,36.6,9.46,0.3634,27.7,Moderate
1836,WB-101,2026-09-16 05:19:42,171,152,132,19.8,63.1,10.51,0.3168,14.55,Low
1837,WB-107,2026-09-08 14:03:42,241,230,182,18.8,38.2,1.69,0.0026,1.85,Low
1838,WB-108,2026-09-13 02:23:42,41,42,35,31.1,65.0,11.52,0.8207,48.17,Moderate
1839,WB-103,2026-09-15 05:56:42,222,217,178,22.8,40.2,8.3,0.0856,4.95,Low
1840,WB-108,2026-10-01 22:58:42,213,213,166,31.6,42.9,3.04,0.1229,13.43,Low
1841,WB-106,2026-09-14 16:28:42,89,88,69,32.4,75.3,5.27,0.6401,49.47,Moderate
1842,WB-106,2026-09-19 22:49:42,106,112,79,34.5,53.9,8.52,0.5559,29.85,Moderate
1843,WB-106,2026-10-02 04:09:42,70,66,49,43.5,82.6,6.4,0.7174,40.8,Moderate
1844,WB-102,2026-09-13 18:49:42,204,201,162,26.6,62.2,2.91,0.1734,18.5,Low
1845,WB-110,2026-09-07 09:03:42,202,184,144,27.1,21.8,5.98,0.1766,15.18,Low
1846,WB-101,2026-09-14 21:59:42,57,51,43,44.2,36.3,9.91,0.7744,49.7,Moderate
1847,WB-102,2026-09-05 04:04:42,53,43,33,42.9,69.9,11.92,0.8041,34.55,Moderate
1848,WB-102,2026-09-10 02:47:42,108,95,79,40.7,42.3,5.39,0.5582,45.7,Moderate
1849,WB-108,2026-09-11 09:09:42,239,216,162,28.8,50.4,8.46,0.0588,2.99,Low
1850,WB-110,2026-09-26 11:04:42,122,112,100,27.6,87.3,3.65,0.4873,42.27,Moderate
1851,WB-102,2026-09-16 07:30:42,98,87,66,21.0,33.0,11.52,0.6125,43.96,Moderate
1852,WB-102,2026-09-26 16:02:42,138,132,108,26.5,27.1,7.2,0.4333,39.05,Moderate
1853,WB-108,2026-09-11 11:19:42,180,171,151,19.7,34.7,3.49,0.2391,36.53,Moderate
1854,WB-104,2026-09-29 04:21:42,225,212,168,38.4,25.2,4.16,0.077,6.9,Low
1855,WB-101,2026-09-10 01:27:42,233,230,198,21.3,42.8,0.74,0.0154,5.64,Low
1856,WB-105,2026-09-21 08:29:42,157,155,117,24.5,26.4,5.18,0.3609,41.61,Moderate
1857,WB-101,2026-09-25 12:11:42,190,185,140,18.8,62.6,7.48,0.2438,14.61,Low
1858,WB-102,2026-09-07 21:37:42,234,223,175,23.9,53.2,1.74,0.0663,9.49,Low
1859,WB-104,2026-09-16 19:40:42,80,73,61,38.8,52.6,9.59,0.6761,35.26,Moderate
1860,WB-104,2026-09-23 00:56:42,125,114,87,28.5,58.5,4.41,0.503,49.04,Moderate
1861,WB-108,2026-09-06 06:16:42,169,165,124,24.3,57.8,3.43,0.3158,34.41,Moderate
1862,WB-105,2026-09-24 09:50:42,216,197,168,39.6,32.6,9.27,0.1484,6.28,Low
1863,WB-102,2026-09-06 09:39:42,225,205,176,15.2,30.6,0.73,0.0624,31.17,Moderate
1864,WB-103,2026-09-17 15:05:42,206,193,144,36.8,23.0,9.73,0.1717,8.1,Low
1865,WB-110,2026-09-19 11:39:42,175,174,125,19.8,31.3,4.79,0.2735,32.44,Moderate
1866,WB-101,2026-10-03 02:49:42,194,190,140,20.0,28.7,9.67,0.1978,12.75,Low
1867,WB-102,2026-09-15 12:47:42,188,177,132,33.5,79.7,1.88,0.2402,30.43,Moderate
1868,WB-110,2026-09-12 05:10:42,188,188,130,29.0,87.0,10.61,0.2335,6.83,Low
1869,WB-103,2026-09-28 07:42:42,186,157,143,26.6,44.4,2.85,0.2728,39.04,Moderate
1870,WB-109,2026-09-15 17:39:42,232,203,167,32.4,80.3,1.67,0.0824,10.11,Low
1871,WB-107,2026-09-22 08:51:42,213,191,152,33.6,36.7,8.63,0.1452,7.17,Low
1872,WB-105,2026-09-12 23:20:42,172,171,128,35.6,81.7,4.37,0.281,17.01,Low
1873,WB-104,2026-09-10 07:59:42,234,208,162,35.9,20.8,7.83,0.0792,4.77,Low
1874,WB-106,2026-10-03 04:11:42,113,108,85,21.1,46.7,6.94,0.5544,48.95,Moderate
1875,WB-109,2026-09-24 20:26:42,195,196,159,31.3,73.6,5.02,0.1927,10.88,Low
1876,WB-104,2026-09-09 22:39:42,105,111,82,43.7,36.2,6.08,0.5474,41.79,Moderate
1877,WB-103,2026-09-16 16:02:42,222,209,160,36.8,66.3,1.29,0.0801,13.38,Low
1878,WB-107,2026-09-30 04:40:42,222,205,157,16.0,82.3,6.85,0.1261,6.1,Low
1879,WB-104,2026-09-17 13:37:42,170,164,135,39.7,74.5,6.25,0.2803,12.81,Low
1880,WB-103,2026-09-29 09:56:42,234,232,168,17.9,64.4,1.6,0.05,8.72,Low
1881,WB-105,2026-09-10 23:33:42,178,170,146,36.8,53.7,3.33,0.2665,25.12,Moderate
1882,WB-103,2026-09-15 02:51:42,135,128,100,16.6,51.9,9.09,0.44,30.18,Moderate
1883,WB-107,2026-09-11 09:47:42,244,212,187,40.1,81.9,5.29,0.0367,1.62,Low
1884,WB-105,2026-09-08 09:16:42,188,168,136,18.0,32.2,8.32,0.2373,17.64,Low
1885,WB-101,2026-09-05 09:20:42,146,138,118,37.4,40.7,3.32,0.3978,45.22,Moderate
1886,WB-108,2026-09-28 12:27:42,187,180,129,43.4,53.6,1.43,0.2442,41.25,Moderate
1887,WB-110,2026-09-24 22:53:42,164,154,122,21.7,50.3,11.78,0.3635,16.95,Low
1888,WB-102,2026-09-16 00:35:42,235,215,184,37.7,87.5,10.48,0.0602,1.51,Low
1889,WB-106,2026-09-08 19:54:42,219,217,170,26.7,41.4,2.06,0.0882,13.74,Low
1890,WB-105,2026-09-23 10:52:42,103,91,68,24.9,76.3,9.79,0.5963,29.32,Moderate
1891,WB-108,2026-09-24 20:38:42,184,178,135,37.2,23.9,4.16,0.2683,27.75,Moderate
1892,WB-109,2026-09-15 02:36:42,244,233,165,15.8,82.4,8.81,0.0345,1.56,Low
1893,WB-104,2026-09-22 13:34:42,137,130,103,43.7,53.7,8.29,0.4295,18.79,Low
1894,WB-110,2026-10-04 07:07:42,121,119,88,15.2,39.6,7.46,0.4985,47.71,Moderate
1895,WB-107,2026-10-04 17:45:42,221,210,156,34.4,45.1,6.91,0.0743,3.78,Low
1896,WB-108,2026-09-12 02:16:42,222,227,178,24.7,24.4,2.43,0.0577,10.49,Low
1897,WB-103,2026-10-02 23:42:42,212,203,150,43.1,36.6,3.61,0.1313,12.0,Low
1898,WB-106,2026-09-28 02:48:42,182,193,135,38.2,35.9,10.61,0.2165,8.53,Low
1899,WB-101,2026-09-22 20:34:42,75,71,58,44.5,60.6,10.27,0.6841,29.8,Moderate
1900,WB-110,2026-09-19 07:18:42,166,151,115,41.9,71.2,2.21,0.3423,38.22,Moderate
1901,WB-110,2026-09-07 09:39:42,161,146,131,33.3,77.6,2.58,0.332,33.37,Moderate
1902,WB-110,2026-09-24 01:00:42,136,134,105,38.2,47.5,8.13,0.4479,22.89,Moderate
1903,WB-102,2026-09-28 18:41:42,229,224,165,31.1,22.6,7.9,0.0821,4.78,Low
1904,WB-109,2026-09-18 13:31:42,192,183,156,15.2,48.2,0.98,0.2047,82.76,High
1905,WB-107,2026-09-09 23:20:42,134,129,97,38.0,80.7,4.42,0.4449,28.33,Moderate
1906,WB-103,2026-09-28 18:41:42,180,176,127,40.6,54.1,2.32,0.2672,31.66,Moderate
1907,WB-109,2026-10-03 03:02:42,127,126,92,38.9,74.2,3.91,0.4723,36.82,Moderate
1908,WB-104,2026-09-18 10:50:42,187,177,147,42.6,69.9,3.83,0.2141,13.44,Low
1909,WB-102,2026-09-26 22:50:42,110,105,90,32.7,41.7,8.25,0.5409,33.53,Moderate
1910,WB-109,2026-10-04 01:29:42,230,217,166,25.8,74.0,4.76,0.0402,2.65,Low
1911,WB-105,2026-09-25 04:10:42,103,99,81,17.8,63.2,8.29,0.5807,41.87,Moderate
1912,WB-106,2026-09-19 22:11:42,213,203,147,27.9,55.2,9.21,0.1594,6.91,Low
1913,WB-107,2026-09-21 02:42:42,233,227,183,24.8,51.4,2.65,0.0688,8.74,Low
1914,WB-105,2026-09-10 08:47:42,154,140,120,27.9,32.4,11.59,0.3863,19.62,Low
1915,WB-108,2026-09-19 20:43:42,200,189,153,30.4,64.6,6.74,0.1813,9.1,Low
1916,WB-101,2026-09-15 09:25:42,237,236,182,15.8,90.0,0.89,0.0069,2.54,Low
1917,WB-104,2026-09-22 00:07:42,151,157,117,22.1,51.4,9.61,0.3528,19.02,Low
1918,WB-104,2026-09-25 21:03:42,200,183,152,20.8,66.0,1.84,0.1966,35.67,Moderate
1919,WB-105,2026-09-23 21:53:42,216,190,164,35.1,27.8,6.47,0.1497,9.27,Low
1920,WB-104,2026-09-27 22:22:42,162,155,109,21.8,65.1,11.11,0.3592,14.73,Low
1921,WB-103,2026-09-25 10:50:42,199,200,154,19.9,23.3,3.14,0.1806,33.16,Moderate
1922,WB-107,2026-09-18 05:39:42,202,197,167,19.7,65.3,4.9,0.1701,13.53,Low
1923,WB-104,2026-09-19 16:46:42,217,211,166,40.2,46.7,8.55,0.0908,3.37,Low
1924,WB-102,2026-09-08 00:11:42,154,150,128,26.5,23.0,5.9,0.3498,34.92,Moderate
1925,WB-102,2026-09-24 21:38:42,165,162,113,42.4,47.2,6.42,0.3385,18.5,Low
1926,WB-102,2026-09-11 20:37:42,212,206,157,37.0,21.5,8.4,0.1456,8.7,Low
1927,WB-108,2026-09-24 14:57:42,230,199,180,30.0,69.0,0.86,0.0998,27.46,Moderate
1928,WB-105,2026-09-21 21:44:42,117,110,88,30.8,42.7,7.19,0.5223,38.49,Moderate
1929,WB-107,2026-09-16 18:04:42,212,208,163,26.0,70.1,3.05,0.0984,9.64,Low
1930,WB-105,2026-09-05 07:44:42,238,236,186,17.4,69.0,1.36,0.0179,4.3,Low
1931,WB-109,2026-09-05 21:48:42,188,191,154,40.0,35.3,10.08,0.2069,8.33,Low
1932,WB-107,2026-09-17 07:34:42,238,228,190,43.6,66.1,0.57,0.0337,10.45,Low
1933,WB-101,2026-10-04 00:39:42,192,178,149,18.1,71.2,0.99,0.2221,71.26,High
1934,WB-106,2026-09-27 10:09:42,238,219,190,37.2,89.0,0.89,0.0455,8.8,Low
1935,WB-105,2026-09-08 23:02:42,190,179,155,38.5,46.7,1.6,0.2357,39.72,Moderate
1936,WB-107,2026-09-12 13:50:42,237,230,175,16.5,32.0,1.67,0.0043,1.0,Low
1937,WB-109,2026-09-10 07:23:42,222,219,183,15.6,49.3,4.07,0.0849,9.14,Low
1938,WB-110,2026-09-10 23:21:42,194,183,146,34.7,84.2,11.39,0.2168,5.58,Low
1939,WB-108,2026-09-21 08:14:42,251,226,198,16.2,39.6,1.16,0.0024,2.91,Low
1940,WB-110,2026-09-19 00:45:42,225,221,168,23.8,26.4,5.45,0.0668,7.27,Low
1941,WB-107,2026-09-17 03:36:42,212,211,153,44.1,21.7,3.5,0.1221,12.52,Low
1942,WB-104,2026-09-17 01:29:42,186,176,143,32.4,57.9,10.51,0.2481,8.71,Low
1943,WB-109,2026-09-29 05:25:42,183,182,146,39.6,29.7,4.62,0.2242,17.87,Low
1944,WB-110,2026-09-09 13:23:42,192,173,144,40.4,47.0,7.6,0.2405,11.18,Low
1945,WB-102,2026-09-13 13:55:42,175,164,145,38.9,22.6,9.77,0.2605,13.24,Low
1946,WB-101,2026-09-22 19:19:42,167,172,121,26.8,31.3,5.49,0.2954,26.89,Moderate
1947,WB-109,2026-09-08 03:49:42,102,97,76,35.5,44.8,8.78,0.5762,33.91,Moderate
1948,WB-104,2026-09-09 22:31:42,114,101,80,38.1,35.4,7.59,0.5543,37.89,Moderate
1949,WB-105,2026-09-19 23:28:42,201,187,157,18.9,36.4,7.62,0.177,12.81,Low
1950,WB-106,2026-09-26 03:00:42,109,101,82,27.4,81.8,5.65,0.5631,39.04,Moderate
1951,WB-107,2026-09-16 19:46:42,222,222,169,31.6,42.3,9.46,0.0905,3.83,Low
1952,WB-109,2026-10-04 01:46:42,162,151,121,27.1,59.1,2.52,0.3229,45.68,Moderate
1953,WB-102,2026-10-03 04:31:42,154,137,116,36.1,43.5,11.76,0.3882,15.11,Low
1954,WB-102,2026-10-01 10:11:42,216,210,155,35.4,74.6,5.65,0.1468,6.83,Low
1955,WB-110,2026-09-17 16:42:42,250,229,189,39.5,22.2,0.61,0.0165,3.46,Low
1956,WB-103,2026-09-21 09:21:42,150,135,113,32.7,82.3,1.14,0.3978,86.59,High
1957,WB-108,2026-10-02 03:17:42,222,219,169,16.5,65.6,1.66,0.1038,20.86,Moderate
1958,WB-109,2026-09-08 17:44:42,207,216,172,18.0,80.5,0.8,0.1155,35.2,Moderate
1959,WB-105,2026-09-23 19:45:42,115,98,84,24.2,54.1,7.48,0.5593,41.02,Moderate
1960,WB-104,2026-09-24 06:53:42,106,101,85,29.5,85.2,8.21,0.5601,25.8,Moderate
1961,WB-101,2026-09-26 20:43:42,88,80,60,19.6,37.3,11.8,0.6573,47.4,Moderate
1962,WB-107,2026-09-22 12:57:42,232,220,180,17.2,72.4,1.23,0.04,8.59,Low
1963,WB-107,2026-09-19 21:43:42,121,112,81,43.5,71.2,9.0,0.5331,20.6,Moderate
1964,WB-104,2026-09-15 06:18:42,211,199,146,40.9,21.7,4.17,0.1598,15.66,Low
1965,WB-110,2026-09-14 12:58:42,223,217,179,37.3,39.5,1.35,0.093,19.04,Low
1966,WB-102,2026-09-18 07:32:42,20,15,10,30.2,65.5,9.18,0.9347,98.84,High
1967,WB-101,2026-09-20 09:28:42,214,218,174,27.3,67.8,2.73,0.1002,10.04,Low
1968,WB-101,2026-09-25 16:53:42,183,183,144,18.1,37.5,4.47,0.2276,26.99,Moderate
1969,WB-101,2026-09-11 11:30:42,95,96,71,43.7,65.7,10.66,0.5994,22.09,Moderate
1970,WB-109,2026-09-15 08:15:42,166,170,125,35.1,75.6,8.52,0.3018,10.58,Low
1971,WB-102,2026-09-29 05:39:42,206,196,146,29.8,46.2,1.48,0.1598,33.68,Moderate
1972,WB-106,2026-10-01 02:42:42,210,196,151,37.5,83.9,7.3,0.1464,4.77,Low
1973,WB-107,2026-09-15 14:30:42,204,184,165,36.0,39.3,3.18,0.1653,17.46,Low
1974,WB-106,2026-09-13 10:13:42,203,185,143,30.5,87.6,2.99,0.1561,12.62,Low
1975,WB-107,2026-10-02 10:37:42,196,172,149,35.1,62.1,1.46,0.2302,40.16,Moderate
1976,WB-106,2026-09-21 01:55:42,199,199,144,33.1,90.0,2.09,0.1601,15.64,Low
1977,WB-107,2026-09-23 12:53:42,220,215,163,30.9,50.4,5.97,0.0687,3.8,Low
1978,WB-107,2026-10-03 04:35:42,214,210,166,40.3,58.9,5.82,0.1375,6.71,Low
1979,WB-101,2026-09-19 15:01:42,221,203,164,40.9,20.3,1.27,0.0688,15.5,Low
1980,WB-104,2026-09-14 09:20:42,228,210,181,36.0,79.8,1.5,0.0957,12.93,Low
1981,WB-102,2026-09-16 03:25:42,237,219,186,19.0,29.4,0.77,0.0416,18.34,Low
1982,WB-104,2026-10-04 15:18:42,146,144,119,23.7,55.0,9.89,0.387,19.46,Low
1983,WB-109,2026-10-03 02:03:42,222,217,179,43.8,35.5,3.1,0.0782,6.52,Low
1984,WB-102,2026-09-21 13:28:42,96,91,76,43.6,50.6,6.84,0.6155,37.43,Moderate
1985,WB-107,2026-09-26 14:17:42,159,151,115,43.2,63.3,8.84,0.3349,11.93,Low
1986,WB-106,2026-09-26 13:56:42,171,163,123,30.3,36.6,11.1,0.303,13.86,Low
1987,WB-101,2026-09-21 06:24:42,20,17,16,31.6,82.1,7.81,0.9219,87.47,High
1988,WB-108,2026-09-27 17:36:42,181,186,143,32.2,23.0,7.51,0.2281,15.7,Low
1989,WB-105,2026-09-11 16:17:42,122,114,85,31.2,42.5,6.57,0.5134,39.77,Moderate
1990,WB-110,2026-09-23 13:59:42,20,15,17,25.0,79.3,9.4,0.9236,85.46,High
1991,WB-107,2026-09-26 07:42:42,242,230,163,23.9,20.6,2.76,0.0421,6.69,Low
1992,WB-107,2026-09-15 00:43:42,166,159,118,17.8,41.2,8.73,0.3349,23.34,Moderate
1993,WB-108,2026-09-30 14:25:42,162,156,126,27.4,33.5,9.15,0.3384,21.23,Moderate
1994,WB-107,2026-10-04 09:53:42,244,220,174,30.5,81.6,3.21,0.0364,2.98,Low
1995,WB-105,2026-09-16 09:57:42,216,206,159,26.7,55.6,1.74,0.1083,16.4,Low
1996,WB-102,2026-10-01 03:13:42,56,54,42,32.8,73.8,11.77,0.7623,34.6,Moderate
1997,WB-103,2026-09-14 23:12:42,214,206,157,19.5,85.5,4.53,0.141,9.48,Low
1998,WB-106,2026-09-08 12:50:42,130,137,103,36.3,70.2,3.2,0.4403,41.41,Moderate
1999,WB-107,2026-09-20 19:31:42,241,218,176,26.6,45.9,0.55,0.039,18.95,Low
2000,WB-101,2026-09-05 03:56:42,234,209,166,30.1,65.5,7.05,0.0804,3.58,Low
2001,WB-105,2026-09-30 18:26:42,28,28,23,33.9,56.7,8.56,0.8834,77.09,High
2002,WB-108,2026-10-04 13:51:42,178,163,134,22.1,69.0,10.98,0.2835,11.23,Low
2003,WB-110,2026-09-30 18:41:42,188,177,145,38.8,77.1,4.06,0.2321,14.21,Low
2004,WB-101,2026-09-16 18:39:42,229,225,159,43.1,42.0,9.65,0.077,2.27,Low
2005,WB-106,2026-09-29 00:20:42,170,158,129,40.0,80.3,4.79,0.2877,15.18,Low
2006,WB-109,2026-10-04 05:38:42,83,76,55,30.0,80.2,10.88,0.681,29.17,Moderate
2007,WB-103,2026-09-16 06:03:42,237,233,177,41.9,33.9,1.47,0.0246,5.26,Low
2008,WB-102,2026-09-30 15:32:42,229,203,173,34.1,46.7,4.37,0.0934,7.21,Low
2009,WB-110,2026-09-29 16:51:42,202,195,156,15.7,29.8,1.77,0.1363,39.51,Moderate
2010,WB-110,2026-09-27 07:49:42,83,85,65,37.2,37.5,3.75,0.6538,91.24,High
2011,WB-106,2026-09-26 10:19:42,84,86,66,35.8,78.7,4.93,0.6474,49.54,Moderate
2012,WB-103,2026-09-19 06:23:42,170,153,127,25.6,33.6,3.59,0.3213,43.33,Moderate
2013,WB-109,2026-09-27 16:58:42,199,203,166,32.1,81.6,9.97,0.158,4.52,Low
2014,WB-107,2026-09-11 05:57:42,214,204,158,21.0,20.8,4.31,0.1315,16.56,Low
2015,WB-105,2026-09-22 14:22:42,241,230,176,35.9,45.3,4.19,0.0247,1.73,Low
2016,WB-102,2026-09-29 20:43:42,77,69,61,17.8,65.4,5.39,0.6853,80.02,High
2017,WB-102,2026-09-06 09:42:42,189,183,144,42.0,33.9,1.63,0.2408,45.43,Moderate
2018,WB-102,2026-09-19 07:46:42,242,230,178,20.1,40.6,0.73,0.0374,15.41,Low
2019,WB-110,2026-09-26 04:49:42,239,211,187,24.9,31.6,2.31,0.0524,9.16,Low
2020,WB-108,2026-09-19 08:17:42,189,168,148,42.2,81.0,8.76,0.2416,7.12,Low
2021,WB-104,2026-09-22 19:23:42,241,227,178,19.4,68.4,0.75,0.0352,14.27,Low
2022,WB-105,2026-09-14 20:07:42,43,41,29,22.4,34.1,11.52,0.8271,78.42,High
2023,WB-107,2026-09-25 21:06:42,231,238,192,18.2,74.5,1.17,0.0369,8.93,Low
2024,WB-101,2026-09-05 22:31:42,185,170,130,23.6,26.5,6.24,0.2447,21.78,Moderate
2025,WB-104,2026-09-10 10:11:42,184,186,130,34.9,46.3,1.25,0.2296,53.4,High
2026,WB-108,2026-10-01 03:50:42,201,193,141,30.2,21.3,1.81,0.1899,42.82,Moderate
2027,WB-103,2026-09-30 03:58:42,162,157,130,31.7,35.6,7.44,0.3313,21.78,Moderate
2028,WB-107,2026-09-16 08:09:42,215,203,156,36.9,39.0,6.21,0.1232,7.08,Low
2029,WB-109,2026-09-20 16:53:42,195,198,148,23.1,49.8,2.89,0.1584,20.48,Moderate
2030,WB-104,2026-09-18 05:26:42,134,126,101,33.5,69.9,10.76,0.4717,17.2,Low
2031,WB-101,2026-09-04 21:39:42,180,177,145,24.3,48.3,7.6,0.2453,15.13,Low
2032,WB-103,2026-09-19 06:59:42,212,201,163,39.4,35.5,11.25,0.1085,3.83,Low
2033,WB-107,2026-09-27 05:42:42,173,161,142,37.3,29.4,10.76,0.2748,12.41,Low
2034,WB-101,2026-09-25 14:26:42,224,216,171,42.1,76.2,3.3,0.1163,7.35,Low
2035,WB-109,2026-09-12 16:35:42,169,149,136,41.1,82.2,4.72,0.3266,17.47,Low
2036,WB-105,2026-10-02 22:04:42,140,131,103,42.0,51.1,9.87,0.4172,15.79,Low
2037,WB-101,2026-09-27 23:20:42,219,206,163,19.8,38.0,6.3,0.1217,8.73,Low
2038,WB-103,2026-09-13 04:01:42,139,134,104,41.4,68.4,10.37,0.4358,14.31,Low
2039,WB-104,2026-09-25 17:12:42,193,177,158,18.4,59.8,11.06,0.196,8.51,Low
2040,WB-110,2026-09-12 20:41:42,193,178,146,29.8,53.3,7.64,0.2247,11.54,Low
2041,WB-105,2026-09-09 08:54:42,169,162,125,43.4,59.5,5.07,0.3174,18.62,Low
2042,WB-106,2026-09-16 14:04:42,228,219,190,15.2,76.5,1.91,0.0545,7.02,Low
2043,WB-101,2026-10-04 17:58:42,236,219,185,22.1,27.4,1.08,0.0328,8.86,Low
2044,WB-105,2026-10-02 08:47:42,217,215,157,29.6,29.3,1.7,0.1122,24.12,Moderate
2045,WB-101,2026-09-04 19:54:42,183,183,151,33.5,86.9,10.17,0.241,6.71,Low
2046,WB-108,2026-09-14 14:06:42,207,208,160,27.4,83.0,10.88,0.1431,4.46,Low
2047,WB-109,2026-09-12 07:11:42,198,192,154,39.3,72.8,10.76,0.1538,4.08,Low
2048,WB-109,2026-09-27 04:33:42,229,211,164,39.5,38.6,0.62,0.0528,19.62,Low
2049,WB-101,2026-09-29 09:26:42,219,209,168,21.4,56.4,2.12,0.0764,12.1,Low
2050,WB-106,2026-09-17 07:50:42,229,201,179,23.6,34.7,6.72,0.0942,6.91,Low
2051,WB-109,2026-09-23 17:52:42,135,128,95,17.2,46.2,4.36,0.454,59.49,High
2052,WB-106,2026-09-28 06:02:42,247,221,185,25.1,51.9,2.41,0.0261,1.86,Low
2053,WB-101,2026-09-05 02:59:42,188,185,144,23.6,37.0,8.34,0.214,12.91,Low
2054,WB-110,2026-09-23 04:14:42,242,240,190,31.9,46.1,2.07,0.0304,4.94,Low
2055,WB-102,2026-09-07 12:24:42,231,221,165,22.2,37.8,4.9,0.0783,7.05,Low
2056,WB-108,2026-09-23 13:46:42,118,115,86,38.5,21.3,7.34,0.521,42.42,Moderate
2057,WB-104,2026-09-18 20:13:42,178,174,133,44.2,46.6,1.24,0.2418,48.3,Moderate
2058,WB-102,2026-09-09 04:27:42,198,197,154,35.8,41.4,5.13,0.1875,12.34,Low
2059,WB-107,2026-09-05 20:09:42,145,130,103,15.5,42.9,11.35,0.4222,26.09,Moderate
2060,WB-104,2026-09-29 18:16:42,209,202,156,21.9,20.4,7.39,0.1226,9.77,Low
2061,WB-109,2026-09-25 08:59:42,69,63,51,25.6,41.6,11.76,0.7257,49.33,Moderate
2062,WB-102,2026-09-28 20:02:42,205,192,149,25.2,35.9,3.32,0.1411,17.59,Low
2063,WB-103,2026-09-15 10:55:42,216,215,152,28.1,59.4,3.89,0.1105,8.73,Low
2064,WB-110,2026-09-19 03:05:42,151,151,118,19.5,40.4,7.17,0.3759,30.4,Moderate
2065,WB-108,2026-09-15 12:04:42,136,132,104,19.9,38.0,5.4,0.4287,48.87,Moderate
2066,WB-110,2026-09-05 00:25:42,62,55,44,43.5,46.9,10.08,0.7539,41.8,Moderate
2067,WB-109,2026-09-07 17:00:42,219,201,154,17.6,22.1,7.47,0.0966,8.61,Low
2068,WB-103,2026-09-08 04:08:42,119,114,95,18.2,55.6,8.9,0.5027,33.68,Moderate
2069,WB-110,2026-09-11 01:36:42,208,213,158,16.0,39.1,10.86,0.128,6.92,Low
2070,WB-108,2026-09-14 15:52:42,233,225,164,37.2,35.7,7.28,0.0515,2.49,Low
2071,WB-104,2026-09-17 07:23:42,223,201,151,21.1,31.9,1.54,0.1265,31.62,Moderate
2072,WB-103,2026-09-11 08:56:42,207,194,159,38.3,69.7,2.86,0.1344,11.02,Low
2073,WB-106,2026-09-14 05:13:42,222,212,171,29.7,45.6,1.76,0.0568,8.24,Low
2074,WB-107,2026-09-26 17:56:42,102,86,75,25.7,23.7,11.4,0.6095,45.69,Moderate
2075,WB-105,2026-09-30 05:42:42,135,123,95,20.8,65.7,6.79,0.4585,32.35,Moderate
2076,WB-103,2026-09-23 12:48:42,181,166,132,40.0,48.9,7.82,0.2943,13.11,Low
2077,WB-102,2026-09-06 10:04:42,148,142,104,40.0,56.6,10.89,0.3927,13.27,Low
2078,WB-110,2026-09-24 20:27:42,215,209,171,25.6,29.5,7.01,0.1304,9.47,Low
2079,WB-106,2026-09-10 02:30:42,185,168,144,40.1,49.2,9.66,0.2646,9.82,Low
2080,WB-108,2026-09-08 18:23:42,227,209,175,28.0,46.8,1.73,0.094,16.74,Low
2081,WB-104,2026-09-06 08:20:42,149,146,116,37.4,49.9,10.16,0.3752,15.34,Low
2082,WB-102,2026-09-23 07:34:42,202,197,165,31.0,56.8,4.73,0.1476,9.85,Low
2083,WB-106,2026-09-16 21:50:42,181,177,126,16.7,21.6,4.55,0.2683,39.97,Moderate
2084,WB-108,2026-09-07 21:13:42,220,208,155,19.6,55.0,9.59,0.0896,3.72,Low
2085,WB-108,2026-09-12 12:11:42,109,110,92,19.0,34.6,10.66,0.5472,40.61,Moderate
2086,WB-104,2026-09-21 21:59:42,185,185,151,38.5,67.8,1.4,0.2445,40.44,Moderate
2087,WB-107,2026-10-03 22:05:42,248,230,196,23.0,79.5,5.59,0.0162,0.71,Low
2088,WB-109,2026-10-02 16:50:42,225,229,166,25.5,65.0,6.73,0.0758,3.65,Low
2089,WB-110,2026-10-03 23:48:42,224,214,188,30.9,56.1,9.28,0.0585,2.26,Low
2090,WB-107,2026-10-02 10:50:42,152,152,123,41.6,41.7,7.0,0.3493,19.61,Low
2091,WB-104,2026-09-23 00:36:42,63,60,48,41.2,76.0,9.17,0.7388,34.99,Moderate
2092,WB-105,2026-09-29 23:16:42,227,218,171,24.7,44.3,10.51,0.0624,2.6,Low
2093,WB-106,2026-09-26 14:37:42,20,18,16,26.9,59.5,10.76,0.9173,85.89,High
2094,WB-110,2026-10-02 22:49:42,144,146,101,26.5,84.0,3.19,0.4098,39.83,Moderate
2095,WB-107,2026-09-12 15:04:42,224,204,152,20.0,55.2,8.0,0.1148,6.16,Low
2096,WB-106,2026-09-19 09:28:42,204,200,143,32.9,41.2,1.41,0.1729,37.33,Moderate
2097,WB-107,2026-09-30 23:36:42,241,235,177,26.0,39.8,1.49,0.0212,6.73,Low
2098,WB-108,2026-09-18 14:11:42,117,106,82,20.0,82.1,7.27,0.5339,33.2,Moderate
2099,WB-107,2026-09-16 16:07:42,216,197,148,19.4,40.0,10.63,0.1264,6.73,Low
2100,WB-102,2026-09-20 23:52:42,78,78,64,44.6,72.1,10.48,0.6721,25.43,Moderate
2101,WB-108,2026-09-24 14:49:42,206,190,162,41.7,79.7,9.53,0.1589,3.88,Low
2102,WB-103,2026-09-29 01:55:42,167,152,122,16.6,30.7,5.33,0.3328,41.51,Moderate
2103,WB-109,2026-09-21 06:36:42,191,178,133,23.7,69.7,7.27,0.2239,11.59,Low
2104,WB-104,2026-10-02 16:30:42,146,136,121,38.8,46.0,9.59,0.3808,17.14,Low
2105,WB-104,2026-09-16 18:35:42,68,67,51,34.7,65.3,9.23,0.7163,38.44,Moderate
2106,WB-106,2026-09-30 11:20:42,217,214,150,39.5,89.9,5.24,0.1249,5.05,Low
2107,WB-105,2026-09-04 21:11:42,203,193,154,22.5,76.9,1.98,0.1568,22.43,Moderate
2108,WB-103,2026-09-16 22:37:42,141,125,93,35.4,81.0,9.25,0.4496,16.44,Low
2109,WB-104,2026-09-05 23:17:42,232,220,183,41.6,89.5,1.12,0.0471,6.88,Low
2110,WB-107,2026-10-01 01:58:42,109,97,82,26.2,52.6,8.38,0.563,35.91,Moderate
2111,WB-105,2026-09-13 16:09:42,123,117,84,16.2,32.4,3.87,0.4966,89.92,High
2112,WB-101,2026-09-17 20:01:42,175,158,140,24.7,30.0,4.58,0.2929,34.03,Moderate
2113,WB-106,2026-09-12 18:38:42,169,152,115,28.3,71.5,11.56,0.334,11.03,Low
2114,WB-109,2026-10-02 08:43:42,131,125,92,40.4,85.6,5.4,0.4746,24.69,Moderate
2115,WB-105,2026-10-03 15:40:42,102,99,80,32.1,80.7,6.37,0.5703,32.72,Moderate
2116,WB-106,2026-09-27 18:03:42,225,223,163,36.0,79.0,0.73,0.0804,18.84,Low
2117,WB-102,2026-09-07 23:22:42,28,28,21,44.4,86.8,10.3,0.883,44.7,Moderate
2118,WB-103,2026-09-05 19:41:42,209,188,142,24.5,48.8,4.63,0.1687,13.95,Low
2119,WB-101,2026-09-21 05:42:42,63,57,48,42.8,26.1,5.78,0.7434,85.07,High
2120,WB-107,2026-09-21 04:42:42,204,214,155,41.6,81.4,5.62,0.1248,4.87,Low
2121,WB-103,2026-09-24 16:55:42,233,207,178,19.0,23.7,1.88,0.0643,13.47,Low
2122,WB-103,2026-10-03 06:05:42,220,217,177,18.1,85.2,2.68,0.098,10.77,Low
2123,WB-103,2026-09-08 17:51:42,163,158,120,29.2,40.2,5.71,0.3353,25.89,Moderate
2124,WB-108,2026-09-11 03:18:42,223,199,172,21.3,26.4,5.23,0.1088,10.93,Low
2125,WB-104,2026-09-29 21:09:42,224,204,167,43.7,60.2,2.33,0.091,8.18,Low
2126,WB-105,2026-09-22 04:46:42,197,182,167,33.5,42.1,1.02,0.1666,47.14,Moderate
2127,WB-107,2026-09-29 00:37:42,250,229,183,18.0,36.7,0.78,0.0019,1.07,Low
2128,WB-104,2026-09-30 17:22:42,133,118,93,22.7,67.2,7.93,0.4692,27.99,Moderate
2129,WB-109,2026-09-08 00:48:42,98,95,69,26.7,74.7,2.67,0.5913,85.4,High
2130,WB-108,2026-10-02 21:11:42,121,116,90,31.6,36.7,7.81,0.5068,35.19,Moderate
2131,WB-110,2026-09-08 09:56:42,186,168,132,31.0,21.4,6.34,0.2756,23.39,Moderate
2132,WB-102,2026-09-21 13:04:42,224,222,175,26.6,40.0,8.61,0.0812,4.2,Low
2133,WB-110,2026-09-18 22:20:42,228,209,174,21.0,76.8,1.46,0.0917,16.45,Low
2134,WB-101,2026-09-27 12:40:42,188,176,152,25.8,31.7,10.18,0.1998,10.76,Low
2135,WB-102,2026-09-28 11:16:42,185,178,143,23.8,36.0,7.91,0.2604,17.2,Low
2136,WB-102,2026-09-08 05:07:42,228,200,166,31.1,85.3,3.24,0.0963,6.63,Low
2137,WB-103,2026-09-25 00:38:42,99,101,72,17.0,55.7,11.53,0.5903,35.4,Moderate
2138,WB-106,2026-09-10 18:29:42,164,165,122,31.8,60.1,3.79,0.3248,29.97,Moderate
2139,WB-107,2026-09-21 14:56:42,247,221,190,16.5,49.7,2.6,0.0294,3.35,Low
2140,WB-102,2026-09-06 19:22:42,210,193,142,41.8,32.2,5.39,0.1657,11.23,Low
2141,WB-110,2026-09-30 03:21:42,169,154,128,22.8,67.5,7.42,0.325,17.66,Low
2142,WB-104,2026-10-03 04:16:42,218,213,176,19.5,21.7,9.62,0.108,7.17,Low
2143,WB-108,2026-09-15 06:54:42,185,176,138,22.4,35.0,6.79,0.2665,21.79,Moderate
2144,WB-104,2026-09-12 07:14:42,243,213,179,27.6,40.1,4.4,0.0367,3.78,Low
2145,WB-101,2026-09-12 01:19:42,111,110,83,29.2,79.4,11.89,0.5554,20.43,Moderate
2146,WB-103,2026-09-07 23:29:42,79,74,64,32.4,66.1,10.34,0.684,33.96,Moderate
2147,WB-107,2026-09-23 06:53:42,74,71,54,34.3,50.3,9.69,0.6964,41.01,Moderate
2148,WB-105,2026-09-26 00:50:42,178,187,141,31.3,30.3,9.9,0.2398,12.1,Low
2149,WB-101,2026-09-26 05:57:42,179,171,128,39.8,27.0,8.3,0.2867,15.75,Low
2150,WB-105,2026-09-20 18:24:42,188,167,138,34.9,87.0,7.27,0.2668,10.06,Low
2151,WB-109,2026-09-22 14:40:42,96,92,73,32.3,64.6,7.89,0.6034,33.65,Moderate
2152,WB-103,2026-09-26 10:50:42,94,92,71,29.1,70.2,5.68,0.6161,47.73,Moderate
2153,WB-108,2026-09-16 21:20:42,190,178,145,26.9,67.2,4.85,0.2494,17.41,Low
2154,WB-109,2026-09-04 23:08:42,61,63,44,27.0,64.7,10.37,0.7448,44.74,Moderate
2155,WB-101,2026-09-16 07:30:42,234,216,187,43.4,47.2,7.86,0.0395,1.41,Low
2156,WB-103,2026-10-01 17:16:42,239,223,188,35.6,85.8,7.08,0.0501,1.56,Low
2157,WB-106,2026-09-16 10:54:42,166,151,129,34.7,46.9,12.0,0.3167,11.1,Low
2158,WB-109,2026-09-13 17:42:42,196,183,153,35.7,68.9,2.0,0.2054,25.16,Moderate
2159,WB-106,2026-09-27 15:01:42,145,137,113,28.9,89.2,7.28,0.395,17.96,Low
2160,WB-106,2026-09-05 11:13:42,235,211,187,19.1,62.1,6.46,0.0463,3.01,Low
2161,WB-104,2026-09-18 09:34:42,197,194,157,16.4,58.5,11.94,0.1746,7.18,Low
2162,WB-101,2026-09-09 05:44:42,155,144,113,20.3,38.3,11.1,0.3659,21.43,Moderate
2163,WB-108,2026-10-01 19:27:42,195,201,151,38.2,47.9,11.9,0.1752,5.63,Low
2164,WB-104,2026-09-21 13:23:42,240,236,177,20.6,27.7,1.36,0.0271,10.16,Low
2165,WB-108,2026-10-04 16:45:42,243,224,169,36.7,35.8,6.22,0.0265,1.27,Low
2166,WB-103,2026-09-30 04:41:42,80,74,62,31.6,76.1,6.41,0.6783,47.54,Moderate
2167,WB-106,2026-09-29 03:06:42,238,239,176,24.4,29.0,2.28,0.0153,1.95,Low
2168,WB-108,2026-09-09 12:05:42,204,193,150,22.3,47.5,1.5,0.1622,39.84,Moderate
2169,WB-104,2026-09-12 18:07:42,232,207,163,43.6,83.7,1.85,0.0675,6.54,Low
2170,WB-108,2026-09-23 11:48:42,142,132,97,38.2,88.6,2.1,0.4276,47.35,Moderate
2171,WB-105,2026-09-20 10:58:42,194,196,143,25.1,76.3,1.73,0.1865,27.23,Moderate
2172,WB-110,2026-09-25 21:56:42,134,133,100,15.3,71.4,12.0,0.4269,19.62,Low
2173,WB-107,2026-10-03 00:04:42,129,113,95,44.8,35.6,4.73,0.4826,41.54,Moderate
2174,WB-110,2026-10-01 11:43:42,227,219,189,17.7,62.2,1.54,0.0578,12.24,Low
2175,WB-108,2026-09-09 01:33:42,191,179,133,32.1,39.3,6.57,0.2455,15.84,Low
2176,WB-105,2026-09-10 18:12:42,184,178,127,43.6,84.8,8.1,0.2712,8.27,Low
2177,WB-110,2026-09-20 09:33:42,203,208,161,40.4,77.9,10.94,0.1389,3.32,Low
2178,WB-106,2026-09-21 04:23:42,190,176,136,35.9,32.9,6.37,0.2499,16.48,Low
2179,WB-106,2026-09-20 12:26:42,236,215,188,39.7,50.2,9.52,0.0564,1.95,Low
2180,WB-107,2026-10-01 23:31:42,191,177,143,28.8,77.6,7.9,0.2506,10.43,Low
2181,WB-103,2026-09-16 19:30:42,123,119,91,18.7,38.9,11.45,0.4954,31.99,Moderate
2182,WB-104,2026-10-02 15:42:42,218,205,180,33.5,70.1,8.38,0.0976,3.44,Low
2183,WB-109,2026-09-06 23:19:42,179,174,128,35.5,63.8,8.27,0.2654,10.53,Low
2184,WB-102,2026-10-02 16:10:42,226,226,170,44.1,30.2,0.97,0.042,9.52,Low
2185,WB-103,2026-09-18 16:06:42,119,118,82,38.0,60.7,11.02,0.5179,19.56,Low
2186,WB-106,2026-09-15 11:31:42,222,210,178,15.6,28.4,2.35,0.0781,16.02,Low
2187,WB-109,2026-09-10 02:24:42,189,184,140,26.1,78.5,5.87,0.211,11.39,Low
2188,WB-101,2026-10-03 11:48:42,20,15,10,29.9,85.7,10.87,0.9339,77.34,High
2189,WB-108,2026-10-03 22:33:42,121,121,85,18.5,53.3,6.02,0.5013,49.09,Moderate
2190,WB-103,2026-09-16 11:26:42,216,210,152,26.1,39.1,5.32,0.1482,12.63,Low
2191,WB-108,2026-09-22 03:21:42,28,31,19,35.0,82.3,11.45,0.8799,46.59,Moderate
2192,WB-107,2026-09-09 04:17:42,103,104,79,27.4,23.4,10.05,0.5799,45.34,Moderate
2193,WB-105,2026-09-24 23:49:42,237,230,161,16.5,72.5,3.43,0.0587,5.16,Low
2194,WB-103,2026-09-28 02:13:42,168,156,125,19.7,49.0,3.99,0.3096,38.38,Moderate
2195,WB-104,2026-09-17 09:35:42,209,208,166,38.9,32.2,1.82,0.1297,21.79,Moderate
2196,WB-106,2026-09-12 22:15:42,58,59,45,39.4,56.5,8.76,0.76,47.2,Moderate
2197,WB-104,2026-09-22 17:29:42,201,181,144,34.9,77.7,3.81,0.1773,11.55,Low
2198,WB-107,2026-09-23 16:29:42,190,187,135,37.9,24.9,6.08,0.2269,16.99,Low
2199,WB-108,2026-09-14 15:47:42,214,223,165,30.2,57.8,1.1,0.0888,20.59,Moderate
2200,WB-109,2026-09-28 23:45:42,77,83,55,35.3,59.4,10.43,0.6754,33.18,Moderate
2201,WB-108,2026-09-27 08:54:42,213,195,159,23.5,40.1,3.19,0.1312,17.41,Low
2202,WB-104,2026-09-30 12:00:42,224,203,163,17.3,22.2,7.47,0.1018,9.1,Low
2203,WB-104,2026-09-05 01:49:42,118,114,86,26.2,47.9,2.42,0.5225,99.21,High
2204,WB-102,2026-09-09 09:53:42,220,219,161,45.0,40.4,2.31,0.0992,10.57,Low
2205,WB-106,2026-09-17 02:05:42,128,115,90,22.7,41.5,5.87,0.4848,48.01,Moderate
2206,WB-108,2026-09-28 08:26:42,155,137,121,34.6,77.0,9.9,0.3874,12.7,Low
2207,WB-104,2026-09-15 06:10:42,218,198,165,30.3,40.5,4.59,0.1252,10.78,Low
2208,WB-104,2026-09-28 14:34:42,232,230,179,18.5,43.4,5.99,0.0133,1.12,Low
2209,WB-104,2026-09-16 20:31:42,160,147,115,30.8,52.9,8.76,0.341,15.82,Low
2210,WB-110,2026-09-26 09:51:42,20,15,10,34.4,84.6,11.38,0.9313,83.59,High
2211,WB-110,2026-09-13 05:14:42,231,204,156,33.0,21.5,4.75,0.0761,7.07,Low
2212,WB-107,2026-09-20 07:31:42,63,55,48,31.3,68.1,9.89,0.7582,42.16,Moderate
2213,WB-105,2026-09-10 05:19:42,30,26,23,41.9,88.2,9.93,0.8791,46.78,Moderate
2214,WB-107,2026-09-19 01:14:42,165,150,111,27.2,25.3,7.38,0.3589,28.63,Moderate
2215,WB-110,2026-09-25 17:07:42,224,213,159,37.1,60.4,2.37,0.1039,10.24,Low
2216,WB-107,2026-09-22 00:57:42,94,92,77,24.7,29.2,5.94,0.6064,75.08,High
2217,WB-109,2026-09-17 05:20:42,245,230,183,36.4,67.4,0.69,0.0142,3.65,Low
2218,WB-108,2026-09-11 07:37:42,214,200,170,43.9,74.0,0.73,0.1056,24.46,Moderate
2219,WB-107,2026-09-24 12:48:42,153,146,110,23.6,34.6,7.18,0.3751,30.68,Moderate
2220,WB-102,2026-09-18 01:07:42,126,121,87,30.0,82.5,9.92,0.4754,18.15,Low
2221,WB-106,2026-10-01 17:52:42,79,71,50,36.5,76.1,7.22,0.7019,40.31,Moderate
2222,WB-102,2026-09-30 03:48:42,232,217,169,19.4,52.6,0.91,0.0622,22.61,Moderate
2223,WB-104,2026-09-05 17:50:42,184,168,141,42.2,72.5,2.24,0.2766,27.32,Moderate
2224,WB-110,2026-09-17 14:34:42,55,55,44,42.9,53.7,9.18,0.7601,43.55,Moderate
2225,WB-104,2026-09-05 02:33:42,214,201,154,32.4,77.9,4.09,0.1558,9.86,Low
2226,WB-102,2026-09-09 11:14:42,231,202,162,36.0,73.8,6.31,0.086,3.59,Low
2227,WB-102,2026-09-19 10:53:42,193,194,145,41.5,33.2,6.5,0.2021,12.22,Low
2228,WB-107,2026-09-06 05:24:42,211,211,171,41.4,30.6,1.44,0.1022,19.64,Low
2229,WB-102,2026-10-01 04:04:42,231,215,173,27.9,26.7,1.36,0.0474,11.62,Low
2230,WB-106,2026-09-29 22:21:42,43,44,30,17.7,86.0,10.08,0.8178,56.96,High
2231,WB-103,2026-09-14 08:14:42,137,136,97,26.5,37.2,7.48,0.4344,32.73,Moderate
2232,WB-109,2026-09-16 13:20:42,217,219,157,25.1,47.2,2.33,0.1012,14.94,Low
2233,WB-102,2026-10-03 09:07:42,105,103,83,43.6,73.7,2.8,0.5613,58.16,High
2234,WB-102,2026-09-29 07:03:42,85,80,61,26.8,86.6,9.26,0.6618,32.72,Moderate
2235,WB-106,2026-09-10 14:38:42,119,110,89,17.4,71.1,6.23,0.5151,41.82,Moderate
2236,WB-104,2026-09-14 17:40:42,213,206,165,43.4,25.7,1.76,0.1161,21.18,Moderate
2237,WB-103,2026-09-23 19:35:42,228,203,160,17.5,86.9,0.55,0.1055,42.76,Moderate
2238,WB-106,2026-09-21 07:06:42,193,174,136,24.7,52.3,6.74,0.2321,14.23,Low
2239,WB-104,2026-09-30 20:47:42,160,160,123,22.2,32.0,11.79,0.3329,18.03,Low
2240,WB-105,2026-09-14 01:01:42,216,208,153,36.4,21.9,2.56,0.1095,18.61,Low
2241,WB-105,2026-09-13 20:49:42,159,148,113,42.1,30.3,3.51,0.3669,41.55,Moderate
2242,WB-103,2026-09-09 19:25:42,244,215,184,20.9,76.4,1.6,0.0357,5.23,Low
2243,WB-105,2026-09-04 21:20:42,189,171,150,35.8,38.0,6.08,0.226,14.56,Low
2244,WB-109,2026-09-15 12:26:42,225,216,166,34.6,46.7,5.11,0.0874,5.04,Low
2245,WB-107,2026-09-30 19:20:42,238,222,183,21.6,67.6,4.14,0.0336,3.06,Low
2246,WB-101,2026-09-18 06:28:42,182,174,136,25.3,30.3,7.34,0.2284,16.64,Low
2247,WB-109,2026-09-21 23:06:42,170,158,136,21.6,89.9,9.77,0.2944,11.03,Low
2248,WB-108,2026-09-25 14:31:42,238,231,175,28.9,27.2,7.07,0.059,4.39,Low
2249,WB-110,2026-09-13 03:55:42,233,210,167,20.5,48.8,6.65,0.0651,3.92,Low
2250,WB-101,2026-09-06 03:16:42,197,192,156,29.8,56.4,7.59,0.2058,10.13,Low
2251,WB-105,2026-09-26 22:34:42,121,121,87,23.3,66.0,9.95,0.4822,22.65,Moderate
2252,WB-105,2026-09-26 09:38:42,38,31,27,20.9,65.5,8.24,0.8508,85.22,High
2253,WB-102,2026-09-14 05:52:42,133,138,96,35.8,78.6,7.21,0.4343,19.21,Low
2254,WB-101,2026-09-23 11:23:42,146,134,103,36.6,73.4,10.65,0.4144,13.56,Low
2255,WB-105,2026-09-26 10:18:42,241,225,164,41.8,23.3,9.19,0.0428,1.49,Low
2256,WB-109,2026-09-22 11:21:42,212,204,175,25.0,55.3,0.89,0.088,28.35,Moderate
2257,WB-103,2026-09-11 19:30:42,190,172,138,23.3,60.3,4.3,0.2363,21.01,Moderate
2258,WB-107,2026-09-26 22:30:42,157,145,124,21.9,87.9,8.09,0.3404,15.06,Low
2259,WB-105,2026-09-25 06:29:42,168,165,129,43.4,40.0,2.29,0.2946,40.34,Moderate
2260,WB-104,2026-09-17 16:16:42,242,226,183,34.5,47.6,8.33,0.0375,1.43,Low
2261,WB-106,2026-09-14 03:13:42,184,184,137,39.0,61.9,4.58,0.2486,16.33,Low
2262,WB-101,2026-09-22 00:51:42,218,216,152,30.3,44.0,5.52,0.1003,6.73,Low
2263,WB-110,2026-09-20 02:34:42,217,197,172,32.2,41.2,10.2,0.116,4.95,Low
2264,WB-106,2026-09-13 17:33:42,167,166,124,24.3,76.4,6.36,0.3238,18.98,Low
2265,WB-102,2026-09-10 00:32:42,166,162,121,28.2,80.5,2.1,0.3261,42.52,Moderate
2266,WB-102,2026-09-24 19:07:42,159,144,109,41.4,32.5,8.98,0.3726,18.47,Low
2267,WB-101,2026-09-17 04:08:42,248,234,178,23.2,53.1,0.71,0.0,0.81,Low
2268,WB-102,2026-09-25 14:41:42,73,73,55,16.3,67.4,10.71,0.6982,47.25,Moderate
2269,WB-104,2026-09-16 07:33:42,212,196,165,36.8,34.1,7.34,0.1515,8.23,Low
2270,WB-104,2026-09-28 05:49:42,25,27,19,39.6,64.1,9.54,0.8936,63.33,High
2271,WB-107,2026-09-23 01:17:42,239,225,174,28.5,72.0,0.74,0.0515,13.63,Low
2272,WB-110,2026-09-19 10:29:42,166,167,127,27.1,83.3,3.08,0.3111,30.58,Moderate
2273,WB-107,2026-09-07 18:18:42,198,205,144,24.0,43.5,1.57,0.1646,38.81,Moderate
2274,WB-108,2026-09-15 02:58:42,224,220,180,37.8,53.0,11.46,0.0691,1.85,Low
2275,WB-110,2026-10-02 14:17:42,202,189,154,23.4,34.7,7.57,0.1586,10.36,Low
2276,WB-104,2026-09-06 11:18:42,108,109,79,33.8,67.5,9.72,0.5545,24.13,Moderate
2277,WB-102,2026-09-24 09:33:42,86,81,67,31.3,80.4,11.62,0.6347,24.03,Moderate
2278,WB-107,2026-09-28 06:16:42,213,205,169,26.1,48.7,4.15,0.1403,12.34,Low
2279,WB-106,2026-09-27 05:23:42,229,229,174,34.9,28.5,9.09,0.0412,1.44,Low
2280,WB-110,2026-10-02 00:25:42,96,93,79,43.8,49.2,5.25,0.5978,45.6,Moderate
2281,WB-107,2026-09-19 10:42:42,223,221,175,36.0,33.3,4.14,0.0762,6.95,Low
2282,WB-107,2026-09-18 15:01:42,210,189,164,37.2,36.0,10.99,0.1687,6.32,Low
2283,WB-106,2026-09-18 00:24:42,239,208,166,40.5,32.9,1.7,0.0571,10.34,Low
2284,WB-108,2026-09-21 06:53:42,182,179,133,37.7,41.4,1.72,0.246,44.54,Moderate
2285,WB-108,2026-09-16 23:16:42,155,149,123,33.5,55.9,3.98,0.3654,32.47,Moderate
2286,WB-103,2026-09-05 03:25:42,219,213,173,17.2,75.9,6.88,0.0769,4.06,Low
2287,WB-107,2026-09-21 10:50:42,197,183,154,35.2,38.5,11.62,0.1993,7.55,Low
2288,WB-109,2026-09-10 22:49:42,75,71,58,30.6,51.3,9.6,0.704,45.31,Moderate
2289,WB-104,2026-09-14 02:10:42,135,132,98,27.4,71.3,5.58,0.4303,28.95,Moderate
2290,WB-108,2026-09-13 21:21:42,227,200,154,21.8,69.6,8.22,0.1093,5.13,Low
2291,WB-104,2026-10-04 14:54:42,206,188,145,22.6,89.9,3.57,0.1573,12.6,Low
2292,WB-109,2026-09-26 20:46:42,179,163,134,21.7,87.0,4.66,0.2783,19.32,Low
2293,WB-110,2026-09-22 02:16:42,218,197,155,40.5,60.3,4.1,0.1076,7.42,Low
2294,WB-110,2026-09-14 05:55:42,220,208,167,40.8,49.3,3.0,0.1198,11.9,Low
2295,WB-106,2026-09-21 15:02:42,214,205,179,31.9,75.3,3.32,0.1129,8.38,Low
2296,WB-108,2026-09-06 16:33:42,216,208,169,20.4,83.0,2.24,0.109,13.17,Low
2297,WB-106,2026-09-25 21:04:42,163,162,117,16.5,26.1,9.72,0.3412,27.45,Moderate
2298,WB-109,2026-09-13 01:46:42,194,181,157,31.7,84.9,4.96,0.195,10.57,Low
2299,WB-105,2026-09-19 15:33:42,237,229,180,20.6,58.3,7.82,0.0496,2.77,Low
2300,WB-103,2026-09-07 02:02:42,225,204,156,19.4,24.3,2.03,0.0886,21.46,Moderate
2301,WB-101,2026-09-11 05:13:42,189,181,145,32.8,26.1,3.0,0.2446,35.91,Moderate
2302,WB-109,2026-09-22 09:38:42,160,156,130,39.3,29.9,8.62,0.3314,17.9,Low
2303,WB-105,2026-10-01 01:26:42,214,212,174,44.4,37.0,11.5,0.102,3.33,Low
2304,WB-106,2026-10-03 21:06:42,235,226,175,38.8,33.9,3.37,0.0221,1.5,Low
2305,WB-102,2026-10-04 14:35:42,75,67,54,44.1,76.5,11.21,0.6986,24.98,Moderate
2306,WB-102,2026-09-21 04:58:42,152,143,111,29.3,43.4,10.67,0.3623,16.6,Low
2307,WB-109,2026-09-09 21:29:42,232,200,175,16.0,52.3,4.94,0.0894,6.94,Low
2308,WB-103,2026-09-07 20:05:42,178,181,134,18.4,40.9,9.95,0.2594,14.91,Low
2309,WB-105,2026-09-12 05:56:42,103,104,78,29.5,27.4,6.25,0.5705,59.9,High
2310,WB-103,2026-09-21 13:47:42,187,175,149,44.1,40.4,3.99,0.2162,16.29,Low
2311,WB-103,2026-09-26 07:47:42,155,138,119,42.5,86.4,3.63,0.3749,24.61,Moderate
2312,WB-110,2026-09-11 16:03:42,174,174,128,35.3,26.7,2.65,0.2704,42.02,Moderate
2313,WB-104,2026-09-22 04:27:42,174,164,131,37.7,66.2,4.7,0.3,18.64,Low
2314,WB-109,2026-09-09 22:34:42,239,224,166,23.2,57.0,4.01,0.0591,4.15,Low
2315,WB-104,2026-10-02 12:06:42,117,107,86,43.0,63.8,10.97,0.5243,17.78,Low
2316,WB-102,2026-09-28 10:57:42,236,220,166,17.1,89.2,3.38,0.0834,6.9,Low
2317,WB-101,2026-09-10 15:03:42,195,173,142,41.4,71.5,4.12,0.2305,13.45,Low
2318,WB-108,2026-09-08 08:41:42,99,99,73,42.0,87.9,2.99,0.5909,54.57,High
2319,WB-101,2026-09-24 21:51:42,222,199,173,28.5,42.8,3.75,0.1012,9.88,Low
2320,WB-106,2026-09-29 04:49:42,204,184,165,42.3,73.2,1.73,0.1707,20.83,Moderate
2321,WB-107,2026-09-23 04:21:42,237,219,187,23.3,35.7,0.57,0.0192,11.94,Low
2322,WB-108,2026-09-29 07:13:42,162,150,122,35.0,68.6,9.28,0.3492,12.92,Low
2323,WB-103,2026-09-22 01:06:42,204,193,163,39.5,81.2,2.92,0.1618,12.21,Low
2324,WB-107,2026-09-10 08:00:42,163,160,119,30.7,51.3,8.14,0.3377,17.65,Low
2325,WB-102,2026-09-28 15:20:42,220,215,176,43.3,23.0,5.13,0.0845,6.5,Low
2326,WB-105,2026-09-27 02:56:42,190,183,136,41.2,87.6,3.43,0.2176,13.12,Low
2327,WB-108,2026-09-22 12:30:42,47,46,36,29.4,71.6,10.62,0.8003,45.69,Moderate
2328,WB-102,2026-09-27 14:48:42,95,90,75,40.7,71.6,4.85,0.622,44.38,Moderate
2329,WB-107,2026-10-03 04:50:42,211,194,144,32.7,64.1,4.44,0.1737,11.33,Low
2330,WB-102,2026-09-11 21:08:42,221,219,174,15.6,65.0,0.88,0.0717,25.58,Moderate
2331,WB-104,2026-09-08 01:28:42,131,125,97,37.5,23.7,3.41,0.4751,70.73,High
2332,WB-108,2026-09-28 15:34:42,68,65,54,38.1,56.3,7.47,0.7223,48.81,Moderate
2333,WB-104,2026-09-04 19:43:42,201,196,161,36.1,22.3,1.83,0.1825,37.71,Moderate
2334,WB-107,2026-09-18 20:21:42,228,219,163,16.1,44.5,8.13,0.087,5.08,Low
2335,WB-104,2026-09-21 20:33:42,181,184,142,21.5,49.6,7.88,0.2436,15.5,Low
2336,WB-101,2026-09-30 11:40:42,237,207,182,34.3,75.8,2.69,0.0615,4.96,Low
2337,WB-110,2026-09-16 16:53:42,159,136,114,32.8,53.1,3.91,0.3764,34.07,Moderate
2338,WB-108,2026-10-03 18:11:42,206,193,150,21.0,54.3,0.63,0.1838,85.34,High
2339,WB-105,2026-09-28 18:18:42,214,221,164,21.6,45.3,3.49,0.0923,11.37,Low
2340,WB-106,2026-09-10 18:55:42,160,154,113,32.6,20.4,5.47,0.3308,32.16,Moderate
2341,WB-108,2026-09-08 14:56:42,223,205,179,38.6,38.7,1.59,0.0815,15.85,Low
2342,WB-106,2026-09-21 18:19:42,125,111,91,41.1,56.1,3.9,0.5062,43.91,Moderate
2343,WB-102,2026-09-20 01:13:42,216,199,157,25.8,62.8,4.68,0.1318,9.3,Low
2344,WB-105,2026-10-04 07:11:42,155,140,126,21.0,35.5,10.23,0.3584,21.77,Moderate
2345,WB-104,2026-09-05 14:44:42,157,143,108,17.7,68.6,11.16,0.3687,16.75,Low
2346,WB-101,2026-09-20 00:05:42,173,164,129,23.0,47.3,4.74,0.2695,26.15,Moderate
2347,WB-105,2026-10-04 11:14:42,119,113,84,16.6,87.1,2.43,0.5048,84.89,High
2348,WB-105,2026-09-22 03:52:42,241,215,170,25.4,64.7,6.2,0.0365,2.19,Low
2349,WB-107,2026-09-24 03:33:42,128,127,100,29.4,59.8,7.42,0.4614,26.42,Moderate
2350,WB-110,2026-09-23 22:03:42,214,219,170,35.5,20.5,3.4,0.1149,14.37,Low
2351,WB-107,2026-09-10 01:41:42,158,146,127,36.1,83.0,7.61,0.3646,14.35,Low
2352,WB-107,2026-09-08 07:34:42,205,181,139,27.4,28.2,7.67,0.1985,13.52,Low
2353,WB-106,2026-09-27 12:58:42,220,197,173,23.1,79.8,2.54,0.112,12.57,Low
2354,WB-104,2026-09-30 20:46:42,78,74,51,40.5,87.1,10.28,0.6969,26.34,Moderate
2355,WB-107,2026-09-06 16:34:42,138,135,114,24.7,83.6,2.65,0.4262,52.36,High
2356,WB-105,2026-09-07 10:36:42,238,225,168,28.6,25.6,3.46,0.0339,5.14,Low
2357,WB-104,2026-09-07 10:00:42,195,189,140,44.6,64.0,11.18,0.1998,5.16,Low
2358,WB-102,2026-09-12 03:40:42,178,166,121,44.5,24.5,8.36,0.2993,16.45,Low
2359,WB-108,2026-09-30 02:30:42,221,202,163,29.4,71.9,3.01,0.1388,13.03,Low
2360,WB-103,2026-09-24 23:21:42,199,190,162,44.1,25.4,4.37,0.1726,14.67,Low
2361,WB-107,2026-09-12 06:17:42,186,180,148,35.7,59.9,3.81,0.2246,16.66,Low
2362,WB-110,2026-09-20 04:27:42,186,176,146,42.5,37.4,4.66,0.2245,16.38,Low
2363,WB-106,2026-10-04 02:07:42,217,204,151,32.5,38.0,3.12,0.1378,15.65,Low
2364,WB-106,2026-10-04 04:20:42,167,156,129,23.6,28.7,3.81,0.3098,44.98,Moderate
2365,WB-109,2026-09-14 04:49:42,186,180,151,43.2,22.0,9.37,0.2116,10.31,Low
2366,WB-102,2026-09-08 09:46:42,238,211,187,16.7,66.6,6.09,0.0458,2.65,Low
2367,WB-104,2026-09-08 13:05:42,219,215,171,24.2,48.4,0.75,0.1072,41.35,Moderate
2368,WB-108,2026-10-02 10:02:42,135,132,96,37.8,37.2,10.42,0.4427,20.52,Moderate
2369,WB-101,2026-09-30 06:18:42,142,130,109,31.0,23.1,11.51,0.4133,22.96,Moderate
2370,WB-107,2026-09-08 11:30:42,159,155,113,15.4,63.7,10.94,0.3734,19.11,Low
2371,WB-105,2026-09-04 22:00:42,180,170,150,43.5,71.5,11.67,0.2436,5.93,Low
2372,WB-105,2026-09-10 12:25:42,104,97,81,34.5,24.0,10.45,0.563,35.73,Moderate
2373,WB-105,2026-09-15 01:19:42,150,147,115,21.5,33.8,10.72,0.3872,23.62,Moderate
2374,WB-103,2026-09-13 06:36:42,158,146,128,26.2,57.3,11.74,0.3405,13.59,Low
2375,WB-103,2026-09-18 20:00:42,129,112,104,22.2,83.8,3.82,0.4831,48.09,Moderate
2376,WB-101,2026-09-19 14:18:42,193,190,142,16.6,80.6,3.03,0.2169,24.92,Moderate
2377,WB-110,2026-09-22 12:33:42,192,170,136,21.9,45.3,10.97,0.2534,12.03,Low
2378,WB-101,2026-09-10 00:01:42,79,78,61,32.8,67.0,7.92,0.6688,39.04,Moderate
2379,WB-107,2026-09-11 23:39:42,177,159,123,19.5,50.4,11.23,0.2973,14.57,Low
2380,WB-105,2026-09-10 07:21:42,63,66,47,27.7,84.8,11.96,0.7299,31.72,Moderate
2381,WB-108,2026-09-14 22:41:42,48,50,33,17.6,40.9,10.14,0.7971,82.8,High
2382,WB-102,2026-09-13 03:40:42,243,227,180,18.0,62.4,6.33,0.0165,1.81,Low
2383,WB-101,2026-09-15 12:04:42,94,86,73,22.1,67.5,7.13,0.6202,45.51,Moderate
2384,WB-103,2026-09-28 03:47:42,162,156,126,43.3,45.7,8.14,0.3547,16.16,Low
2385,WB-109,2026-09-17 23:00:42,147,130,103,29.2,78.4,8.16,0.4123,18.06,Low
2386,WB-106,2026-09-27 23:26:42,175,175,140,15.5,50.0,5.23,0.2491,23.66,Moderate
2387,WB-102,2026-09-24 03:18:42,142,127,101,26.6,81.8,5.16,0.4331,28.41,Moderate
2388,WB-108,2026-09-23 22:53:42,238,217,173,24.0,46.0,1.4,0.0425,7.01,Low
2389,WB-107,2026-09-26 23:26:42,244,215,175,23.2,40.1,8.54,0.0411,2.35,Low
2390,WB-108,2026-09-28 21:12:42,139,119,97,37.6,38.7,9.76,0.4671,23.0,Moderate
2391,WB-103,2026-09-10 07:49:42,173,171,144,31.4,85.7,10.87,0.2688,7.84,Low
2392,WB-104,2026-09-05 23:19:42,215,218,171,18.1,37.0,1.93,0.0902,18.69,Low
2393,WB-108,2026-09-25 06:48:42,107,102,79,19.9,66.7,9.1,0.5576,33.81,Moderate
2394,WB-103,2026-09-09 05:35:42,58,60,41,18.1,84.5,9.93,0.7619,50.8,High
2395,WB-103,2026-09-08 16:55:42,158,150,117,28.4,20.9,5.99,0.3313,33.18,Moderate
2396,WB-102,2026-09-28 06:52:42,224,203,183,32.3,60.0,1.54,0.0707,10.87,Low
2397,WB-108,2026-09-25 23:56:42,229,228,184,25.5,37.9,8.8,0.0585,3.14,Low
2398,WB-105,2026-09-27 04:45:42,53,50,44,24.6,69.1,10.9,0.7813,48.59,Moderate
2399,WB-103,2026-09-14 21:18:42,86,86,70,35.4,50.8,11.4,0.6425,30.6,Moderate
2400,WB-103,2026-09-18 02:04:42,103,101,75,33.6,58.3,9.04,0.5774,29.3,Moderate
2401,WB-104,2026-10-01 21:45:42,113,107,79,38.2,70.1,6.86,0.5461,28.83,Moderate
2402,WB-101,2026-09-28 17:37:42,243,229,180,41.6,57.0,0.83,0.0142,5.22,Low
2403,WB-107,2026-09-23 07:09:42,154,151,114,34.3,42.2,1.77,0.3701,72.63,High
2404,WB-106,2026-09-07 08:24:42,215,204,159,25.4,64.5,2.95,0.1267,13.08,Low
2405,WB-109,2026-09-26 04:27:42,250,219,191,36.8,41.1,4.56,0.0092,1.1,Low
2406,WB-107,2026-10-01 20:10:42,203,181,152,44.3,21.0,4.24,0.1833,16.76,Low
2407,WB-107,2026-09-19 00:47:42,80,68,59,19.5,54.8,5.76,0.6976,82.72,High
2408,WB-101,2026-09-13 01:25:42,194,183,143,38.8,77.3,4.94,0.2295,12.11,Low
2409,WB-101,2026-09-26 22:37:42,216,229,166,35.6,89.0,2.09,0.0712,5.83,Low
2410,WB-102,2026-09-20 22:17:42,242,211,190,33.5,88.0,6.92,0.0405,1.18,Low
2411,WB-106,2026-09-18 14:21:42,195,202,156,26.8,37.7,11.1,0.1734,7.24,Low
2412,WB-109,2026-10-02 20:39:42,186,170,133,36.8,36.4,6.29,0.2436,16.33,Low
2413,WB-104,2026-09-30 13:01:42,220,197,159,35.6,58.4,7.37,0.1325,5.51,Low
2414,WB-106,2026-09-09 23:01:42,180,178,139,31.9,45.0,10.97,0.2606,10.01,Low
2415,WB-107,2026-09-15 09:10:42,202,192,143,44.7,44.4,9.26,0.1824,6.29,Low
2416,WB-110,2026-09-28 05:47:42,165,157,122,19.7,53.7,3.76,0.3099,36.94,Moderate
2417,WB-106,2026-09-26 04:05:42,154,147,128,33.5,41.8,4.53,0.358,32.14,Moderate
2418,WB-102,2026-09-26 14:07:42,242,217,185,40.9,43.7,1.63,0.0513,7.6,Low
2419,WB-108,2026-09-22 11:02:42,238,233,185,24.0,34.7,0.54,0.0223,12.01,Low
2420,WB-101,2026-09-13 02:29:42,164,150,120,25.5,29.2,7.33,0.3241,26.02,Moderate
2421,WB-109,2026-09-24 04:54:42,207,197,158,20.0,36.5,5.12,0.1571,15.85,Low
2422,WB-104,2026-09-16 15:25:42,175,161,138,25.4,45.7,5.74,0.2764,21.63,Moderate
2423,WB-102,2026-09-05 01:27:42,249,221,184,18.3,58.6,7.64,0.0136,0.59,Low
2424,WB-103,2026-09-10 09:58:42,225,205,179,33.2,22.4,2.15,0.0797,14.19,Low
2425,WB-102,2026-09-07 07:51:42,124,114,96,29.7,48.4,8.81,0.5024,28.72,Moderate
2426,WB-103,2026-09-11 12:24:42,223,219,176,16.6,83.6,10.51,0.0624,1.89,Low
2427,WB-110,2026-10-03 22:19:42,219,197,147,35.6,75.3,0.79,0.1437,34.24,Moderate
2428,WB-106,2026-09-25 04:05:42,144,136,106,34.6,58.1,8.12,0.4072,19.19,Low
2429,WB-102,2026-09-25 07:03:42,232,232,179,33.1,61.6,0.64,0.054,19.3,Low
2430,WB-107,2026-09-16 03:36:42,119,108,87,37.6,37.2,3.47,0.518,65.92,High
2431,WB-107,2026-09-13 04:06:42,171,157,121,40.5,76.2,1.66,0.3126,41.4,Moderate
2432,WB-108,2026-10-01 16:12:42,149,142,101,26.3,59.7,1.41,0.4112,96.72,High
2433,WB-108,2026-09-15 01:31:42,155,155,134,19.2,38.9,4.18,0.3378,44.8,Moderate
2434,WB-101,2026-09-15 16:22:42,221,208,173,17.4,22.4,11.28,0.124,7.85,Low
2435,WB-108,2026-09-23 09:26:42,44,39,36,38.9,30.8,6.69,0.8233,94.22,High
2436,WB-102,2026-10-03 01:45:42,233,227,175,27.5,58.2,2.41,0.0327,3.1,Low
2437,WB-104,2026-09-20 03:51:42,188,166,132,27.7,52.5,5.56,0.2445,17.18,Low
2438,WB-102,2026-09-08 19:46:42,177,178,136,25.9,73.9,4.46,0.2452,18.06,Low
2439,WB-107,2026-09-25 20:22:42,107,100,85,31.0,54.5,11.65,0.5768,25.84,Moderate
2440,WB-102,2026-09-05 22:37:42,171,162,136,44.3,58.3,8.54,0.2836,10.58,Low
2441,WB-103,2026-09-15 16:51:42,180,166,132,20.5,37.1,3.17,0.2883,45.5,Moderate
2442,WB-108,2026-09-29 00:23:42,232,226,180,30.1,40.6,1.12,0.0165,4.03,Low
2443,WB-110,2026-09-18 23:01:42,238,224,168,19.4,45.0,6.89,0.0478,2.98,Low
2444,WB-103,2026-09-18 13:26:42,193,174,154,23.3,59.2,8.99,0.2262,10.51,Low
2445,WB-108,2026-10-02 16:25:42,223,202,168,31.2,46.3,2.71,0.0996,11.49,Low
2446,WB-109,2026-09-22 10:07:42,201,192,147,33.6,79.5,3.17,0.1718,13.06,Low
2447,WB-109,2026-09-27 15:52:42,115,113,83,30.3,35.1,7.31,0.5407,42.5,Moderate
2448,WB-107,2026-09-18 10:17:42,107,102,75,23.9,46.2,5.35,0.5703,62.36,High
2449,WB-110,2026-09-05 14:26:42,87,83,74,23.3,60.1,9.26,0.6265,40.57,Moderate
2450,WB-107,2026-09-06 11:54:42,223,217,154,42.2,50.7,4.65,0.107,6.78,Low
2451,WB-108,2026-09-19 17:55:42,229,224,168,29.8,80.6,10.86,0.0379,0.98,Low
2452,WB-108,2026-09-08 06:47:42,67,63,48,36.6,76.4,11.88,0.7313,29.29,Moderate
2453,WB-102,2026-09-13 11:46:42,187,193,154,16.0,54.9,10.41,0.2095,10.54,Low
2454,WB-109,2026-09-12 14:27:42,143,145,122,20.9,65.0,5.06,0.3925,33.12,Moderate
2455,WB-104,2026-09-29 15:38:42,209,193,160,40.1,61.4,5.56,0.1386,6.91,Low
2456,WB-107,2026-09-27 02:06:42,153,146,115,19.9,67.2,11.41,0.3588,14.75,Low
2457,WB-107,2026-09-26 17:02:42,222,201,165,19.2,89.7,4.5,0.0927,6.54,Low
2458,WB-109,2026-09-23 17:08:42,227,232,184,25.3,67.9,8.96,0.0185,0.63,Low
2459,WB-103,2026-09-20 23:37:42,229,203,174,36.0,56.0,2.12,0.0982,11.61,Low
2460,WB-101,2026-10-01 06:41:42,113,107,88,31.9,60.6,6.74,0.532,34.58,Moderate
2461,WB-107,2026-09-05 14:43:42,144,139,105,27.5,77.5,8.89,0.4094,17.51,Low
2462,WB-105,2026-09-08 02:03:42,238,226,162,41.2,58.9,8.92,0.0457,1.29,Low
2463,WB-106,2026-09-13 03:15:42,77,74,58,26.6,66.4,8.6,0.6918,44.09,Moderate
2464,WB-102,2026-09-21 19:24:42,233,233,173,32.9,61.3,6.0,0.0197,0.66,Low
2465,WB-106,2026-09-06 20:03:42,232,226,169,15.9,48.7,0.81,0.0419,15.87,Low
2466,WB-106,2026-09-14 16:34:42,189,185,133,23.2,68.6,10.72,0.2225,8.59,Low
2467,WB-106,2026-09-14 16:27:42,209,191,164,40.1,28.5,4.58,0.1538,12.04,Low
2468,WB-102,2026-09-23 08:26:42,90,89,67,44.5,47.1,7.95,0.622,36.02,Moderate
2469,WB-105,2026-09-26 05:43:42,65,66,53,17.4,34.4,11.84,0.7243,63.6,High
2470,WB-103,2026-09-15 02:43:42,169,161,137,28.5,57.0,3.53,0.3011,30.72,Moderate
2471,WB-106,2026-09-10 13:22:42,236,213,178,20.1,76.3,3.39,0.0651,4.9,Low
2472,WB-105,2026-09-10 10:29:42,211,190,149,27.2,58.1,2.59,0.1339,15.7,Low
2473,WB-106,2026-09-09 20:15:42,222,227,185,27.0,56.5,6.43,0.0616,2.92,Low
2474,WB-104,2026-09-16 05:16:42,134,130,109,35.5,55.3,11.44,0.4369,15.99,Low
2475,WB-109,2026-10-03 02:54:42,183,176,132,24.6,73.0,9.52,0.268,10.91,Low
2476,WB-109,2026-09-28 20:20:42,199,192,154,32.2,83.6,0.91,0.2065,45.74,Moderate
2477,WB-104,2026-09-30 21:51:42,190,186,135,42.5,29.0,5.15,0.2164,16.16,Low
2478,WB-109,2026-09-12 14:54:42,202,200,168,32.0,46.8,1.03,0.1695,44.95,Moderate
2479,WB-105,2026-09-28 10:37:42,20,15,11,31.9,85.6,7.33,0.9302,97.68,High
2480,WB-103,2026-09-07 12:48:42,126,117,96,42.8,25.5,5.72,0.483,42.51,Moderate
2481,WB-105,2026-10-03 22:22:42,88,87,68,27.7,65.5,9.13,0.6419,36.26,Moderate
2482,WB-106,2026-09-07 22:30:42,125,124,89,44.2,55.2,10.35,0.4976,18.73,Low
2483,WB-102,2026-09-23 04:23:42,62,59,50,17.3,83.3,11.28,0.7488,44.47,Moderate
2484,WB-108,2026-09-24 02:01:42,128,128,96,21.6,64.3,9.42,0.4702,24.7,Moderate
2485,WB-106,2026-09-12 19:19:42,223,208,177,28.5,88.6,9.64,0.0915,2.68,Low
2486,WB-101,2026-09-23 20:06:42,85,83,56,15.0,84.5,9.96,0.6573,39.88,Moderate
2487,WB-108,2026-09-21 00:32:42,89,77,63,31.8,27.1,5.35,0.6451,79.54,High
2488,WB-102,2026-09-14 03:50:42,207,184,141,28.2,31.4,9.14,0.1776,9.86,Low
2489,WB-109,2026-09-17 13:39:42,177,164,128,38.0,33.7,2.3,0.3064,48.39,Moderate
2490,WB-110,2026-09-16 12:06:42,218,197,153,41.7,52.0,1.05,0.1323,27.09,Moderate
2491,WB-105,2026-09-25 03:49:42,104,105,78,16.4,83.1,11.47,0.5673,27.2,Moderate
2492,WB-110,2026-09-29 16:49:42,230,222,167,28.6,77.9,5.53,0.0711,3.82,Low
2493,WB-110,2026-09-25 17:25:42,244,223,182,42.4,54.2,2.93,0.0184,0.96,Low
2494,WB-105,2026-09-05 04:24:42,223,196,151,24.5,43.9,5.07,0.1175,8.48,Low
2495,WB-105,2026-09-15 14:04:42,235,239,186,30.3,36.4,10.59,0.026,0.89,Low
2496,WB-102,2026-09-18 16:22:42,218,209,157,40.3,38.2,8.01,0.1263,6.16,Low
2497,WB-106,2026-09-19 10:46:42,167,156,138,30.3,65.4,6.2,0.2996,16.95,Low
2498,WB-105,2026-09-15 21:22:42,202,190,142,27.7,26.0,7.38,0.1858,12.71,Low
2499,WB-105,2026-09-14 22:45:42,146,137,114,34.3,20.1,8.68,0.4254,30.27,Moderate
2500,WB-103,2026-09-17 09:48:42,151,156,118,28.2,63.8,2.46,0.3493,47.04,Moderate
